cell_0	0.33202624
cell_1	0.42281386
cell_2	0.92524886
cell_3	0.93778366
cell_4	0.33574554
cell_5	0.8566349
cell_6	0.85414296
cell_7	0.88067913
cell_8	0.9488071
cell_9	0.789547
cell_10	0.7385602
cell_11	0.70584154
cell_12	0.8664263000000001
cell_13	0.35977277
cell_14	0.9309113000000001
cell_15	0.7524633000000001
cell_16	0.79787487
cell_17	0.75077087
cell_18	0.7153165
cell_19	0.92452055
cell_20	0.8090006999999999
cell_21	0.92435306
cell_22	0.9102554
cell_23	0.69078773
cell_24	0.9616045
cell_25	0.037640005
cell_26	0.60267055
cell_27	0.03351699
cell_28	0.42133388
cell_29	0.9146556
cell_30	0.68613714
cell_31	0.8474067
cell_32	0.053873528
cell_33	0.9185790999999999
cell_34	0.94390917
cell_35	0.96124184
cell_36	0.52315664
cell_37	0.89769477
cell_38	0.93273157
cell_39	0.76070416
cell_40	0.95437694
cell_41	0.98010916
cell_42	0.9383876
cell_43	0.45586422
cell_44	0.8736693999999999
cell_45	0.9227844000000001
cell_46	0.5028785
cell_47	0.9516716000000001
cell_48	0.6741218000000001
cell_49	0.72916096
cell_50	0.4944081
cell_51	0.88078797
cell_52	0.80195856
cell_53	0.8966902
cell_54	0.40670133
cell_55	0.91068214
cell_56	0.33846366
cell_57	0.89219195
cell_58	0.9652328000000001
cell_59	0.8857025
cell_60	0.9147639999999999
cell_61	0.86907285
cell_62	0.13126079999999998
cell_63	0.34805232
cell_64	0.9573893
cell_65	0.49376276
cell_66	0.7944665
cell_67	0.9089146999999999
cell_68	0.5992221
cell_69	0.7765265
cell_70	0.89466876
cell_71	0.86933744
cell_72	0.84068877
cell_73	0.9356369000000001
cell_74	0.9023609
cell_75	0.91318995
cell_76	0.67939156
cell_77	0.88559985
cell_78	0.9158103000000001
cell_79	0.8523364999999999
cell_80	0.33708313
cell_81	0.92538345
cell_82	0.41362596
cell_83	0.573553
cell_84	0.7015383000000001
cell_85	0.9075287000000001
cell_86	0.9501206
cell_87	0.0
cell_88	0.92044175
cell_89	0.42010745
cell_90	0.9369267
cell_91	0.23646846
cell_92	0.12109765
cell_93	0.9435691999999999
cell_94	0.29569840000000003
cell_95	0.8378017
cell_96	0.6038834
cell_97	0.9706859
cell_98	0.14284913
cell_99	0.7806523
cell_100	0.8960841
cell_101	0.90984297
cell_102	0.9091777
cell_103	0.23256658
cell_104	0.9519991
cell_105	0.9143315000000001
cell_106	0.8857145000000001
cell_107	0.92897254
cell_108	0.5105699
cell_109	0.06670543599999999
cell_110	0.34781483
cell_111	0.6064198000000001
cell_112	0.8357860999999999
cell_113	0.95840704
cell_114	0.8852312
cell_115	0.8856063
cell_116	0.8898596999999999
cell_117	0.75602055
cell_118	0.849141
cell_119	0.32281935
cell_120	0.9129168
cell_121	0.9221212
cell_122	0.60759777
cell_123	0.10780611
cell_124	0.16004285
cell_125	0.8668585999999999
cell_126	0.9516626
cell_127	0.18424720000000003
cell_128	0.37018698
cell_129	0.8632496999999999
cell_130	0.22122575
cell_131	0.05013458
cell_132	0.94768107
cell_133	0.7130588000000001
cell_134	0.8085133000000001
cell_135	0.90726775
cell_136	0.9491961
cell_137	0.9598385
cell_138	0.9091886999999998
cell_139	0.80630976
cell_140	0.6669706999999999
cell_141	0.91364187
cell_142	0.90648466
cell_143	0.87277645
cell_144	0.47066462
cell_145	0.7960430000000001
cell_146	0.93532777
cell_147	0.26631382
cell_148	0.5564954000000001
cell_149	0.91558605
cell_150	0.95324415
cell_151	0.8951954
cell_152	0.89855564
cell_153	0.09284928
cell_154	0.9366662
cell_155	0.8931063
cell_156	0.9422273999999999
cell_157	0.7316106
cell_158	0.6911176
cell_159	0.7826541
cell_160	0.78617746
cell_161	0.8791818000000001
cell_162	0.62813765
cell_163	0.45137963
cell_164	0.017034221000000002
cell_165	0.89813465
cell_166	0.08731597
cell_167	0.8798662
cell_168	0.18822795
cell_169	0.8851979
cell_170	0.15877607
cell_171	0.9123375
cell_172	0.80514383
cell_173	0.914093
cell_174	0.049647345999999995
cell_175	0.98280305
cell_176	0.90897727
cell_177	0.5491585999999999
cell_178	0.45010933
cell_179	0.29665554
cell_180	0.42700323
cell_181	0.93432665
cell_182	0.86027837
cell_183	0.8828064
cell_184	0.31876597
cell_185	0.99240476
cell_186	0.946816
cell_187	0.8004147
cell_188	0.9248972
cell_189	0.90914965
cell_190	0.88149434
cell_191	0.7165703
cell_192	0.81798244
cell_193	0.9092654
cell_194	0.9862915999999999
cell_195	0.8307642
cell_196	0.90094376
cell_197	0.89278185
cell_198	0.7716406
cell_199	0.7071626999999999
cell_200	0.974642
cell_201	0.80089957
cell_202	0.8620933000000001
cell_203	0.59503406
cell_204	0.9663168
cell_205	0.8512536
cell_206	0.67706454
cell_207	0.8830346
cell_208	0.37575272
cell_209	0.9666825000000001
cell_210	0.806003
cell_211	0.20625262
cell_212	0.8665154
cell_213	0.96984553
cell_214	0.85786873
cell_215	0.38210127
cell_216	0.90131325
cell_217	0.9146393
cell_218	0.9628595999999999
cell_219	0.93758625
cell_220	0.41410553
cell_221	0.92534375
cell_222	0.86871165
cell_223	0.8832979999999999
cell_224	0.9370299999999999
cell_225	0.7862594
cell_226	0.46113000000000004
cell_227	0.53143805
cell_228	0.6953857
cell_229	0.36252552
cell_230	0.80973333
cell_231	0.15899497
cell_232	0.7947185
cell_233	0.9526275
cell_234	0.87821174
cell_235	0.87198913
cell_236	0.8466316999999999
cell_237	0.86643976
cell_238	0.14080013
cell_239	0.8391700000000001
cell_240	0.8993074000000001
cell_241	0.6434163
cell_242	0.8767509
cell_243	0.96863586
cell_244	0.8925058000000001
cell_245	0.8197266
cell_246	0.88989025
cell_247	0.31166079999999996
cell_248	0.9211004999999999
cell_249	0.85228425
cell_250	0.9112703000000001
cell_251	0.90972847
cell_252	0.9439834999999999
cell_253	0.67372304
cell_254	0.84020513
cell_255	0.68542045
cell_256	0.9307569
cell_257	0.85213464
cell_258	0.3365362
cell_259	0.7306864000000001
cell_260	0.8003781999999999
cell_261	0.7141509
cell_262	0.5784464
cell_263	0.87360436
cell_264	0.9345249
cell_265	0.44283792
cell_266	0.6550743
cell_267	0.9740255999999999
cell_268	0.6764277
cell_269	0.8714
cell_270	0.94967467
cell_271	0.94182914
cell_272	0.9370605
cell_273	0.5609704000000001
cell_274	0.9111187
cell_275	0.48932624
cell_276	0.79360116
cell_277	0.9512207
cell_278	0.92511106
cell_279	0.48694894
cell_280	0.66285294
cell_281	0.15714
cell_282	0.6945238
cell_283	0.46106514
cell_284	0.90010655
cell_285	0.8407438
cell_286	0.93226653
cell_287	0.9434518
cell_288	0.82274085
cell_289	0.37479725
cell_290	0.8928579
cell_291	0.9174511999999999
cell_292	0.94995195
cell_293	0.87346655
cell_294	0.8779286000000001
cell_295	0.19933994
cell_296	0.96642536
cell_297	0.6196186
cell_298	0.8104275
cell_299	0.91042656
cell_300	0.8851245000000001
cell_301	0.9247148999999999
cell_302	0.8526497
cell_303	0.91781443
cell_304	0.15640686
cell_305	0.95336825
cell_306	0.9187419
cell_307	0.90300786
cell_308	0.27292076
cell_309	0.8893861999999999
cell_310	0.9233745000000001
cell_311	0.8731141
cell_312	0.8886234000000001
cell_313	0.31611058
cell_314	0.8977924999999999
cell_315	0.9070664
cell_316	0.94935524
cell_317	0.91134155
cell_318	0.17338496
cell_319	0.73228866
cell_320	0.95215225
cell_321	0.540459
cell_322	0.71501607
cell_323	0.15475488
cell_324	0.90954006
cell_325	0.91908574
cell_326	0.92288417
cell_327	0.9260601
cell_328	0.10015891
cell_329	0.8765519
cell_330	0.77527153
cell_331	0.15667316
cell_332	0.30539164
cell_333	0.882187
cell_334	0.6597259
cell_335	0.88147527
cell_336	0.96993774
cell_337	0.6961607
cell_338	0.11135536
cell_339	0.92398036
cell_340	0.51320946
cell_341	0.9447771
cell_342	0.6867194999999999
cell_343	0.63567007
cell_344	0.41504756
cell_345	0.9007412
cell_346	0.5654406999999999
cell_347	0.6951088000000001
cell_348	0.8923179
cell_349	0.95467055
cell_350	0.87808627
cell_351	0.92200094
cell_352	0.92494255
cell_353	0.8633851
cell_354	0.8440747
cell_355	0.19872548
cell_356	0.61922187
cell_357	0.9703634
cell_358	0.79149365
cell_359	0.8880934000000001
cell_360	0.96399105
cell_361	0.67499995
cell_362	0.72350913
cell_363	0.7375074
cell_364	0.9705068000000001
cell_365	0.11800196
cell_366	0.08323581
cell_367	0.87992454
cell_368	0.947789
cell_369	0.3297634
cell_370	0.687026
cell_371	0.7094965999999999
cell_372	0.8655148000000001
cell_373	0.33218563
cell_374	0.87866086
cell_375	0.8889322000000001
cell_376	0.94151664
cell_377	0.5687101999999999
cell_378	0.9389754000000001
cell_379	0.20377378
cell_380	0.6927833000000001
cell_381	0.680589
cell_382	0.9142863000000001
cell_383	0.07349141
cell_384	0.88827133
cell_385	0.6464812
cell_386	0.6855131
cell_387	0.74379456
cell_388	0.925291
cell_389	0.28880456
cell_390	0.09825373
cell_391	0.8757140999999999
cell_392	0.3789165
cell_393	0.04493011
cell_394	0.9758405000000001
cell_395	0.85373104
cell_396	0.5326524
cell_397	0.9286121999999999
cell_398	0.9436904
cell_399	0.8621858
cell_400	0.94652575
cell_401	0.8891949
cell_402	0.9386690999999999
cell_403	0.79786104
cell_404	0.8576440000000001
cell_405	0.6923951
cell_406	0.73370796
cell_407	0.36259246
cell_408	0.89691484
cell_409	0.94799227
cell_410	0.14477754
cell_411	0.7006992
cell_412	0.8217291999999999
cell_413	0.90923524
cell_414	0.91234463
cell_415	0.8834888000000001
cell_416	0.7201647
cell_417	0.47164090000000003
cell_418	0.69748974
cell_419	0.9292264000000001
cell_420	0.5145549
cell_421	0.34861016
cell_422	0.7357369
cell_423	0.037203673
cell_424	0.084599815
cell_425	0.8623735999999999
cell_426	0.7499960999999999
cell_427	0.8468269
cell_428	0.13535899
cell_429	0.9632197
cell_430	0.41726774
cell_431	0.5245455
cell_432	0.98086196
cell_433	0.52752304
cell_434	0.72109497
cell_435	0.9151246
cell_436	0.89898884
cell_437	0.055496603
cell_438	0.77129865
cell_439	0.86810166
cell_440	0.8529037
cell_441	0.6906531
cell_442	0.9013880999999999
cell_443	0.92268276
cell_444	0.9448153
cell_445	0.82353014
cell_446	0.9531525
cell_447	0.8805786
cell_448	0.8923542
cell_449	0.9354726999999999
cell_450	0.87961936
cell_451	0.8964979
cell_452	0.9472841000000001
cell_453	0.80259115
cell_454	0.89379716
cell_455	0.62243336
cell_456	0.9291298000000001
cell_457	0.84345156
cell_458	0.93183637
cell_459	0.63110775
cell_460	0.9364653000000001
cell_461	0.9608001
cell_462	0.6918323000000001
cell_463	0.95218927
cell_464	0.072474256
cell_465	0.96812457
cell_466	0.8543417
cell_467	0.37684098
cell_468	0.92416865
cell_469	0.07989646
cell_470	0.9534378000000001
cell_471	0.83956647
cell_472	0.13737293
cell_473	0.101944156
cell_474	0.07314804
cell_475	0.8861388000000001
cell_476	0.19280948
cell_477	0.92089474
cell_478	0.92063427
cell_479	0.89784086
cell_480	0.89393765
cell_481	0.37521908
cell_482	0.4596205
cell_483	0.87969416
cell_484	0.9445385000000001
cell_485	0.91765743
cell_486	0.9242136000000001
cell_487	0.90617037
cell_488	0.9165941999999999
cell_489	0.8083209
cell_490	0.71006495
cell_491	0.049536947000000005
cell_492	0.87815976
cell_493	0.916834
cell_494	0.95900035
cell_495	0.6177755
cell_496	0.90600127
cell_497	0.872827
cell_498	0.12112875
cell_499	0.9441519
cell_500	0.9400860999999999
cell_501	0.86321443
cell_502	0.85537875
cell_503	0.8920005999999999
cell_504	0.8107635
cell_505	0.914758
cell_506	0.88492393
cell_507	0.8645940999999999
cell_508	0.29356748
cell_509	0.9149084000000001
cell_510	0.814925
cell_511	0.9153548
cell_512	0.36112252
cell_513	0.41854468
cell_514	0.91803825
cell_515	0.69058746
cell_516	0.6879276999999999
cell_517	0.3370681
cell_518	0.57120323
cell_519	0.93048066
cell_520	0.13679753
cell_521	0.94993013
cell_522	0.90738916
cell_523	0.5654146
cell_524	0.26009333
cell_525	0.94228655
cell_526	0.88600045
cell_527	0.88704425
cell_528	0.82758135
cell_529	0.91431534
cell_530	0.8918956
cell_531	0.79440576
cell_532	0.93090147
cell_533	0.91515684
cell_534	0.9458903000000001
cell_535	0.94181406
cell_536	0.57330704
cell_537	0.68824404
cell_538	0.92986685
cell_539	0.9462834000000001
cell_540	0.8875693000000001
cell_541	0.8423599
cell_542	0.9471291
cell_543	0.38887537
cell_544	0.7786838
cell_545	0.8832186
cell_546	0.9739933000000001
cell_547	0.9621359
cell_548	0.89096403
cell_549	0.20869999
cell_550	0.19710775
cell_551	0.8831926999999999
cell_552	0.93660617
cell_553	0.8953945
cell_554	0.82393336
cell_555	0.8266878000000001
cell_556	0.33718812
cell_557	0.84970385
cell_558	0.6153529000000001
cell_559	0.96913385
cell_560	0.9375788
cell_561	0.68205065
cell_562	0.8211243
cell_563	0.43027255
cell_564	0.27640653
cell_565	0.9454657
cell_566	0.92534333
cell_567	0.92687625
cell_568	0.086034514
cell_569	0.90478146
cell_570	0.3258586
cell_571	0.4170893
cell_572	0.85572743
cell_573	0.83352506
cell_574	0.7208133000000001
cell_575	0.89089215
cell_576	0.88450474
cell_577	0.5996991
cell_578	0.9517947
cell_579	0.5412326
cell_580	0.5924539000000001
cell_581	0.85791683
cell_582	0.09967548400000001
cell_583	0.9563491
cell_584	0.5103818
cell_585	0.92601967
cell_586	0.8864003
cell_587	0.7362489999999999
cell_588	0.9650065000000001
cell_589	0.9490811
cell_590	0.7240647
cell_591	0.9620857
cell_592	0.9231236999999999
cell_593	0.9706754999999999
cell_594	0.62346387
cell_595	0.76509565
cell_596	0.9400514999999999
cell_597	0.9138796999999999
cell_598	0.9516904
cell_599	0.89938444
cell_600	0.17210466
cell_601	0.96399343
cell_602	0.57109463
cell_603	0.05945122
cell_604	0.77772075
cell_605	0.15981793
cell_606	0.4398776
cell_607	0.15607023
cell_608	0.9146898000000001
cell_609	0.7503774000000001
cell_610	0.9683853000000001
cell_611	0.8887301
cell_612	0.9302714
cell_613	0.05644448
cell_614	0.8906540000000001
cell_615	0.052439812999999995
cell_616	0.8574255
cell_617	0.24231987
cell_618	0.81678057
cell_619	0.92385876
cell_620	0.3574746
cell_621	0.97414035
cell_622	0.98165464
cell_623	0.7045409
cell_624	0.6652888000000001
cell_625	0.6730375
cell_626	0.90320206
cell_627	0.8606540000000001
cell_628	0.84665877
cell_629	0.3928027
cell_630	0.1531254
cell_631	0.90666515
cell_632	0.52009434
cell_633	0.90170527
cell_634	0.92651695
cell_635	0.7977835999999999
cell_636	0.36852562
cell_637	0.93493456
cell_638	0.87903756
cell_639	0.8869144
cell_640	0.82796854
cell_641	0.8531472
cell_642	0.09684379
cell_643	0.93261594
cell_644	0.54780716
cell_645	0.93499947
cell_646	0.9275405999999999
cell_647	0.9326065
cell_648	0.5729779
cell_649	0.8017869000000001
cell_650	0.7401251
cell_651	0.88385844
cell_652	0.64553505
cell_653	0.91486216
cell_654	0.2892185
cell_655	0.6262161
cell_656	0.88757205
cell_657	0.8725381
cell_658	0.35830685
cell_659	0.8894357
cell_660	0.9150028
cell_661	0.8567705
cell_662	0.93167937
cell_663	0.6029542
cell_664	0.93819463
cell_665	0.8577826999999999
cell_666	0.14005892
cell_667	0.91423786
cell_668	0.27320534
cell_669	0.6888696999999999
cell_670	0.93355346
cell_671	0.8359194999999999
cell_672	0.81215537
cell_673	0.47673530000000003
cell_674	0.5319547
cell_675	0.82686293
cell_676	0.3544877
cell_677	0.28838420000000003
cell_678	0.926407
cell_679	0.5450765000000001
cell_680	0.94832283
cell_681	0.96700925
cell_682	0.9330789
cell_683	0.6180245
cell_684	0.92767954
cell_685	0.9153429
cell_686	0.59218323
cell_687	0.8623884
cell_688	0.13007037
cell_689	0.9020165000000001
cell_690	0.36643526
cell_691	0.19434626
cell_692	0.25472194
cell_693	0.9420804
cell_694	0.8981341
cell_695	0.34569818
cell_696	0.21832606
cell_697	0.5660008000000001
cell_698	0.94471735
cell_699	0.9605396999999999
cell_700	0.20145334
cell_701	0.9194074000000001
cell_702	0.9473314
cell_703	0.9266721
cell_704	0.851167
cell_705	0.15167978
cell_706	0.8533298
cell_707	0.83262604
cell_708	0.88716894
cell_709	0.8463431999999999
cell_710	0.09233052
cell_711	0.2293826
cell_712	0.86167264
cell_713	0.9401168
cell_714	0.8892226000000001
cell_715	0.7920869
cell_716	0.92147523
cell_717	0.6458983
cell_718	0.24346910000000002
cell_719	0.16046278
cell_720	0.6622026
cell_721	0.23211995
cell_722	0.9212915999999999
cell_723	0.41808042
cell_724	0.8905930000000001
cell_725	0.51955414
cell_726	0.18599583
cell_727	0.90155286
cell_728	0.96893924
cell_729	0.9172943000000001
cell_730	0.89401895
cell_731	0.84564716
cell_732	0.94913965
cell_733	0.8874564
cell_734	0.9596687
cell_735	0.26149443
cell_736	0.86594915
cell_737	0.6858013000000001
cell_738	0.9404515999999999
cell_739	0.9505315000000001
cell_740	0.9228559000000001
cell_741	0.4452656
cell_742	0.8834152
cell_743	0.8473086999999999
cell_744	0.89234495
cell_745	0.8867948
cell_746	0.56561327
cell_747	0.580038
cell_748	0.4397321
cell_749	0.8333809000000001
cell_750	0.34738259999999993
cell_751	0.30884314
cell_752	0.33690235
cell_753	0.81403923
cell_754	0.7866515000000001
cell_755	0.44296306
cell_756	0.5290989
cell_757	0.80887204
cell_758	0.86912584
cell_759	0.8607652
cell_760	0.9168270000000001
cell_761	0.9234687
cell_762	0.90867144
cell_763	0.42690432
cell_764	0.9292653000000001
cell_765	0.8130518
cell_766	0.9516962
cell_767	0.34135833
cell_768	0.850118
cell_769	0.9740234
cell_770	0.89843583
cell_771	0.8149145999999999
cell_772	0.6201205
cell_773	0.7229336
cell_774	0.6793725
cell_775	0.8129614000000001
cell_776	0.5674256
cell_777	0.8457504000000001
cell_778	0.3641162
cell_779	0.8766596999999999
cell_780	0.20057042
cell_781	0.88663644
cell_782	0.6701009
cell_783	0.81798357
cell_784	0.71321297
cell_785	0.9477677
cell_786	0.40339208
cell_787	0.8927132
cell_788	0.35975382
cell_789	0.14755020000000002
cell_790	0.6329985
cell_791	0.21647559
cell_792	0.9369683000000001
cell_793	0.760444
cell_794	0.9400678
cell_795	0.8364524999999999
cell_796	0.9456981
cell_797	0.84112674
cell_798	0.91549665
cell_799	0.79012024
cell_800	0.41908434
cell_801	0.14714232
cell_802	0.79977363
cell_803	0.8923806999999999
cell_804	0.1338709
cell_805	0.42167740000000004
cell_806	0.4891636
cell_807	0.95264065
cell_808	0.59385407
cell_809	0.9248963
cell_810	0.8803120999999999
cell_811	0.88431406
cell_812	0.68230927
cell_813	0.6529133
cell_814	0.92585725
cell_815	0.6955533
cell_816	0.6362619
cell_817	0.8029974
cell_818	0.80822474
cell_819	0.68258417
cell_820	0.94324434
cell_821	0.9111389000000001
cell_822	0.8145864
cell_823	0.51830053
cell_824	0.82234406
cell_825	0.9487124
cell_826	0.5170835
cell_827	0.7585527
cell_828	0.8883888000000001
cell_829	0.8504676999999999
cell_830	0.82611644
cell_831	0.7019784
cell_832	0.10637643
cell_833	0.8957120000000001
cell_834	0.54733455
cell_835	0.8101391
cell_836	0.6690721
cell_837	0.14950824
cell_838	0.8373002
cell_839	0.15068026
cell_840	0.90320146
cell_841	0.8927446
cell_842	0.08327353
cell_843	0.6509238
cell_844	0.4217579000000001
cell_845	0.84578973
cell_846	0.83970076
cell_847	0.78670454
cell_848	0.91815215
cell_849	0.47236478
cell_850	0.16671616
cell_851	0.9465898000000001
cell_852	0.90727943
cell_853	0.9677912000000001
cell_854	0.5126323
cell_855	0.96509874
cell_856	0.860461
cell_857	0.8402470999999999
cell_858	0.91448855
cell_859	0.9178733
cell_860	0.06515144
cell_861	0.40007478
cell_862	0.5033350999999999
cell_863	0.6741218000000001
cell_864	0.9295535
cell_865	0.32112026
cell_866	0.914668
cell_867	0.83873093
cell_868	0.9333370999999999
cell_869	0.29595304
cell_870	0.9700228999999999
cell_871	0.9628914000000001
cell_872	0.6857671999999999
cell_873	0.9337049000000001
cell_874	0.9127799000000001
cell_875	0.52037597
cell_876	0.83355963
cell_877	0.6900541
cell_878	0.8805725000000001
cell_879	0.85699856
cell_880	0.6529587
cell_881	0.17048675
cell_882	0.5213334
cell_883	0.95844036
cell_884	0.050558396
cell_885	0.49430272
cell_886	0.8876765999999999
cell_887	0.7290895000000001
cell_888	0.8795946
cell_889	0.9264565
cell_890	0.91316456
cell_891	0.94520164
cell_892	0.5327246999999999
cell_893	0.82525676
cell_894	0.69890916
cell_895	0.25218153
cell_896	0.78488153
cell_897	0.89065367
cell_898	0.92507976
cell_899	0.93236953
cell_900	0.78048193
cell_901	0.96235585
cell_902	0.9253431999999999
cell_903	0.88609785
cell_904	0.84226733
cell_905	0.73628926
cell_906	0.052061502
cell_907	0.9508960999999999
cell_908	0.7885468000000001
cell_909	0.79697794
cell_910	0.8874177
cell_911	0.8879686
cell_912	0.9159546999999999
cell_913	0.23273866
cell_914	0.6933381
cell_915	0.9319976999999999
cell_916	0.8900248
cell_917	0.8537351999999999
cell_918	0.8414004999999999
cell_919	0.9197919
cell_920	0.35457283
cell_921	0.81529146
cell_922	0.9179484
cell_923	0.9369118000000001
cell_924	0.9087619
cell_925	0.46196708
cell_926	0.9517413
cell_927	0.91077715
cell_928	0.82437277
cell_929	0.36182263
cell_930	0.82646066
cell_931	0.9410501
cell_932	0.78956246
cell_933	0.623258
cell_934	0.7817249
cell_935	0.8982519
cell_936	0.15442360000000002
cell_937	0.9278569
cell_938	0.37912690000000004
cell_939	0.82467085
cell_940	0.8089786999999999
cell_941	0.7986553000000001
cell_942	0.323743
cell_943	0.8940719000000001
cell_944	0.7161483000000001
cell_945	0.72248113
cell_946	0.89286095
cell_947	0.55165064
cell_948	0.9170064
cell_949	0.6662967
cell_950	0.9304171
cell_951	0.085511155
cell_952	0.33333033
cell_953	0.85768044
cell_954	0.9081868000000001
cell_955	0.9108678
cell_956	0.6575239
cell_957	0.87966734
cell_958	0.8890469999999999
cell_959	0.87727976
cell_960	0.56126994
cell_961	0.94890755
cell_962	0.35475525
cell_963	0.9408581
cell_964	0.76368165
cell_965	0.6962003000000001
cell_966	0.46004283
cell_967	0.8117943
cell_968	0.9547491
cell_969	0.95078707
cell_970	0.90769416
cell_971	0.9306377
cell_972	0.9032062
cell_973	0.7958853
cell_974	0.9253572
cell_975	0.9565718000000001
cell_976	0.954391
cell_977	0.91919583
cell_978	0.78144455
cell_979	0.8572361
cell_980	0.9183271999999999
cell_981	0.86483335
cell_982	0.48533407
cell_983	0.10447311
cell_984	0.89831066
cell_985	0.08145707
cell_986	0.37193555
cell_987	0.8705444999999999
cell_988	0.5551718000000001
cell_989	0.8383623
cell_990	0.8927941999999999
cell_991	0.22910377
cell_992	0.90460956
cell_993	0.919365
cell_994	0.9309516999999999
cell_995	0.8975539
cell_996	0.5632145000000001
cell_997	0.7568869
cell_998	0.9436553
cell_999	0.66300905
cell_1000	0.71820104
cell_1001	0.13606043
cell_1002	0.8432554
cell_1003	0.9529299999999999
cell_1004	0.8839093000000001
cell_1005	0.8437877
cell_1006	0.7074471
cell_1007	0.6703477
cell_1008	0.8120622
cell_1009	0.6391511999999999
cell_1010	0.8979381999999999
cell_1011	0.9155403
cell_1012	0.94555444
cell_1013	0.8798568000000001
cell_1014	0.9280863000000001
cell_1015	0.6554973000000001
cell_1016	0.7623293000000001
cell_1017	0.7014246999999999
cell_1018	0.97285956
cell_1019	0.93412447
cell_1020	0.9454136999999999
cell_1021	0.6799396
cell_1022	0.88499564
cell_1023	0.29477
cell_1024	0.22903684
cell_1025	0.5147204000000001
cell_1026	0.8788056000000001
cell_1027	0.08103144
cell_1028	0.90069705
cell_1029	0.8200245999999999
cell_1030	0.16814847
cell_1031	0.055666855999999994
cell_1032	0.9572723
cell_1033	0.68968433
cell_1034	0.5228652
cell_1035	0.6186334
cell_1036	0.8160648
cell_1037	0.88462126
cell_1038	0.9422659999999999
cell_1039	0.7343907
cell_1040	0.7954060000000001
cell_1041	0.9779249
cell_1042	0.8637375
cell_1043	0.6735949000000001
cell_1044	0.8724120999999999
cell_1045	0.1569564
cell_1046	0.31493837
cell_1047	0.8710945999999999
cell_1048	0.95116293
cell_1049	0.87403923
cell_1050	0.8530396
cell_1051	0.81775874
cell_1052	0.89285856
cell_1053	0.34906837
cell_1054	0.9598033000000001
cell_1055	0.94582486
cell_1056	0.729032
cell_1057	0.971994
cell_1058	0.68098277
cell_1059	0.9242695
cell_1060	0.61124897
cell_1061	0.9092898000000001
cell_1062	0.9197755
cell_1063	0.8050059
cell_1064	0.8485870000000001
cell_1065	0.68525577
cell_1066	0.9333435999999999
cell_1067	0.67133
cell_1068	0.56798095
cell_1069	0.05600403599999999
cell_1070	0.35471877
cell_1071	0.8005029
cell_1072	0.840875
cell_1073	0.93696404
cell_1074	0.6611454000000001
cell_1075	0.9485716999999999
cell_1076	0.55231625
cell_1077	0.8414171999999999
cell_1078	0.9082134
cell_1079	0.8882885
cell_1080	0.87368214
cell_1081	0.80692154
cell_1082	0.89720476
cell_1083	0.27383402
cell_1084	0.8491931
cell_1085	0.9578718
cell_1086	0.95164484
cell_1087	0.8784903000000001
cell_1088	0.6995463000000001
cell_1089	0.9348398000000001
cell_1090	0.6962012
cell_1091	0.09131423
cell_1092	0.8639726000000001
cell_1093	0.9705806
cell_1094	0.95555055
cell_1095	0.9249144
cell_1096	0.8947232
cell_1097	0.24440852
cell_1098	0.653458
cell_1099	0.34725067
cell_1100	0.38457632
cell_1101	0.87678283
cell_1102	0.73059076
cell_1103	0.89182466
cell_1104	0.91560924
cell_1105	0.7753238
cell_1106	0.8395982
cell_1107	0.59060097
cell_1108	0.28431672
cell_1109	0.067826085
cell_1110	0.8256392
cell_1111	0.07202844
cell_1112	0.91480386
cell_1113	0.91627043
cell_1114	0.8492449000000001
cell_1115	0.93032146
cell_1116	0.9641127
cell_1117	0.64256054
cell_1118	0.68619543
cell_1119	0.6741218000000001
cell_1120	0.08650022
cell_1121	0.56148297
cell_1122	0.8585815
cell_1123	0.86567366
cell_1124	0.34991348
cell_1125	0.9003937
cell_1126	0.9034072
cell_1127	0.70645285
cell_1128	0.9312642
cell_1129	0.9783348
cell_1130	0.36281118
cell_1131	0.5984705
cell_1132	0.9085638
cell_1133	0.47851914
cell_1134	0.8458431999999999
cell_1135	0.7148879
cell_1136	0.88238686
cell_1137	0.8800505999999999
cell_1138	0.7871753
cell_1139	0.7727672
cell_1140	0.7854371
cell_1141	0.8642078000000001
cell_1142	0.85504216
cell_1143	0.976239
cell_1144	0.88200545
cell_1145	0.7353279
cell_1146	0.9451267
cell_1147	0.8940332000000001
cell_1148	0.89588636
cell_1149	0.7473247
cell_1150	0.49837506
cell_1151	0.9252858
cell_1152	0.95489883
cell_1153	0.9045700000000001
cell_1154	0.09514318
cell_1155	0.41906786
cell_1156	0.8865368
cell_1157	0.35262418
cell_1158	0.49199719999999997
cell_1159	0.9246665999999999
cell_1160	0.8970465
cell_1161	0.26694027
cell_1162	0.51633614
cell_1163	0.3602889
cell_1164	0.3526915
cell_1165	0.9235037
cell_1166	0.78654844
cell_1167	0.9078659
cell_1168	0.8924393
cell_1169	0.43008274
cell_1170	0.9499960999999999
cell_1171	0.5447284
cell_1172	0.85316837
cell_1173	0.3345817
cell_1174	0.05390960400000001
cell_1175	0.5109007999999999
cell_1176	0.837242
cell_1177	0.8596333
cell_1178	0.58093524
cell_1179	0.8794155
cell_1180	0.8225409
cell_1181	0.6644713000000001
cell_1182	0.8794221999999999
cell_1183	0.9319291
cell_1184	0.90803295
cell_1185	0.80955356
cell_1186	0.24797672
cell_1187	0.1585103
cell_1188	0.87438625
cell_1189	0.56376356
cell_1190	0.8989370000000001
cell_1191	0.8666688
cell_1192	0.5596777
cell_1193	0.9593025
cell_1194	0.9699601000000001
cell_1195	0.9111011999999998
cell_1196	0.9636531999999999
cell_1197	0.6195682
cell_1198	0.8650983
cell_1199	0.8338027
cell_1200	0.6711168000000001
cell_1201	0.8087857
cell_1202	0.08981624
cell_1203	0.66795146
cell_1204	0.9239620999999999
cell_1205	0.87440735
cell_1206	0.9281165000000001
cell_1207	0.28633967
cell_1208	0.8595011999999999
cell_1209	0.91830826
cell_1210	0.91212475
cell_1211	0.338428
cell_1212	0.6952229
cell_1213	0.8074073
cell_1214	0.9436825999999999
cell_1215	0.9338477
cell_1216	0.85376835
cell_1217	0.40047693
cell_1218	0.6159492
cell_1219	0.67693084
cell_1220	0.769779
cell_1221	0.96294636
cell_1222	0.38536772
cell_1223	0.8025373
cell_1224	0.6233602
cell_1225	0.9050902
cell_1226	0.90419835
cell_1227	0.9434059000000001
cell_1228	0.91378593
cell_1229	0.7246213
cell_1230	0.77518296
cell_1231	0.41289356
cell_1232	0.35516572
cell_1233	0.09344153
cell_1234	0.84143394
cell_1235	0.9115787000000001
cell_1236	0.54736626
cell_1237	0.43055907
cell_1238	0.7953534999999999
cell_1239	0.33613634
cell_1240	0.95296866
cell_1241	0.93525475
cell_1242	0.03534763
cell_1243	0.9710816999999999
cell_1244	0.90274084
cell_1245	0.9519867
cell_1246	0.50723475
cell_1247	0.5154628
cell_1248	0.47309929999999994
cell_1249	0.9115231
cell_1250	0.9252433000000001
cell_1251	0.92836297
cell_1252	0.71778744
cell_1253	0.47229746
cell_1254	0.93917006
cell_1255	0.06350853
cell_1256	0.23948802
cell_1257	0.907224
cell_1258	0.64762896
cell_1259	0.17549768
cell_1260	0.8164227
cell_1261	0.9075976999999998
cell_1262	0.87062293
cell_1263	0.33009234
cell_1264	0.819842
cell_1265	0.3267682
cell_1266	0.68455464
cell_1267	0.41207390000000005
cell_1268	0.88296974
cell_1269	0.32042506
cell_1270	0.36132228
cell_1271	0.35088759999999997
cell_1272	0.7855608000000001
cell_1273	0.88501054
cell_1274	0.8746202
cell_1275	0.9140683000000001
cell_1276	0.9052183000000001
cell_1277	0.94127524
cell_1278	0.037681766
cell_1279	0.9909165999999999
cell_1280	0.9190514999999999
cell_1281	0.51744205
cell_1282	0.8657241
cell_1283	0.94582886
cell_1284	0.41373999999999994
cell_1285	0.024614805
cell_1286	0.87357646
cell_1287	0.761175
cell_1288	0.6439095
cell_1289	0.64499307
cell_1290	0.93497735
cell_1291	0.8593848
cell_1292	0.16466364
cell_1293	0.9476065999999999
cell_1294	0.86765885
cell_1295	0.49921048
cell_1296	0.29779175
cell_1297	0.05890189
cell_1298	0.7665967
cell_1299	0.96555024
cell_1300	0.80284494
cell_1301	0.9410705
cell_1302	0.96704173
cell_1303	0.5892388000000001
cell_1304	0.7846666
cell_1305	0.9479099
cell_1306	0.6001098000000001
cell_1307	0.90058696
cell_1308	0.49641928
cell_1309	0.8309388000000001
cell_1310	0.80993295
cell_1311	0.71190447
cell_1312	0.8964088
cell_1313	0.9153043
cell_1314	0.9392193000000001
cell_1315	0.8847084000000001
cell_1316	0.9979085999999999
cell_1317	0.88295597
cell_1318	0.7063524999999999
cell_1319	0.4690601
cell_1320	0.5613663000000001
cell_1321	0.7024271
cell_1322	0.77920437
cell_1323	0.71753746
cell_1324	0.82461995
cell_1325	0.8260795
cell_1326	0.48824698
cell_1327	0.05455043
cell_1328	0.9360229999999999
cell_1329	0.6943673
cell_1330	0.5484057
cell_1331	0.07347266
cell_1332	0.08531034
cell_1333	0.8858611999999999
cell_1334	0.10142492
cell_1335	0.7130458000000001
cell_1336	0.09759349
cell_1337	0.8696412
cell_1338	0.98936516
cell_1339	0.6547148
cell_1340	0.90377855
cell_1341	0.5494374
cell_1342	0.73241293
cell_1343	0.5863079000000001
cell_1344	0.3907309
cell_1345	0.8753690000000001
cell_1346	0.79135895
cell_1347	0.6882149999999999
cell_1348	0.84345424
cell_1349	0.77878594
cell_1350	0.92352647
cell_1351	0.86961627
cell_1352	0.57439554
cell_1353	0.7131476999999999
cell_1354	0.84229624
cell_1355	0.895225
cell_1356	0.09024079
cell_1357	0.97245216
cell_1358	0.6649946999999999
cell_1359	0.855525
cell_1360	0.8569711
cell_1361	0.69325954
cell_1362	0.9003841
cell_1363	0.961065
cell_1364	0.91116244
cell_1365	0.9712105999999999
cell_1366	0.42865637
cell_1367	0.9611527
cell_1368	0.6779275
cell_1369	0.9439636
cell_1370	0.90624857
cell_1371	0.88922715
cell_1372	0.84843475
cell_1373	0.9731798
cell_1374	0.8566787
cell_1375	0.8130398
cell_1376	0.7817274999999999
cell_1377	0.7978863
cell_1378	0.6970419
cell_1379	0.9082414000000001
cell_1380	0.53655475
cell_1381	0.70198596
cell_1382	0.89372414
cell_1383	0.41573665
cell_1384	0.8911469000000001
cell_1385	0.50397944
cell_1386	0.8819233
cell_1387	0.87372535
cell_1388	0.46610022
cell_1389	0.82776505
cell_1390	0.47192356
cell_1391	0.7102254
cell_1392	0.56048244
cell_1393	0.4298768
cell_1394	0.23636758
cell_1395	0.5399853
cell_1396	0.87832224
cell_1397	0.07940631
cell_1398	0.8677804
cell_1399	0.658151
cell_1400	0.8858351000000001
cell_1401	0.57448703
cell_1402	0.5891973
cell_1403	0.8912642
cell_1404	0.91843635
cell_1405	0.8545678
cell_1406	0.82682353
cell_1407	0.79248714
cell_1408	0.57780725
cell_1409	0.87059754
cell_1410	0.5900029
cell_1411	0.8971491
cell_1412	0.97602165
cell_1413	0.5830135000000001
cell_1414	0.57051194
cell_1415	0.08576937
cell_1416	0.8206514000000001
cell_1417	0.93535995
cell_1418	0.8265924000000001
cell_1419	0.88782793
cell_1420	0.10290987
cell_1421	0.6608430999999999
cell_1422	0.9202889000000001
cell_1423	0.14986147
cell_1424	0.23417659
cell_1425	0.56010365
cell_1426	0.95815945
cell_1427	0.9338049
cell_1428	0.9504891
cell_1429	0.6918882
cell_1430	0.8395370999999999
cell_1431	0.9648536
cell_1432	0.83329415
cell_1433	0.9631627
cell_1434	0.5641803000000001
cell_1435	0.8597393
cell_1436	0.36039594
cell_1437	0.8998726999999999
cell_1438	0.8003005999999999
cell_1439	0.90377253
cell_1440	0.9458863000000001
cell_1441	0.9595566999999999
cell_1442	0.94553894
cell_1443	0.8842921999999999
cell_1444	0.7037332
cell_1445	0.94122684
cell_1446	0.2780627
cell_1447	0.6652555
cell_1448	0.5492933000000001
cell_1449	0.9167120999999999
cell_1450	0.12107057
cell_1451	0.93959415
cell_1452	0.24136938
cell_1453	0.95483905
cell_1454	0.96668386
cell_1455	0.8044336
cell_1456	0.9224701999999999
cell_1457	0.7013953
cell_1458	0.3581028
cell_1459	0.9667481
cell_1460	0.91975296
cell_1461	0.8731993
cell_1462	0.9034193000000001
cell_1463	0.8022526999999999
cell_1464	0.8888773000000001
cell_1465	0.8017819
cell_1466	0.707359
cell_1467	0.67019004
cell_1468	0.45055959999999995
cell_1469	0.5089482
cell_1470	0.9032939
cell_1471	0.050347715999999994
cell_1472	0.23952910000000002
cell_1473	0.77981716
cell_1474	0.91884696
cell_1475	0.15692179999999997
cell_1476	0.06656419999999999
cell_1477	0.09047865
cell_1478	0.9225143
cell_1479	0.08826968
cell_1480	0.8962431000000001
cell_1481	0.6310998000000001
cell_1482	0.9331838
cell_1483	0.9044551
cell_1484	0.5617962
cell_1485	0.8424647
cell_1486	0.83579916
cell_1487	0.86581784
cell_1488	0.95289475
cell_1489	0.16533838
cell_1490	0.34667796
cell_1491	0.26008695
cell_1492	0.8349918
cell_1493	0.5754651
cell_1494	0.81099355
cell_1495	0.9030841999999999
cell_1496	0.7907857
cell_1497	0.8963225
cell_1498	0.29295814
cell_1499	0.87719935
cell_1500	0.96214986
cell_1501	0.90487224
cell_1502	0.92016816
cell_1503	0.8966238999999999
cell_1504	0.8840931000000001
cell_1505	0.6402817
cell_1506	0.6195151
cell_1507	0.8443366
cell_1508	0.37478447
cell_1509	0.8956716
cell_1510	0.75657284
cell_1511	0.8203794
cell_1512	0.7540095
cell_1513	0.0135191195
cell_1514	0.94831806
cell_1515	0.3014901
cell_1516	0.7860090000000001
cell_1517	0.5437363000000001
cell_1518	0.84506917
cell_1519	0.90787685
cell_1520	0.27324462
cell_1521	0.73034024
cell_1522	0.9175766
cell_1523	0.9378046999999998
cell_1524	0.93202305
cell_1525	0.92133546
cell_1526	0.6094479
cell_1527	0.32037553
cell_1528	0.6005301
cell_1529	0.22366768
cell_1530	0.776378
cell_1531	0.35519904
cell_1532	0.8844320999999999
cell_1533	0.94883084
cell_1534	0.9228359
cell_1535	0.9573540999999999
cell_1536	0.5023297000000001
cell_1537	0.86353165
cell_1538	0.9157786
cell_1539	0.5370298000000001
cell_1540	0.054286934
cell_1541	0.8581438
cell_1542	0.9440904
cell_1543	0.81130856
cell_1544	0.50183594
cell_1545	0.90417004
cell_1546	0.71751875
cell_1547	0.9786402
cell_1548	0.87777895
cell_1549	0.7256859
cell_1550	0.8769191999999999
cell_1551	0.8613261000000001
cell_1552	0.7076399999999999
cell_1553	0.94059354
cell_1554	0.8911194
cell_1555	0.6950504
cell_1556	0.95389026
cell_1557	0.79403555
cell_1558	0.90665185
cell_1559	0.62710077
cell_1560	0.93574715
cell_1561	0.6129713999999999
cell_1562	0.9215798000000001
cell_1563	0.15795512
cell_1564	0.9591639999999999
cell_1565	0.8631788
cell_1566	0.9298626
cell_1567	0.9289097
cell_1568	0.5898784
cell_1569	0.8661213
cell_1570	0.90274274
cell_1571	0.9266722
cell_1572	0.82748294
cell_1573	0.049230944000000006
cell_1574	0.9443792
cell_1575	0.89835703
cell_1576	0.9517361999999999
cell_1577	0.5371203
cell_1578	0.9084485000000001
cell_1579	0.8758669
cell_1580	0.45909086
cell_1581	0.91116685
cell_1582	0.8950548
cell_1583	0.62405795
cell_1584	0.86013746
cell_1585	0.70707756
cell_1586	0.4596755
cell_1587	0.94790685
cell_1588	0.23770389
cell_1589	0.81260055
cell_1590	0.9128688
cell_1591	0.91582745
cell_1592	0.89808804
cell_1593	0.56522775
cell_1594	0.8837333
cell_1595	0.5776806999999999
cell_1596	0.40452209999999994
cell_1597	0.6470878000000001
cell_1598	0.0330545
cell_1599	0.9499455
cell_1600	0.85122186
cell_1601	0.82624257
cell_1602	0.9314565
cell_1603	0.7435885
cell_1604	0.9832725
cell_1605	0.66762686
cell_1606	0.80019623
cell_1607	0.91177297
cell_1608	0.79217374
cell_1609	0.84836364
cell_1610	0.9062203000000001
cell_1611	0.90692633
cell_1612	0.6856342
cell_1613	0.24547493
cell_1614	0.7103927
cell_1615	0.89944464
cell_1616	0.8130991
cell_1617	0.95319206
cell_1618	0.7981841
cell_1619	0.111656085
cell_1620	0.87527806
cell_1621	0.9450363000000002
cell_1622	0.15843184
cell_1623	0.6247659999999999
cell_1624	0.7977098000000001
cell_1625	0.8691674
cell_1626	0.5438746
cell_1627	0.9470353000000001
cell_1628	0.24702378
cell_1629	0.8405374
cell_1630	0.93389565
cell_1631	0.28980404
cell_1632	0.47939134
cell_1633	0.9025542
cell_1634	0.94464564
cell_1635	0.9057835999999999
cell_1636	0.45946145
cell_1637	0.061920192
cell_1638	0.8969869
cell_1639	0.86745936
cell_1640	0.9141578000000001
cell_1641	0.7977589
cell_1642	0.9817227
cell_1643	0.88230085
cell_1644	0.8739459
cell_1645	0.9018261000000001
cell_1646	0.8127207
cell_1647	0.40815508
cell_1648	0.36947814
cell_1649	0.7391744
cell_1650	0.9038608
cell_1651	0.9688269
cell_1652	0.57238936
cell_1653	0.27954677
cell_1654	0.8976735
cell_1655	0.9170845999999999
cell_1656	0.6384936999999999
cell_1657	0.8365877
cell_1658	0.49676138
cell_1659	0.426314
cell_1660	0.7269551999999999
cell_1661	0.90972507
cell_1662	0.8516218000000001
cell_1663	0.90922266
cell_1664	0.04306961
cell_1665	0.64201033
cell_1666	0.70302975
cell_1667	0.69754857
cell_1668	0.9341589
cell_1669	0.94623214
cell_1670	0.9311870000000001
cell_1671	0.9641514999999999
cell_1672	0.96198684
cell_1673	0.9152341
cell_1674	0.48211400000000004
cell_1675	0.9484924000000001
cell_1676	0.23615818
cell_1677	0.96771437
cell_1678	0.8655449000000001
cell_1679	0.7552142
cell_1680	0.8603354999999999
cell_1681	0.7850968
cell_1682	0.93229437
cell_1683	0.13082448
cell_1684	0.43015444
cell_1685	0.20749521
cell_1686	0.54827046
cell_1687	0.9307486999999999
cell_1688	0.95302594
cell_1689	0.7512943
cell_1690	0.04371035
cell_1691	0.33332226
cell_1692	0.9213463
cell_1693	0.8586623
cell_1694	0.5474305
cell_1695	0.8903725
cell_1696	0.92688113
cell_1697	0.41274273
cell_1698	0.6465006
cell_1699	0.90209377
cell_1700	0.9324690000000001
cell_1701	0.8377408000000002
cell_1702	0.9327989
cell_1703	0.19152036
cell_1704	0.8495723
cell_1705	0.9735052
cell_1706	0.83442616
cell_1707	0.9175447
cell_1708	0.88287365
cell_1709	0.94719017
cell_1710	0.8846796999999998
cell_1711	0.9113836999999999
cell_1712	0.03464717
cell_1713	0.8485476000000001
cell_1714	0.95594394
cell_1715	0.9009296
cell_1716	0.45245519999999995
cell_1717	0.9199888
cell_1718	0.57390195
cell_1719	1.0
cell_1720	0.33356979999999997
cell_1721	0.86781013
cell_1722	0.9537978000000001
cell_1723	0.8983428
cell_1724	0.94293374
cell_1725	0.8624283000000001
cell_1726	0.9440559999999999
cell_1727	0.54928976
cell_1728	0.9468428
cell_1729	0.6950036
cell_1730	0.8660909999999999
cell_1731	0.7952096
cell_1732	0.30082
cell_1733	0.92096967
cell_1734	0.8760829
cell_1735	0.6766904
cell_1736	0.8471468000000001
cell_1737	0.36223233
cell_1738	0.9062136000000001
cell_1739	0.93102086
cell_1740	0.5218841
cell_1741	0.24262711
cell_1742	0.6845941
cell_1743	0.88943726
cell_1744	0.8067069
cell_1745	0.94021446
cell_1746	0.37658647
cell_1747	0.88793486
cell_1748	0.88981605
cell_1749	0.90947956
cell_1750	0.9188641
cell_1751	0.9171478999999999
cell_1752	0.42095762
cell_1753	0.31755862
cell_1754	0.94037783
cell_1755	0.9765142
cell_1756	0.9279027
cell_1757	0.23585993
cell_1758	0.9385158000000001
cell_1759	0.9744366
cell_1760	0.14296903
cell_1761	0.9281654
cell_1762	0.7321685
cell_1763	0.6726738
cell_1764	0.80275846
cell_1765	0.5613408000000001
cell_1766	0.94206595
cell_1767	0.50715744
cell_1768	0.73289996
cell_1769	0.90000075
cell_1770	0.041501675
cell_1771	0.5541710999999999
cell_1772	0.9518829
cell_1773	0.8524655000000001
cell_1774	0.13980813
cell_1775	0.92294
cell_1776	0.0112511655
cell_1777	0.68398076
cell_1778	0.8634127
cell_1779	0.75721985
cell_1780	0.9379424000000001
cell_1781	0.97351325
cell_1782	0.83207136
cell_1783	0.93008745
cell_1784	0.9383465
cell_1785	0.7101417
cell_1786	0.31077772
cell_1787	0.89126956
cell_1788	0.041026056
cell_1789	0.9097643
cell_1790	0.64646155
cell_1791	0.88744247
cell_1792	0.83811796
cell_1793	0.7954812
cell_1794	0.27283037
cell_1795	0.95471317
cell_1796	0.85365283
cell_1797	0.84640104
cell_1798	0.952197
cell_1799	0.9061045
cell_1800	0.9330774
cell_1801	0.122540005
cell_1802	0.10599321
cell_1803	0.85756165
cell_1804	0.7926533
cell_1805	0.95364636
cell_1806	0.92565495
cell_1807	0.47808729999999994
cell_1808	0.80907726
cell_1809	0.3911373
cell_1810	0.9374116
cell_1811	0.6189991
cell_1812	0.9507655999999999
cell_1813	0.72833765
cell_1814	0.8943333000000001
cell_1815	0.87805784
cell_1816	0.15260163
cell_1817	0.30167392
cell_1818	0.81550777
cell_1819	0.14522411
cell_1820	0.93102694
cell_1821	0.95826757
cell_1822	0.9314055
cell_1823	0.87855256
cell_1824	0.71120536
cell_1825	0.8791953000000001
cell_1826	0.88495564
cell_1827	0.19883837
cell_1828	0.59911716
cell_1829	0.05271008
cell_1830	0.8052168000000001
cell_1831	0.82022655
cell_1832	0.86496973
cell_1833	0.90262014
cell_1834	0.790103
cell_1835	0.9601346
cell_1836	0.6895334
cell_1837	0.9651599000000001
cell_1838	0.9438573
cell_1839	0.5415329000000001
cell_1840	0.72071844
cell_1841	0.60061234
cell_1842	0.8598957
cell_1843	0.88970643
cell_1844	0.14738584
cell_1845	0.25663513
cell_1846	0.9414594999999999
cell_1847	0.96590984
cell_1848	0.9332555
cell_1849	0.9017424999999999
cell_1850	0.95927924
cell_1851	0.88278013
cell_1852	0.77699697
cell_1853	0.9245880999999999
cell_1854	0.9338745999999999
cell_1855	0.8537070999999999
cell_1856	0.92375755
cell_1857	0.6217351
cell_1858	0.8943139000000001
cell_1859	0.5650821
cell_1860	0.30593902
cell_1861	0.94652987
cell_1862	0.570292
cell_1863	0.30316752
cell_1864	0.9034189
cell_1865	0.9352035
cell_1866	0.96893406
cell_1867	0.8895744000000001
cell_1868	0.9069874
cell_1869	0.64115125
cell_1870	0.6825578
cell_1871	0.7900047
cell_1872	0.8192818000000001
cell_1873	0.8130491999999999
cell_1874	0.89763105
cell_1875	0.9247156999999999
cell_1876	0.9171425999999999
cell_1877	0.33770317
cell_1878	0.5945431999999999
cell_1879	0.9706362
cell_1880	0.83161396
cell_1881	0.056714334000000005
cell_1882	0.93771863
cell_1883	0.8583360999999999
cell_1884	0.63081056
cell_1885	0.37303847
cell_1886	0.7995127
cell_1887	0.9223193000000001
cell_1888	0.35534263
cell_1889	0.5375324
cell_1890	0.90752846
cell_1891	0.814996
cell_1892	0.11927213
cell_1893	0.0873082
cell_1894	0.9347431
cell_1895	0.8010581999999999
cell_1896	0.94471323
cell_1897	0.9304803
cell_1898	0.9370598
cell_1899	0.7202335999999999
cell_1900	0.9084111999999999
cell_1901	0.89722097
cell_1902	0.8705103999999999
cell_1903	0.095359944
cell_1904	0.799523
cell_1905	0.060171403
cell_1906	0.6182177
cell_1907	0.25338587
cell_1908	0.23607716
cell_1909	0.8234575000000001
cell_1910	0.8775385
cell_1911	0.93529624
cell_1912	0.9234128
cell_1913	0.7974026
cell_1914	0.91840315
cell_1915	0.8970608
cell_1916	0.93278104
cell_1917	0.36696535
cell_1918	0.8531677
cell_1919	0.9437735999999999
cell_1920	0.79774314
cell_1921	0.8977725000000001
cell_1922	0.65911806
cell_1923	0.9372782
cell_1924	0.881749
cell_1925	0.9214167999999999
cell_1926	0.93365204
cell_1927	0.8830285
cell_1928	0.073650725
cell_1929	0.43771982
cell_1930	0.9079976999999999
cell_1931	0.8745959000000001
cell_1932	0.9178183000000001
cell_1933	0.9947716000000001
cell_1934	0.27971175
cell_1935	0.8815065999999999
cell_1936	0.69531524
cell_1937	0.8838798000000001
cell_1938	0.36075646
cell_1939	0.5148907
cell_1940	0.7846107
cell_1941	0.8827709
cell_1942	0.8965728000000001
cell_1943	0.93376374
cell_1944	0.9575875
cell_1945	0.9205398000000001
cell_1946	0.96750903
cell_1947	0.80217165
cell_1948	0.9374853000000001
cell_1949	0.6891063000000001
cell_1950	0.30600816
cell_1951	0.6925766999999999
cell_1952	0.39669758
cell_1953	0.3256594
cell_1954	0.27717826
cell_1955	0.8987666999999999
cell_1956	0.72316474
cell_1957	0.43477225
cell_1958	0.8008933000000001
cell_1959	0.735346
cell_1960	0.117627025
cell_1961	0.8850299
cell_1962	0.5695498999999999
cell_1963	0.4208447
cell_1964	0.91028214
cell_1965	0.33616564
cell_1966	0.940066
cell_1967	0.93473876
cell_1968	0.80818594
cell_1969	0.79365206
cell_1970	0.5125360999999999
cell_1971	0.9147099
cell_1972	0.089424886
cell_1973	0.8058691
cell_1974	0.9463119000000001
cell_1975	0.03340591
cell_1976	0.92445374
cell_1977	0.485184
cell_1978	0.8964323000000001
cell_1979	0.91951936
cell_1980	0.8298770000000001
cell_1981	0.93122333
cell_1982	0.35481690000000005
cell_1983	0.5623986
cell_1984	0.854045
cell_1985	0.27780542
cell_1986	0.42954445
cell_1987	0.9125694
cell_1988	0.8444020000000001
cell_1989	0.6773560000000001
cell_1990	0.8093710999999999
cell_1991	0.5017425
cell_1992	0.93245167
cell_1993	0.9668954
cell_1994	0.89941645
cell_1995	0.7252791999999999
cell_1996	0.27839682
cell_1997	0.8046005
cell_1998	0.62621146
cell_1999	0.9367832
