,x_g1,x_g2,x_g3,x_g4,x_g5,x_g6,x_g7,x_g8,x_g9,x_g10,x_g11
0,0.0397735,0.26531792,0.56197214,-0.39312834,-0.85272706,0.30399486,0.43606004,0.72201985,0.9970955,1.0513933,-0.0007864943
5,0.5824261,0.49134302,0.4825228,-0.15355667,1.0986719,-0.64980614,2.495207,0.7383746,-1.1570071,-1.3461335,-0.43839982
8,0.5036464,0.47664905,0.5658786,0.9323459,0.23653297,0.75516194,1.3749118,0.6920399,0.8650683,-0.41493067,-0.5288843
10,-0.57840604,0.4047802,0.53500414,0.096850805,-1.5681678,1.0984674,-0.38583627,0.7655479,0.9879299,1.0144212,-0.55452067
12,0.35690162,0.5098755,0.4562745,-1.3521482,0.17676134,-0.3122116,0.38631892,0.6870068,0.9469495,0.8041983,-0.21949832
14,0.6120708,0.3453914,0.537162,-0.50452036,1.572213,-0.16280457,2.422515,0.7430234,-1.7244836,0.0343819,-0.007843169
16,0.5057428,0.39397457,0.5816017,2.1083133,0.039326653,2.4055772,0.38778013,0.48193988,-1.0972321,-0.37197638,-1.3875626
17,0.5412959,0.40354362,0.5010261,-0.3354321,0.08647019,2.4061842,0.5420913,0.81501436,-0.7988158,0.13237375,-0.6593831
18,0.21759453,0.416733,0.5581397,-0.23227994,-1.140878,-1.1241615,0.57881624,0.803347,0.8916669,0.87617666,-0.5647046
20,0.4903552,0.32888925,0.510548,-0.41889504,-0.7699726,-0.844665,-1.4848566,0.90669125,0.8341703,0.5213623,-0.88859355
29,-0.07780102,0.39588353,0.592213,-1.353164,-0.061689597,-1.4304196,-0.5712602,0.82372266,0.7682566,1.1099217,-0.7430277
32,-0.006329979,0.34562868,0.52919674,0.3033143,-0.68671733,-0.75498945,-1.5637215,0.82052016,0.98551357,0.9471773,-0.65964425
38,0.5193455,0.45239666,0.6011674,-0.2797389,-1.1121862,1.4617467,-1.311704,0.6373556,0.9311913,-1.0887125,-1.0522543
40,0.60453755,0.48079967,0.5577478,0.11321241,0.64471847,0.26367587,-0.06972304,0.8713581,0.5259887,-0.59861577,-0.8225865
43,-0.65044606,0.39587885,0.5236282,-0.72474784,-0.51538795,-1.2829133,-0.22098985,0.66527456,0.9781661,1.1772915,-0.11121465
51,0.58841735,0.40194646,0.49813676,-0.735459,-0.6420367,2.4271896,-0.27388063,0.8000943,-0.53887373,-0.91762656,-1.3603135
55,-0.62474364,0.5226449,0.49767107,-0.0017025258,-0.90841824,-0.65294564,-0.039451297,0.7744127,0.88213515,1.0867492,-0.57205623
61,-0.08607446,0.2882623,0.5267668,-1.6249772,0.19965166,-0.7930524,-1.1924009,0.8113383,1.0138321,1.004855,-1.7505988
62,0.26339653,0.5106339,0.41594407,-0.9546165,-0.5789191,0.8561845,-0.54567796,0.7291621,1.027201,0.64988905,-1.0021756
64,0.66308254,0.40762514,0.6076592,-1.6405514,-0.21616605,2.1567945,0.82345116,0.75077164,-0.6220481,-1.061562,-1.4170854
74,0.5700488,0.4353292,0.60071635,-0.69217414,-0.86410433,0.6979636,1.3627774,0.6851986,0.8558811,-0.74026275,-0.54659986
75,-0.36975121,0.48038843,0.48517272,-0.24515991,0.8842518,0.20771794,-1.1231568,0.7678276,0.9752718,0.9864614,-1.4411523
76,0.51802975,0.35780847,0.67470413,0.08395704,2.4053977,-1.480034,2.4965358,-2.0538065,-1.8680346,-1.8073905,-0.63765967
77,0.08074081,0.3761043,0.5142609,0.6068536,-0.09581744,-1.1261464,-0.27743676,0.7449992,0.961143,1.0240911,-0.28646544
80,0.5148946,0.43963858,0.56471413,-0.53469044,0.5889453,-0.19574206,2.5250788,0.7795433,-0.2957323,-1.173036,-0.89264894
81,0.5830663,0.40856087,0.5160922,0.7108257,2.4359498,-0.6146162,2.4704096,-0.89143896,-1.4111623,-0.84333974,-0.3702785
84,0.61724603,0.5474215,0.37322503,-0.07364437,2.3904192,-0.4714766,2.4394536,-1.3253642,-0.8854732,-0.9115057,-0.6214402
85,0.52157855,0.3650288,0.5264484,1.9101317,-0.20907162,2.4865892,-0.38587487,0.62900907,-0.6609998,-0.92104024,-1.2385839
90,0.45833787,0.47980684,0.5937058,0.33220676,0.3246886,2.201175,-0.58309394,0.81594074,0.20095433,-1.2174975,0.057105377
96,0.54762787,0.43650064,0.5701135,-1.0061802,-0.059048153,-0.49468693,0.027024614,0.7898666,0.84712183,0.017982783,-0.76993376
97,0.6089889,0.35738522,0.42139438,0.28604236,-0.54289764,-0.8641752,-1.2402093,0.8438603,0.92465264,-1.067323,-0.76413274
98,0.22848886,0.52351594,0.5636347,-0.21633759,-1.1601812,-1.8056333,-0.7965435,0.73577595,0.9061973,0.78838307,-0.89843196
105,0.6390028,0.47987708,0.48208955,0.1236265,-0.65100515,0.3474367,0.44518557,0.7651817,0.7810288,-0.20071101,-0.8224607
106,0.48987532,0.4802049,0.4850746,-0.92079926,-0.05609928,-0.62425,0.030865429,0.77002764,0.895449,0.46013632,-0.19990847
110,0.54324627,0.40734905,0.63603264,-0.2928958,2.3914158,-1.1066691,2.4185212,-0.2942428,-1.3885143,-1.3744917,-0.3770958
112,0.56212986,0.4997674,0.4838306,-0.7572565,-0.5829278,-1.0304596,-1.1403614,0.85563606,0.7637845,-1.288471,0.09951981
113,0.064574994,0.44707057,0.43476704,-1.4860631,-0.036373034,-0.07056108,-0.6190466,0.76059675,0.9528518,1.0439359,-1.0216997
115,0.5283413,0.4723831,0.59822863,-0.7069965,0.4583805,0.46770018,-0.0022256158,0.7182745,0.8592698,0.06835655,-1.3191568
116,0.5555546,0.43016967,0.49764308,-1.0998102,-1.5607771,2.2469409,-0.47630563,0.7850693,0.5150235,-1.6459502,-1.2915928
121,0.4341203,0.5021295,0.38224304,0.84328204,0.31227556,-0.47321668,-0.74180186,0.81936973,0.91953933,0.44621608,-0.9136546
122,0.64351565,0.4122898,0.58728063,0.23082066,2.4252636,-1.2724887,2.0335646,-0.18768632,-0.12301728,-0.37737224,-0.14251377
124,0.58382475,0.5884421,0.47270736,-0.20098755,2.4910192,-0.09150853,2.0491946,-1.4543293,-1.6910709,-0.8351134,-0.38689244
125,-0.73495144,0.47914115,0.42175516,-0.95197165,-1.4211379,0.5731867,0.6629618,0.7945146,0.92071426,1.1151286,-1.0180086
128,0.6817454,0.3628092,0.49346814,0.5780332,0.18643749,2.4324436,-0.5078476,0.6969179,-1.6130633,-0.46022472,-1.1273352
130,0.42537805,0.47062582,0.49372113,-1.1175187,0.013107599,1.2614923,0.59799564,0.8340231,0.86608243,0.11586797,-0.33417594
132,-0.44155735,0.4754497,0.46999827,0.42497793,-0.59819084,-0.9323164,0.6229269,0.7882417,0.93852514,1.019583,0.28129604
137,0.62732774,0.4040057,0.48781323,-0.7546881,-0.9816274,-1.3089352,-0.024339918,0.7641898,0.914438,-1.0694734,-1.4896287
151,0.6219776,0.5699415,0.63286704,-0.44346863,-1.525378,0.732597,-0.59915984,0.83275956,-0.14095815,-0.39890647,-1.5873568
162,-1.1817349,0.45223096,0.41019708,-0.044611853,-0.00069829385,-1.3182603,-0.31641662,0.81832683,0.9276359,1.1439295,-0.88790077
167,0.538378,0.3785141,0.44623172,-0.15603697,-0.92479867,-0.8680946,-1.5703827,0.81620365,0.99612886,-1.169563,-0.8285707
172,0.68578964,0.27167296,0.60509586,-1.3519793,-0.2599582,0.47262713,-0.006547501,0.7848785,0.77616394,-0.46684483,-1.4532181
175,0.5544928,0.4837253,0.5714328,0.22638102,-1.1148161,0.116479725,-0.5993503,0.8053202,0.78495836,-0.8458814,-1.1239313
178,-0.14216007,0.49489868,0.3998903,-0.49340895,0.23291978,-1.7034014,0.017189516,0.76757497,0.92258877,1.0995023,-1.3663905
182,0.59741294,0.3938022,0.40238172,0.59489065,2.4113688,0.575713,2.5696695,-1.4468671,-0.3351348,-0.25985923,-0.31473774
184,-0.091128714,0.40260947,0.56734765,-0.2804357,-0.25216517,-0.9534321,0.42621332,0.8437589,0.873126,0.9942216,-1.2086527
188,0.5525321,0.47370377,0.3001231,-0.25484398,-1.6064696,1.3389897,0.6645265,0.81771266,0.9176483,-0.42640302,-0.86579484
191,0.55626416,0.35317862,0.58346915,-1.2448975,2.2018828,-0.41514334,2.6152182,0.23212202,-1.6531055,-1.7312516,-1.1574559
194,0.67604357,0.5961963,0.5716146,0.051256076,2.112121,-0.40541255,2.2348871,-1.9516258,-1.6187541,-0.7279578,-0.8914927
195,0.3142588,0.45160678,0.71916926,-0.5714329,-0.048165694,-0.43750107,0.34861106,0.6983695,0.8852766,0.44944364,0.05323944
197,0.6170977,0.394345,0.48531112,-0.39713147,2.4309213,-1.285269,2.5044131,-1.2401332,-0.8365603,-0.7090977,-0.622899
198,-0.29672813,0.3530281,0.52396226,-1.5436728,-0.59568197,-0.11244122,-0.40946147,0.86250234,0.9934096,0.94425946,-1.6923541
206,0.504499,0.40928096,0.5867132,-0.591673,-0.19991334,-1.2019141,1.3185338,0.80579114,0.86744577,-1.8808796,-1.4395455
208,0.68647254,0.36064136,0.64397615,-0.10632284,0.016493905,1.8713055,-0.4432146,0.8194254,-0.4918233,-0.5632594,-0.74052167
211,0.6512217,0.42203033,0.70428073,-0.32879826,2.4510288,-1.3769302,1.676744,-1.4928882,-0.6018558,-1.1430216,-0.4554279
212,0.6205737,0.41320747,0.5661575,-0.3602012,-1.6741749,-1.5821482,1.8887453,0.63221675,0.8082763,-0.06435196,-0.8825272
216,0.70469475,0.557873,0.59981066,-0.3408608,-0.36354962,-0.68659824,0.24146199,0.7949372,-0.8426662,-0.8680248,0.108805604
217,0.44686213,0.50370884,0.526484,-0.21063085,-0.40853384,-1.4953698,0.22513756,0.6929911,0.939761,0.517838,-0.91596085
218,0.50892276,0.4964622,0.42725754,0.66430527,2.3590226,-0.058726676,2.6236143,-0.40539712,-1.7762603,-0.7554366,-1.5354962
222,0.51747435,0.48945504,0.43899718,1.2618093,-0.46988654,2.410772,-1.1467332,0.78462094,-0.45135814,-0.7396743,-0.28767857
223,-0.16173667,0.5211603,0.48718825,-0.76889664,-1.6020236,-0.7059514,-1.2010671,0.75339055,0.9437507,0.9993657,-0.5077628
224,0.5209053,0.45004818,0.51640457,-0.9636219,1.3760655,-0.7190674,2.5402262,0.7642579,-1.1755852,-0.96794957,-0.81044436
232,0.5896656,0.43280452,0.5017115,-0.0073680044,0.3576366,-0.8588496,-0.60728145,0.70422435,0.95439696,-1.5548669,-0.06011287
236,-0.45168257,0.38256216,0.40656945,-1.6927992,0.0630186,0.016640315,-1.0903563,0.8644682,0.909824,1.1401359,-0.7814941
238,0.5718256,0.4522303,0.50774395,-0.12871309,-0.26646376,-0.54893947,-1.5753301,0.781972,0.87856764,-0.083937176,-0.6388694
240,-0.10133584,0.45768663,0.49295983,-0.65195584,-0.61834294,0.08734,-0.37479004,0.7745803,0.8783919,1.1020449,-0.98464006
241,0.4151247,0.49684688,0.43026066,-0.95950127,-0.058059584,-0.27934873,-1.2440928,0.80057,0.93732375,0.5248655,-0.42727914
243,-0.18292373,0.35815638,0.6165687,-1.1406803,-0.66048115,-0.47215235,-0.02330678,0.76814276,0.96936876,0.99275756,-0.9194076
245,0.52752465,0.492463,0.5647749,-0.14208336,-1.206829,0.48633882,0.43627304,0.8968329,0.58987886,-0.6557393,-0.028913818
248,0.19084771,0.4196301,0.51323897,0.17378137,-0.44714075,-0.2897753,-0.90390027,0.86682814,0.9160855,0.78064513,-1.3533539
253,-0.58264434,0.32037657,0.3851771,0.52465105,-1.4439082,-1.1687626,-0.99274766,0.8504248,0.960256,1.1667285,-0.77477825
263,-0.5894675,0.51367885,0.4127293,-0.3424782,-0.9702766,-0.39695668,-1.8289124,0.8468826,0.8441319,1.116695,-1.0085996
264,0.5415737,0.46469042,0.4990155,-0.8081183,-0.95603883,0.49258015,-0.030132694,0.69768304,0.9318705,0.36917216,-0.57013804
268,0.58285236,0.42153302,0.38903755,-0.08413641,2.4731753,-0.9358031,2.5556917,-1.1271495,-0.6490464,-0.5525804,-0.54122275
270,0.57789147,0.47930372,0.5136458,-0.44780526,1.0625826,-0.06941454,2.5537093,0.69294864,-1.501502,-1.4138755,-0.8225483
272,-0.52712756,0.2539416,0.44849133,0.5148512,0.6275175,0.062106505,-0.8693806,0.82599425,0.934535,1.1783706,0.18978362
281,0.4763962,0.50165004,0.47043833,-0.99944663,0.27573904,-0.50692934,1.8825175,0.73213756,0.87267935,-1.1189969,0.03521116
286,0.67759734,0.40914157,0.47392413,0.10662304,-0.3007148,1.4004444,-0.3607017,0.69841343,0.83096266,-0.52936584,-0.6025645
289,0.47849178,0.3924666,0.6287243,-0.8560697,0.42584243,2.3072186,0.3359211,0.77828443,0.3243225,-0.65510195,-1.0026128
299,0.5235328,0.47537386,0.6068636,-0.45161736,2.5469773,-0.16344577,2.087814,-0.8231188,-1.5201647,-0.67747366,-0.43854204
300,0.32984555,0.35640642,0.48902637,-1.0362184,0.77921754,-0.21329632,0.34732965,0.8324529,0.9639798,0.6965674,-0.8672325
303,0.34579393,0.32208326,0.51230395,-1.0505954,-0.9412263,0.33536783,-0.7626506,0.8689246,0.92999625,0.72478455,-0.51750356
304,-0.14786911,0.40567538,0.47089982,-0.13214335,-0.17902343,0.7009551,-0.28763628,0.8311596,0.975437,0.96578896,-1.0914454
311,0.4848853,0.4820436,0.43586585,-0.89334744,2.4434543,-0.016705133,2.555409,-0.5431032,-0.85588187,-0.8243729,0.33327398
314,0.5552726,0.29817972,0.6051469,1.8827264,-1.4449723,2.1803317,-0.13766015,0.778857,-0.41568637,-0.94275934,-0.24599099
320,0.5471736,0.56153613,0.5189823,-1.0644704,-0.84596294,2.3016193,-0.6458258,0.73409355,-1.0141302,-0.086977266,-0.14093626
321,0.50726646,0.36166963,0.5850383,-0.56507146,0.28297877,-0.44637775,-0.040793754,0.64733803,0.9556468,0.6702296,-1.2920961
323,0.65951043,0.4164382,0.63069195,-0.48232526,-0.9337815,-0.64292955,0.84146667,0.69716215,0.7630022,-1.5492808,-1.4135505
326,0.5908888,0.5182996,0.59289867,0.53978,-0.1263059,1.3355101,-0.3950386,0.7733817,0.5742424,-1.2453514,-0.7393574
329,0.584608,0.5220626,0.69485956,0.3491145,0.00060193817,-0.87228775,1.8308347,0.74508554,0.06697357,-0.91523653,-0.5884737
333,0.5969424,0.37811738,0.28683335,-0.74150157,-0.34636617,-0.038282,-1.3307756,0.79194903,0.9863585,0.4383441,-1.5324868
335,0.28319287,0.543109,0.5451492,0.042478394,-0.27980998,0.18837647,0.31481794,0.67365086,0.8926676,0.82247406,-1.135454
339,0.5854453,0.40441024,0.53099144,-1.3903989,0.58721304,-1.2056347,2.574535,0.7482132,-0.9427338,-0.5269071,-0.8931615
344,0.80111015,0.53124607,0.44570902,0.25034544,1.4437888,0.707259,2.4507709,-0.62648976,-1.2119678,-0.3669749,-0.15085292
346,0.33693463,0.3841136,0.67049575,-0.15010329,-1.5177108,0.52646834,0.35172087,0.8088266,0.9463652,-0.48518994,-0.9569594
349,0.590208,0.43768638,0.7465257,0.23716277,-0.38429874,0.48529074,0.15585287,0.7935492,0.43277916,-0.80505586,-1.7401955
362,0.5087775,0.41930205,0.47388148,1.3922217,-1.2919407,2.3962848,-0.8546029,0.84016526,-0.92091334,-1.122847,-1.1482397
363,0.5884137,0.44870654,0.40484014,0.18462509,2.385764,-1.0374705,2.612205,-0.90318155,-1.0884932,-0.9209735,-1.481701
364,-0.6603946,0.3038314,0.55177784,-0.30329123,-0.35252804,-0.63998157,-0.32509694,0.77621394,0.93406594,1.1717657,-0.15241268
365,0.66263413,0.5850706,0.5230463,-0.9365714,2.3754504,-0.8065997,1.8937805,-1.4226501,-0.6009502,-0.488067,-0.17293477
371,0.50754267,0.50029546,0.5855537,-1.0147917,0.2459144,2.210945,0.7774685,0.6825514,0.45624974,-0.3420724,-0.26790157
373,0.56580716,0.44976607,0.57358724,-1.233863,2.4795113,0.3647355,2.303481,-1.0941967,-1.0508394,-1.1144937,-0.68168324
374,0.50507575,0.4500551,0.52926785,0.7377597,0.53984916,2.4291503,0.31588775,0.7702182,-0.603154,-0.30164504,-0.63488287
375,-0.49257725,0.43970773,0.44209683,0.13168693,0.1123727,-0.22769743,-0.951203,0.7967103,0.93625385,1.1185269,-0.71192455
378,0.4836596,0.5002176,0.46908838,-0.91262895,0.32317266,2.425078,-1.5497999,0.8128434,-0.9503702,-0.0234247,-0.5698103
379,0.5690205,0.4710433,0.59301615,-0.7336891,-0.8192967,-0.37663704,-0.1847807,0.6962118,0.877516,-0.119003266,-1.0416814
382,0.60468626,0.45111927,0.40880343,2.1592658,-1.5172237,2.2672207,-0.45045087,0.5855108,-1.1577183,-1.5863069,-1.5167413
384,0.59831876,0.4544218,0.5928147,0.12314935,-0.5766763,-0.85209453,1.3436754,0.76402694,0.7046543,-1.2263371,0.109246746
388,0.61616373,0.45415175,0.6519483,-0.97636,2.4704683,-1.2523023,1.9509851,-1.7527649,-0.748326,-0.44044808,-0.8807588
390,0.58554375,0.47325152,0.423902,1.5242058,-1.342935,2.39718,1.1001941,0.69417083,-1.9558363,-0.5864416,-0.48891488
394,0.52319837,0.40140364,0.41533843,-1.31143,-1.1949818,2.0249302,-1.4430082,0.7709823,0.8763982,-1.096518,-0.62163275
396,0.63658905,0.50997734,0.39181727,0.21016817,-0.1346001,0.13415848,-1.4950213,0.76713115,0.8488539,-0.7592161,-1.1038501
397,0.5822172,0.47919312,0.5897613,-0.572116,0.50797814,-1.7220376,2.403902,0.7493262,-1.5184387,-1.2121013,-0.541786
399,0.5234375,0.49563593,0.52976966,-1.219126,-0.06565324,-0.38846955,-0.7942757,0.8093588,0.8498138,-0.7025628,-0.45663062
400,0.56383973,0.3437514,0.5196385,0.34075072,-0.450233,2.3283453,0.17499937,0.80965793,0.35931772,-0.65212697,-0.970901
401,0.5178966,0.37609938,0.49129984,0.30030507,-0.6955057,-0.70717484,-0.99137104,0.7851418,0.8678295,0.73985076,-0.7601043
409,-0.040424265,0.33828166,0.5088723,0.16491641,1.1076611,-1.2987884,0.15912363,0.7775918,0.9743073,1.0166202,-0.8626629
412,0.58602965,0.43555197,0.41888833,-0.8246003,-1.7114555,2.2633429,0.18272972,0.8769249,0.0038505413,-1.4341375,-0.2879169
413,-0.022703312,0.38729194,0.3015531,-0.61333054,-1.0133193,-0.22612585,-0.8839986,0.7970457,1.0420254,1.0528712,-0.577003
415,0.54260546,0.3740196,0.4610161,0.012647098,-0.85900337,1.8969722,-0.048167724,0.7851085,0.85956186,-1.0952189,-0.33832493
419,0.6564772,0.38202137,0.42888767,0.13316937,-0.17313339,0.41523322,-0.5811413,0.8560232,0.8051967,-1.1138017,-0.8644509
420,0.5507273,0.40036175,0.55004174,-0.20293193,-1.0356207,-0.3704977,-1.24472,0.783481,0.9256554,-0.4172008,-1.1631801
421,0.273044,0.40907893,0.56390786,-0.7029029,-0.27892366,-0.40592468,-0.107577875,0.73450583,0.9941455,0.749649,-0.8310829
424,0.5412041,0.3753202,0.35471335,-0.6079468,0.4800447,1.5281938,-0.25495723,0.80779505,0.92907625,0.3200691,-1.5588825
425,0.49029735,0.45400968,0.57554966,0.28091893,-0.53436935,-0.1334912,0.2422773,0.769444,0.90689117,-0.32762858,-0.39906636
429,0.59271145,0.4912449,0.4203751,-0.86027753,-1.3999985,-0.5944188,-0.818543,0.7651106,0.9124068,-0.27587584,-0.79408205
430,0.5509364,0.5153084,0.5716871,-0.5173905,-0.5831961,-0.64600146,2.1386168,0.8701018,-0.9187414,-0.8458976,-0.99601376
431,0.6499826,0.31601322,0.53539133,-1.0627466,2.4440672,0.20797285,2.412832,-0.9142394,-1.1301302,-0.41249865,-0.011970936
435,0.59205526,0.5411639,0.41418573,1.243167,0.14303792,2.1482894,0.050242912,0.81577414,-1.0982152,-0.93731177,-0.19103923
436,0.49899864,0.4901381,0.5075438,-0.837299,-1.0622011,1.3943206,-0.7041859,0.75284135,0.8918105,-0.3045649,-0.5353991
438,0.026620712,0.43875146,0.51569766,-1.5256536,0.6309281,0.73488444,-0.68724555,0.78591543,0.8768594,1.0179874,-0.3251268
440,0.46922132,0.41843188,0.5618471,-0.2602945,0.1895743,1.0395703,-0.6026252,0.6139963,0.9598184,0.6163962,-0.005556534
445,-0.08284518,0.4528088,0.4937112,-0.46328247,0.68413883,-0.70025116,-0.96041054,0.6214678,1.0055021,1.059266,0.16322568
446,0.5108659,0.40804216,0.6507168,-0.9056162,2.3745205,0.061806086,2.417169,-0.12823166,-0.8436889,-0.53735864,-0.30565873
447,0.54427207,0.31118733,0.5218771,-0.05266487,2.4638684,0.7901348,2.5323074,-0.15244803,-1.4503267,-0.44946218,-0.72273666
448,0.46386987,0.38379225,0.5783524,0.3734605,-1.2089074,0.55838984,-1.0111346,0.8101849,0.86452615,0.5170051,-1.221155
451,-0.0043085488,0.55106103,0.5458778,-1.456908,-0.8369469,-1.1530433,0.4715072,0.69935906,0.9052406,0.9524252,-0.5091065
453,0.6195258,0.62091094,0.46840632,-0.11561052,2.461325,-0.9976203,1.8407966,-1.0106698,-1.0315642,-0.8680876,-0.66573185
454,0.4459142,0.40968192,0.41009268,-1.0155689,-0.26235327,-0.27752227,0.22295213,0.7780804,0.94637096,0.7867706,-1.1547025
457,0.49851838,0.4882767,0.47007704,1.5193942,-1.2612729,2.3998117,-0.14203823,0.77269304,-1.0300907,-1.1250529,-1.2849088
458,0.6337519,0.50528973,0.46626234,-0.17479813,0.03153053,2.1664622,-0.38813132,0.8143366,-0.67555386,-1.3647127,-0.3095479
460,0.5050874,0.36519295,0.53922147,-0.6591754,-1.4931698,-0.08885244,0.99428296,0.84845144,0.7656498,0.6626378,-1.0693729
463,0.6282405,0.4205734,0.4488686,-1.1029031,2.4975235,0.25348794,2.2768314,-1.9519619,-0.116123706,-0.9956875,0.2511108
466,0.5543308,0.46953732,0.47700864,-0.9667217,-0.6161194,-0.9424862,-1.4340199,0.70526487,0.9439866,0.04633257,0.3438933
470,0.63418466,0.4495375,0.35420766,0.5797816,-0.90493643,2.0867605,-0.19411923,0.7468757,0.65544164,-1.2803427,0.12566896
473,0.22056058,0.44299442,0.5747894,-1.3322736,-1.0114187,-0.63817936,1.4124998,0.7748473,0.81830555,0.90778804,-1.7200751
485,0.58686846,0.48991132,0.5957854,-0.75337446,-0.86688834,-0.9530584,-1.1107506,0.7071614,0.83564293,-0.45947987,-0.55913174
488,0.54956156,0.46433318,0.54749334,0.44006655,-0.36986977,-1.151204,0.090187415,0.7458956,0.8668346,0.1478318,-0.6614135
490,0.6412246,0.5430169,0.6633402,-0.31016618,0.32584867,0.4563409,0.17660935,0.8186836,-0.5513734,-0.21172652,-1.443973
495,0.16246188,0.45558077,0.26769486,-1.3463224,-0.6211585,-0.50744534,0.59085184,0.8203252,0.99953336,0.94852483,-0.835375
496,0.5121353,0.5228686,0.5396756,0.15479289,-0.20309384,-0.8777466,0.8538643,0.7496901,0.8716816,-1.3526756,-1.712243
498,-0.71107537,0.46220836,0.47714362,0.3498526,-0.37560782,-0.34575167,-0.29853868,0.8295255,0.9097183,1.0681016,-0.26991448
504,0.57844085,0.38229632,0.5683488,-0.9901039,2.4581437,-0.9124282,2.462485,-1.7099429,-1.1557876,-1.1207132,-1.0216405
505,-0.11088527,0.46874785,0.41202894,-0.31736496,-0.8664894,0.48259646,-1.2335511,0.7661953,0.90722376,1.121202,-0.3711871
506,0.585806,0.54229146,0.46114272,-1.1959349,2.1882262,0.116700634,2.4023252,0.2586805,-0.72579855,-1.4231721,0.16782294
511,0.5356453,0.40910456,0.37497708,0.25174558,0.35536295,-0.6682159,0.51811,0.8093342,0.9473472,0.38404182,-0.6146264
512,-0.20454118,0.3111581,0.38037065,0.0061056525,-1.539194,-0.30364913,-1.055088,0.8008868,1.0438721,1.0922698,-0.31648564
520,0.79939836,0.529225,0.6642577,-0.76171434,0.3932688,-0.9297801,2.28597,-0.4503042,-1.7216043,-0.65135324,-0.72925204
523,0.5921642,0.48549888,0.51637185,0.09283963,0.80019444,-1.4581133,2.3688326,0.7810321,-0.34157178,-1.6504904,-0.47363204
525,0.42658454,0.50134695,0.50995356,-1.0081493,-0.44550034,-1.3767653,-0.88013446,0.81218624,0.86823225,0.46400017,-0.24858914
528,0.59425783,0.32796934,0.34928477,0.45422283,2.4803414,0.4078899,2.6094873,-0.7834783,-1.0975193,-0.3558779,0.12981676
530,0.30226144,0.50482297,0.41943118,-0.1976774,0.31640917,0.8440811,1.0354829,0.7497203,0.91426015,0.79299486,-0.26753363
531,0.591972,0.3417062,0.46644393,-0.44546655,-0.28017148,-0.23138304,2.1187055,0.7465068,0.8149699,-0.23133759,-0.32180086
536,0.5743233,0.40934318,0.40377432,-0.29598117,0.09352684,2.3535814,-0.26246256,0.7720175,0.5279336,-0.8941292,-1.0863687
543,0.6471342,0.3740856,0.56563634,-1.0202686,0.10088374,-0.42065978,0.8004328,0.753718,0.8247079,-0.56859034,-0.575937
546,0.6048303,0.61765635,0.60239387,-1.6163416,-0.26163203,-0.3141096,0.18720093,0.83367485,-0.9798049,-1.1418513,0.35323283
547,0.53720313,0.48197046,0.48116368,-0.86081237,-0.31814042,0.9492171,0.4585418,0.83618236,0.7914078,-0.33864877,0.07399709
548,0.59382826,0.51775676,0.5001117,-0.43140903,0.26358038,2.223308,-0.17235176,0.71264404,0.1830275,-0.060789436,-0.19351718
551,0.19645095,0.40144625,0.43873844,-0.16373385,-0.06541519,-0.6720247,-0.96650213,0.8074137,0.7479373,1.0870525,0.73508596
563,0.527921,0.34939373,0.55008024,-0.90941036,0.1957304,0.38769838,-1.5465231,0.9219711,0.78635514,-0.73241603,-0.2716489
566,0.46817634,0.662274,0.53425306,0.48874933,0.37784293,-0.5538869,-0.19468541,0.7655722,0.6365141,-1.0726444,0.1495243
573,0.50694287,0.44360012,0.4609253,-0.52879107,2.4680583,-0.40181756,2.5841992,-0.7733953,-1.5813742,-0.6713583,-1.2707763
574,0.61771965,0.46263206,0.51339203,0.37418285,-1.4477525,2.2843316,0.60802424,0.7711531,-1.4660327,-0.42955822,-0.32909685
575,0.68915886,0.49130177,0.6020912,0.537213,2.4368556,-0.041854236,1.6174567,-1.0966125,-1.8640645,-1.18862,-0.581603
579,0.26814136,0.45456764,0.6174145,-0.5412056,0.58046687,0.6611154,0.4331173,0.78963363,0.83723193,0.70692456,-0.43180484
590,0.66643995,0.54848504,0.61260855,-0.60130304,0.087913014,1.9145563,-1.003955,0.7074144,-0.91068393,-0.956035,-1.4620094
595,0.4361891,0.292588,0.36571604,-0.6955499,-0.55653846,-1.0943846,0.12552992,0.8926495,0.9526101,0.7477553,-1.3724364
601,0.62577975,0.38572997,0.5048915,-0.39038327,-1.0413811,0.5732593,0.92628235,0.7544072,0.8398486,0.14090638,0.0076999236
602,0.54491365,0.5174339,0.5290866,-0.6510019,1.6944778,0.376913,2.4841065,0.61428654,-0.9149758,-1.1134095,-1.3500972
603,0.618846,0.32152238,0.5254647,0.086109444,-1.4655435,0.13168673,0.16548495,0.73760694,0.95513403,-0.23979114,-0.83204454
604,0.5283714,0.39627802,0.60061616,1.5302025,-0.5097649,2.4403224,-0.93365604,0.67181355,-0.4926592,-1.639748,-0.53093547
605,0.08721296,0.48875815,0.5876448,-0.7667748,-0.56293154,-0.49083987,-0.4194978,0.8003267,0.8628608,0.85425824,-0.024684496
606,0.5784597,0.5338787,0.48792365,-0.3271143,-1.1175848,2.1427302,-0.26969022,0.8325876,-0.19699669,-1.1631008,-1.3729149
607,0.68159455,0.42453092,0.6179668,-0.5553948,-0.46606368,0.91786474,-1.0712109,0.63254344,0.7752267,-1.0534221,-0.16126029
612,0.41407663,0.3087068,0.5533965,-0.47490963,-0.40520895,0.30047503,0.3267759,0.8190953,0.9016925,0.74465644,-0.3264155
613,0.51777023,0.3963106,0.55464524,0.065278314,-0.38881788,2.5779798,0.15874982,0.7015853,-0.82846993,-0.74008554,-1.7229283
615,-0.11018758,0.41998067,0.59310824,-1.6742234,-0.29732528,-0.17806779,0.57417524,0.83401895,0.8678303,0.96521497,-0.98506963
616,0.34651744,0.48406762,0.49109474,-0.9008678,-1.2609125,-1.207745,0.73730105,0.7392307,0.9046723,0.8181123,-0.24003747
620,0.5908158,0.48260334,0.565453,-1.07023,0.30361715,2.285819,-0.37844706,0.66905004,0.21289216,-1.2026707,0.033288904
621,0.57559323,0.48451832,0.31377047,-0.5430961,-0.010844112,-0.32710814,-0.09320042,0.75708914,0.8793936,0.6822947,-1.525317
623,0.31829527,0.3518031,0.45526466,-0.3714685,0.08388565,1.3737485,0.09243887,0.84835255,0.84851396,0.8947239,-0.8440102
626,0.5223407,0.5081041,0.4639499,1.8419238,-1.6993976,2.4308538,-0.41727665,0.60392874,-0.72222656,-0.92796373,-0.39031544
627,0.367457,0.42511073,0.53921676,-1.5307953,-0.42698133,-0.6574692,2.141389,0.8146518,0.83266664,-0.9711833,-1.328147
630,0.21331154,0.5505133,0.47240806,-0.3177694,-0.9518824,-0.4142646,0.15515922,0.57177925,0.99847865,0.9111612,-0.65953314
634,0.5275679,0.50384355,0.54453,-0.23086433,-0.72553676,-0.3283384,-0.16768983,0.7616289,0.8208136,0.3055004,-0.46616316
635,0.53151315,0.5098001,0.58305734,1.4604287,-1.6125711,2.106107,0.6728163,0.73996806,-0.53120476,0.07735534,-0.3516411
636,0.6018992,0.2639181,0.43618423,-0.37222168,2.207194,-0.7045456,2.5530922,0.60439783,-1.584579,-1.425802,-1.0964037
643,0.5333412,0.48978487,0.4782903,-0.1550308,-0.31354895,-0.8454695,1.6339481,0.81132805,0.78740543,-1.1148975,-0.19993277
644,0.601324,0.4295138,0.5161861,-0.09892217,2.3905902,-1.0071094,2.5000386,-1.4150015,-0.8027901,-0.5326063,-1.2040111
647,0.5145118,0.43281165,0.6002481,0.41122583,-0.41483626,-0.84733367,-0.29858685,0.7323674,0.9265625,-0.45127887,-0.5134965
653,0.5370022,0.38025603,0.49611127,-1.1803071,2.3226016,-1.1816252,2.4618943,0.49182224,-1.3998382,-1.1769475,-1.3721566
657,0.6219687,0.5477665,0.45511448,-1.1348358,2.2585819,-1.6407101,2.5012116,-1.315289,-0.9321364,-0.61583555,-0.6002542
660,0.5613786,0.44447273,0.5006629,-0.7461135,-1.5278242,2.5108979,0.42148897,0.72937167,-1.0745356,-1.2059989,-1.0396156
662,0.63468647,0.4070404,0.52607036,-1.5610548,0.83962816,-0.25412282,0.8061492,0.71952873,0.8298858,-0.46642172,0.3413335
665,-0.59521884,0.55135274,0.47447145,-0.7323676,-1.3175064,0.104149856,-0.027672121,0.65217704,0.87768745,1.1812987,-1.2366974
670,0.6150547,0.46691024,0.44720522,0.23433922,-0.6814984,-1.3684313,2.1550214,0.71830595,0.6803076,-0.64878273,-0.81688875
673,0.60181105,0.51127994,0.44471252,0.31447235,-0.7047394,-0.3394643,0.29886925,0.78918254,0.82172984,-0.57326114,-1.0152086
674,0.258907,0.60228866,0.4480131,-0.28029516,0.1897128,-1.1560818,0.3059577,0.75318646,0.90151316,0.6763548,-0.9905817
675,0.5634194,0.4038534,0.50444806,0.15669459,-0.5477793,2.2803419,0.021712909,0.8744778,-0.5825923,-0.46532488,-0.07674494
678,0.47788748,0.45214936,0.59098464,0.40147495,-0.72281724,0.45994133,-0.81845415,0.75262105,0.88961744,-0.20632923,0.3110616
679,0.22381392,0.4199432,0.5566979,-0.23184802,-1.0637586,-0.610832,-1.4146329,0.6739663,0.90023446,1.0302284,0.18196823
685,0.6277181,0.44850942,0.4950028,-0.5169843,-0.20134795,-1.3202116,2.100688,0.75930345,0.5860316,-0.69166565,-0.8798899
689,0.5886505,0.23115198,0.5933764,-0.4664665,2.601766,-0.41957173,2.2314265,-0.8649212,-0.20679969,-0.7408162,-1.6914555
691,0.57021016,0.5510144,0.6213231,0.7054022,1.5179884,-0.3043571,2.5234087,0.29510966,-0.4779871,-1.2982951,-1.0688388
692,0.5842759,0.3123398,0.6193531,-0.988415,-0.574893,0.7795944,0.6361674,0.7902147,0.849273,-0.55999756,-0.32946807
693,0.6835886,0.5273615,0.5928618,-0.7879809,0.55371124,-0.27856925,0.69253904,0.733037,0.4274896,-0.4485539,-0.26069883
694,0.50449336,0.4410442,0.6295248,0.27741036,-0.96486074,2.3792987,-1.6243327,0.7729564,-0.71112025,-1.5623661,-1.0858
697,0.5730471,0.46170926,0.4783136,-0.5300283,-0.12226286,-0.515143,0.23073894,0.8805664,0.7536049,-1.5184852,-0.058487155
698,-0.2430992,0.3342013,0.56638694,0.5617442,-0.49385238,-0.11648589,-0.45534185,0.86849964,0.9101457,0.9886439,-0.07318248
700,0.28777114,0.42242706,0.50578547,0.54028016,-0.8198657,-0.74595153,-0.031246658,0.8418144,0.9155383,0.73332685,-1.0761348
701,0.60944486,0.50058514,0.34024686,-1.6094447,0.31876016,-0.318621,0.4263758,0.8289824,0.836366,-0.20252526,-0.6385558
704,0.57293916,0.3717824,0.4541609,2.1716259,0.63529915,2.3905118,0.0060670404,0.54186213,-1.6757258,-1.8166395,-0.9974437
710,0.68048435,0.4713758,0.702046,-1.5593243,2.2888937,-1.4242635,1.94864,-1.107809,-1.7565734,-0.80182004,-0.93306434
716,0.6567232,0.48806548,0.35331553,1.5746341,-0.13837104,2.5250013,-1.1438771,0.47684655,-0.34308887,-1.1677867,-1.0092944
720,0.5268848,0.43665162,0.4901482,-1.315907,1.8447292,-0.9068402,2.568959,0.6650689,-2.0410569,-1.1233299,-0.18484668
725,0.5961917,0.47199753,0.43483663,0.8148427,2.3816757,-0.7264227,2.501091,-1.4663838,-0.42446232,-0.957463,-0.22666438
727,0.50748193,0.42149934,0.5647874,0.1442367,0.15352508,2.3116605,0.1984625,0.8143582,0.14576806,-0.9455237,-0.41676724
734,0.5855878,0.41024905,0.56662345,-0.80432224,-0.26974446,-0.8444149,0.40134186,0.73183346,0.91227645,-0.5429529,-1.0940619
738,0.5087166,0.49134994,0.5708457,0.5593853,-0.051105186,-0.75536656,-0.80290717,0.81292343,0.8074196,-0.9010738,-0.25286904
741,0.4063922,0.35464978,0.66045165,-1.2097188,0.37582532,1.1103839,0.74275416,0.84060764,0.83474934,0.021397205,-1.0477837
743,0.46804976,0.4133221,0.5384256,-0.17088139,-1.5085311,0.26326007,-0.7332142,0.96229595,0.6706215,0.065425776,-0.03309316
744,0.49958956,0.41861987,0.45277274,-0.16191342,0.18458034,0.1089774,0.6823449,0.80977637,0.88822603,0.55354476,-0.63550436
751,0.6254158,0.45892835,0.53766143,-0.08971781,0.06066531,-1.0817987,-0.055906374,0.6796068,0.8586142,-0.2025304,0.21242581
752,0.5687303,0.4245976,0.58256656,-0.96631736,-0.10521364,-0.10856179,-0.59992355,0.8344695,0.770591,-0.5479061,-0.1155739
753,0.47789273,0.3552316,0.6573792,0.06116223,-0.7569681,-0.55213994,-0.08340366,0.83156335,0.87113345,-0.51047605,-1.1590561
756,0.45878902,0.44049227,0.4951561,-0.29458305,2.437982,-0.7756505,2.6184652,-0.5432266,-0.54130507,-1.4410486,-0.32279432
760,0.58458924,0.46576756,0.34776843,0.8407271,-0.0856088,-0.881362,2.551713,0.81408834,-0.3926797,-1.3861159,-1.328939
761,-0.08019439,0.45712286,0.5742321,-0.29090974,-0.38087323,-1.0171793,0.69562143,0.76718646,0.8479872,1.0463693,-0.4022203
764,-0.7326022,0.37825543,0.5631232,-1.2686476,0.20340115,-0.47827718,0.19601259,0.70596063,0.9064074,1.1989803,-0.396253
766,0.36121044,0.34587508,0.49918193,-0.79938143,0.31989646,-1.1262847,-1.0046206,0.8498796,1.0095967,0.39520505,-0.67015505
767,0.4963059,0.48607892,0.5234463,-0.6645781,-0.35643938,0.5002924,1.8835064,0.76793927,0.78924876,-0.8269945,-1.1315811
770,0.3862309,0.33859992,0.45379463,0.8577062,-0.2726562,0.4240735,-0.21824266,0.8111816,0.9586143,0.7602673,-0.7690701
776,0.57354987,0.51824427,0.5473081,-1.5248278,0.77956337,0.08072443,2.180819,0.8275679,-0.40582278,-1.2615734,-1.7311867
777,0.5917251,0.35165077,0.49305767,0.50263166,2.6539948,-0.35189143,2.0900128,-1.7275227,-1.0693694,-0.5412908,-0.7690596
783,-0.006481203,0.3274968,0.46940517,-0.47544557,-0.38156903,-0.33607695,-1.4395144,0.7822345,0.9869059,1.0790868,-0.5148613
789,0.65888983,0.4792192,0.6469474,-0.38200057,0.20181276,1.531549,-0.7990505,0.73870844,0.30679578,-0.4573181,-0.30077007
793,0.6516247,0.46762878,0.4835593,-1.1131996,-0.5992042,-1.0266322,-0.58076304,0.8026389,0.77264106,-1.7723217,-0.8175849
795,-0.30919218,0.29922828,0.55094254,-0.15266627,0.8142237,0.25669622,-0.02586866,0.85628194,0.8680473,1.0966505,-0.27078208
798,0.39352924,0.47271785,0.4228092,-0.057809237,-0.40797552,-0.4349341,-0.3618767,0.77578545,0.97789556,0.6249138,-1.2925711
808,0.5744273,0.41942492,0.5004529,-0.45837834,0.45141798,1.5345489,-0.77020586,0.839559,0.7516016,-1.2907135,-0.87408894
809,0.5811367,0.44308987,0.55504966,0.67350143,2.432793,-1.4405091,2.3537161,-1.7062608,-0.4134179,-1.0726591,-0.14807674
813,0.58265454,0.35146233,0.56631184,-0.39083856,-0.75722843,2.0540223,-1.2989147,0.8762345,0.29075363,-0.063117556,-1.0037929
815,0.54642624,0.46483025,0.54758126,-1.4687552,0.5445234,0.5835623,2.5732868,0.71568155,-1.9939119,-1.6714631,-0.73103017
816,0.51279265,0.3836018,0.5882099,-0.23280832,0.48481908,0.14805287,-0.32334718,0.82135975,0.8901563,-1.1881889,-1.025632
817,0.41663793,0.61952,0.43831983,-0.5288184,-0.36973566,-0.75866616,0.92201,0.7712898,0.88409734,-0.7100608,-0.35169098
823,0.620266,0.5960384,0.57147074,-0.935407,-0.20166309,1.9953191,-0.9328856,0.71100247,-0.5720442,-1.5678649,-0.13356648
825,0.67706233,0.5078476,0.48428348,-0.7665138,-0.010885607,1.9397651,-0.49726847,0.7908673,0.028460614,-0.40916228,-0.88895077
826,0.6252277,0.52908784,0.60900813,-1.350418,2.4514825,-1.5294133,1.8410656,-1.9036264,-1.1372252,-0.40614292,-0.546525
828,0.6886277,0.38110077,0.656851,-0.27447224,2.3425176,0.54488105,2.01295,-1.111441,-1.3325554,-0.29806295,0.38160494
838,0.67151886,0.48346618,0.4423226,0.36130902,-0.6881427,0.8361245,-0.5489152,0.65260476,0.88384587,-0.99021983,-1.1959177
839,0.5824556,0.3858417,0.47171423,-1.4054322,1.9991755,0.7192692,2.5248013,0.62413347,-1.5745937,-1.8700247,-1.5584606
847,-0.27472904,0.081547715,0.44818604,-0.609079,-0.11038066,-1.4714043,0.03746188,0.84177476,1.0553373,1.1223197,-0.8592173
849,-0.8007461,0.55802447,0.45937836,-0.73143685,-0.75254244,0.028286593,-1.3231131,0.7679696,0.8754815,1.1000674,-0.49940786
856,0.16146582,0.34332368,0.41438794,0.114397354,-0.53997576,0.39512202,-0.95025307,0.7298939,1.0753144,0.93850076,-0.7042383
858,0.596944,0.542126,0.348356,-0.72317326,-1.6282734,0.8148782,-1.1879892,0.8643919,0.73781574,-1.7629411,-0.13593642
861,0.42267522,0.53198427,0.57092005,0.24398623,-0.672378,-0.4378776,2.1547105,0.70179707,0.7160878,-0.16469038,-1.2332994
864,0.09796907,0.4198132,0.47655183,-0.3290513,-0.196961,-0.23058295,-1.7225523,0.69794333,0.9186434,1.1146314,0.06321709
865,0.6553024,0.5263031,0.59997994,-1.1421137,2.4114084,0.05965291,1.789875,-1.1864393,-0.917813,-0.1585581,-0.59151655
868,0.5343623,0.3161653,0.5856584,2.099275,-0.5269958,2.373452,0.20565753,0.6009348,-1.516099,-1.5740904,-0.95149505
874,0.6650079,0.3798593,0.51289445,0.1504505,-1.0838374,0.6646343,-0.32138082,0.7626425,0.8366135,-0.74417067,-0.6282854
876,0.53922206,0.44169787,0.4122521,-0.41062212,0.11652223,1.9679624,-0.07218112,0.6871366,0.91380894,-0.99735534,-0.742067
881,0.44206956,0.54740167,0.54897857,-0.6262054,-1.2273015,-0.822224,-1.0399557,0.7168453,0.9395168,-0.20933643,-0.635139
884,0.27405676,0.42791396,0.4560163,0.15631609,-1.3735267,0.84036636,-1.0263095,0.83879495,0.9659816,0.6386502,-0.16516036
888,0.4757688,0.5077736,0.6555416,0.054832783,-0.17313533,2.2877016,-0.48636398,0.7627673,-1.4409423,-0.93030405,-0.55205613
895,0.21147588,0.4622505,0.39255607,-0.05724481,-1.0543953,-0.13834217,-0.23654217,0.84333867,0.90761137,0.92467934,-0.7923934
899,-0.076085724,0.400341,0.49505618,-1.0120667,0.15315162,-0.051515423,-1.6640816,0.81995195,0.92236763,1.0440899,-0.59454435
902,0.57130015,0.42268997,0.68518883,0.37899053,-1.6504042,2.2322943,0.33815318,0.7284065,-0.42943698,-0.78381515,-0.7359472
904,-0.32750502,0.4449968,0.53480375,-0.34476644,-0.1067405,0.08979819,0.12891456,0.76854277,0.9243521,1.0675749,-1.3276068
905,0.5132958,0.49926004,0.5201504,2.204281,-0.851599,2.385008,-0.67881614,0.31027237,-1.6230643,-1.0827051,-0.5655025
911,0.4910127,0.55606043,0.46626052,-0.88441217,-0.032546464,-0.22584386,-0.41087076,0.68491685,0.97619486,-0.91269445,-0.31253284
920,0.6549955,0.58583957,0.5419402,0.81654483,-0.042523477,0.9319318,-0.9852698,0.84674984,-0.7592017,-1.261371,-0.87093896
925,0.6292257,0.46581215,0.47515243,0.4608771,0.7858003,0.55565625,2.4836879,0.6904843,-0.26727378,-0.90488476,-0.4256567
927,0.5786292,0.48999852,0.5349118,-0.10304132,0.5228502,-0.90677893,2.499245,0.7177356,-0.43901542,-1.677938,-1.240801
928,0.54493403,0.32340503,0.47893703,-0.96438557,0.11187937,-1.644162,0.63266486,0.8387404,0.9529206,-0.11949832,-0.40005875
937,-0.16248484,0.431047,0.45609844,-0.69626045,-0.1729267,-0.67319554,-0.71529835,0.7886637,0.9542735,1.0745803,-1.2050875
942,0.38395068,0.3631937,0.5862457,0.011197632,-0.33755475,-0.9899922,0.9731369,0.8483811,0.9066658,0.3781329,-0.96075684
947,0.5098776,0.38529557,0.52924985,2.2471097,-1.2539034,2.314904,-0.17696096,0.54887575,-1.3642793,-0.87022185,-0.26047447
953,0.69787276,0.3730591,0.47085926,-0.87862515,-0.034927633,0.19709821,0.06839696,0.7179111,0.8814576,-0.41000515,-1.136353
954,0.6239515,0.4957693,0.3034425,0.39100143,-1.6723553,2.502381,-1.2021867,0.74299306,-0.80239785,-1.3372904,-1.6224543
957,0.17382191,0.49130958,0.56077915,-0.43703005,-0.34898075,-0.9185785,-0.1789096,0.8288059,0.8403434,0.8314974,-1.5509043
960,0.6002693,0.44122574,0.45130637,-1.0646394,0.7850374,1.6092405,0.8432902,0.6791785,0.85390586,-0.2256152,0.057119064
964,0.5208172,0.49551508,0.49292266,-0.494799,-1.319529,2.371171,-0.40160668,0.7965223,-0.08653898,-0.68139607,-0.40739787
965,0.54258704,0.45420972,0.43558043,-0.15679896,-0.6005291,-1.6215632,2.6573143,0.72471184,0.010224637,-0.613198,-0.7298722
966,0.24961925,0.3576044,0.5892758,-0.37410077,-0.31279805,-0.28943902,-0.96329665,0.77886987,0.8912101,0.940545,-0.35765034
967,0.29462746,0.45389238,0.5473256,-0.7613647,-0.9029505,-0.3366129,0.25677267,0.6475011,0.90159523,0.98724145,-0.14078085
969,0.46620247,0.46216062,0.5371282,-0.85433245,-0.58864576,0.0710516,1.6179065,0.95313555,0.51275855,-1.194199,-0.11624731
970,0.082587525,0.42421648,0.6189965,-1.0964901,0.4220232,-1.8167021,-0.059963368,0.8463171,0.82166433,0.88205665,-0.45258805
971,0.57058907,0.3133931,0.39838052,-0.6726924,2.3345873,-0.45451003,2.5204895,0.553854,-1.2877446,-1.3037946,-1.7271633
973,0.5916705,0.5091471,0.45097855,-0.25108567,-1.3899219,-1.0642467,2.5494392,0.71708953,-0.28578836,-0.7295187,-0.9723924
976,-0.09217505,0.39100257,0.56928724,-1.4401796,-0.46128145,-0.750918,-0.83880734,0.86365676,0.85076684,1.0004959,-0.07072248
978,0.51417714,0.43197381,0.52289927,-0.45967406,-0.45381638,-1.1965016,-0.8186604,0.7520138,0.968871,-0.017579498,-0.80136853
981,0.6751158,0.5957074,0.6384895,-0.23584591,2.1893146,-1.737245,1.9394723,-1.6876214,-1.9632905,-0.70137376,-1.2252003
986,-0.56880575,0.3562334,0.6029121,-0.43042636,-0.18145059,0.062335405,-0.6205178,0.7652265,0.9342939,1.097887,-0.29795375
996,-0.43606398,-0.2725034,0.51906025,-0.2585142,1.3827484,0.8780164,0.9115139,0.7214463,0.982265,1.2266182,0.618986
1001,0.544722,0.46040308,0.576154,1.2140037,-1.2178878,2.3770235,0.94720286,0.69727665,-1.3426442,-0.69993526,-0.99161166
1004,0.030762965,0.44398993,0.54347956,-0.29263267,-0.46252617,-0.042613003,-0.8975059,0.74153495,0.8967155,1.0545577,-1.0374651
1006,0.5568832,0.45561266,0.5967361,-1.0300206,-1.4411627,1.0466514,-0.107461065,0.8627331,0.62604666,-0.33014712,-1.0122081
1011,0.5595453,0.44327453,0.48827475,0.003707127,-0.4842041,-1.4130318,0.20662437,0.71839947,0.919063,0.42968863,-0.54288536
1016,0.5565701,0.55746245,0.3359061,-0.025567919,-0.32547083,-0.24226256,2.1369715,0.63264805,0.8422053,-1.2158026,-0.41770574
1024,0.7549164,0.41745666,0.6517235,-0.60128677,2.2932777,0.0015523713,1.770774,-0.84439397,-1.0586892,-1.05919,-0.036063127
1025,0.57706296,0.5793195,0.68458813,-1.2603191,2.4372578,-0.029448109,1.3996208,-1.288043,-1.1842602,-1.3304312,-0.63232464
1033,0.5231294,0.44771504,0.4682449,-0.7833441,0.29250795,-0.54458165,2.4201093,0.89979666,-0.75246835,-1.1654788,-0.4244394
1036,0.5266658,0.51845145,0.5356634,-0.26048964,2.551187,-0.46470284,2.0753567,-1.4194382,-0.5617356,-1.3991209,0.16383263
1038,0.5730935,0.58465225,0.5805759,-0.8877578,-0.74805707,1.2800715,-0.8593454,0.78402877,0.4640754,-1.106637,-0.10350411
1042,0.5235025,0.5139496,0.5851987,0.18626994,-0.4681129,0.71525836,1.6711589,0.795857,0.61984885,-1.5177538,-1.6098012
1044,0.6400193,0.41289547,0.31521696,-0.8213352,0.4229005,1.783435,-0.30941093,0.8161202,0.77462935,-0.20076519,-0.70414346
1045,0.54903764,0.61116636,0.58822745,0.79036117,2.410529,-0.7127563,1.9319509,-1.6911055,-0.96555585,-0.49574357,-1.1449461
1046,0.49831027,0.56853837,0.38721722,-0.43084884,-0.014961535,-1.3549258,-0.6275335,0.7794194,0.9318167,-0.7070671,-0.8272874
1048,0.5633148,0.54303986,0.55457586,0.2327354,0.45884785,-0.7567592,0.2722029,0.6782723,0.8455963,-0.6684148,-0.7462891
1050,0.64489126,0.5007872,0.57461464,0.16730382,0.37048808,1.2592562,-0.24613783,0.8944256,-0.8435805,-0.66059506,-0.4322208
1053,0.6478618,0.4563189,0.4289413,-0.31346878,-1.4153333,-1.7451522,0.67782044,0.7354047,0.8961774,-0.5862468,-1.629898
1058,0.65331143,0.34070465,0.5166772,-0.016480101,1.6853211,-0.27989635,2.4543023,0.6983067,-0.96246666,-1.132601,-0.78123504
1061,0.09092716,0.4383603,0.46073198,-1.3996558,-0.3538253,0.15718338,-0.48567447,0.7331424,0.9641446,1.0315629,-0.40355188
1062,0.6207888,0.3750356,0.49952227,0.09551098,1.1580633,0.5363038,2.3999813,0.8199736,-1.6771215,-0.95969176,-0.59413284
1069,-0.49679795,0.39043343,0.47031012,1.1325698,-0.5184665,-0.39004016,-1.0226824,0.81570834,0.9624627,1.0567594,-1.3953911
1070,0.5064269,0.48623192,0.5193138,-0.66663826,0.04819459,-0.26971558,0.15117697,0.67270094,0.97566825,0.14468849,-1.122979
1072,0.4733197,0.4564864,0.63889974,-0.22348781,-1.3085498,2.409834,-0.80298024,0.7530563,-0.8239585,-0.42948893,-0.63535666
1074,0.6528521,0.42883518,0.5203579,-0.8983448,0.47758812,0.52217686,-0.56667745,0.8010316,0.7284413,-0.48540553,-0.2252016
1081,0.5654933,0.52514523,0.56592494,-0.83842456,2.2013497,-1.5529764,2.5405643,-0.56073856,-1.3157308,-1.074729,-0.47427103
1085,0.55760634,0.46991822,0.49335042,0.47341052,-1.2121806,-0.940003,1.6571796,0.72395045,0.824442,-0.6581057,0.41548058
1086,0.5159852,0.43512022,0.4934378,-0.11275771,0.39821535,2.3824122,-1.7469914,0.74947935,0.44887322,-1.3680016,-0.3981331
1087,0.3705436,0.47129148,0.53351027,0.33517444,0.023748536,-0.21376538,0.16531762,0.81690216,0.84518796,0.6654937,-1.047663
1091,0.5851025,0.44565046,0.4985407,-0.18694907,-0.08216507,2.4488626,-1.1051921,0.7424015,-0.51961404,-1.5469713,-0.27071813
1093,0.58024156,0.53772223,0.32357806,-1.2151691,0.29589322,-0.49562123,-0.78870916,0.73786306,0.90878046,0.35484868,-1.3850592
1102,0.59662503,0.47007632,0.4128894,-1.017725,0.27290595,1.3399612,-1.7073773,0.83373445,0.7847167,-0.77268064,-0.51618046
1115,0.72356784,0.47534823,0.42649254,-0.27166545,-0.12302635,1.7114642,-0.13192993,0.8247042,0.1474107,-0.28760388,-0.49844047
1117,0.58335245,0.3742734,0.41835514,-0.5075139,-0.29058632,-0.8343589,1.9239233,0.6671127,0.9654854,-0.39835194,-0.12565202
1123,0.7142655,0.47125983,0.43623918,-0.37942097,-0.7540871,0.4545682,0.60176367,0.82119733,0.57402897,-0.49557713,-0.51309705
1129,-0.29182047,0.47953653,0.4886274,0.42582005,-0.76375127,0.90017307,-0.586129,0.7471943,0.86065173,1.1219568,-0.21221165
1131,0.6621226,0.52076495,0.4666137,2.0888195,0.5345185,1.6725231,-0.9319573,0.62312865,-1.0848116,-0.18744363,-0.8518008
1135,-0.28489193,0.16244923,0.5362599,0.10628121,-0.8012229,-1.0102674,-0.23975147,0.8192247,0.9789601,1.1432034,-0.41511416
1137,0.49109367,0.40046725,0.74096686,0.050251815,2.2159805,-0.79160565,2.52458,-1.0099865,-0.97930884,-0.06380823,-0.6165485
1139,0.5306813,0.42542675,0.39119515,-0.41554528,1.5276955,0.3357113,2.5364642,0.82816124,-1.6277466,-0.47058386,-1.0523123
1144,0.582183,0.41723454,0.48217902,-1.720203,-0.5711069,2.3368633,0.20582817,0.81845045,0.05705175,-1.1149247,-0.4232606
1148,0.5963946,0.4353428,0.3677985,0.2454445,-1.3941014,-1.5798893,-0.27250233,0.7792814,0.9203978,0.38931477,-0.9275737
1153,0.5419235,0.424233,0.5036909,-0.17169614,0.6111784,2.5923398,-0.16721402,0.65561074,-0.43655664,-1.1159221,-0.6029614
1159,0.54191184,0.49683818,0.63545495,-0.57745653,2.2632546,0.034735963,2.4174397,-0.26478294,-1.9069388,-1.7357347,-0.06724036
1161,0.59449565,0.41851684,0.5127401,-0.26482794,-0.9722212,-1.1082678,2.1130743,0.6752728,0.80072826,-1.4107937,-1.030386
1164,-0.037439387,0.3859715,0.33707526,0.22313376,0.51374125,-1.171987,0.100524895,0.8597218,0.97776234,1.0245129,-0.93354404
1165,0.46521497,0.39340055,0.60686785,0.17347865,-1.0038313,2.1932395,-0.8776506,0.93371415,-1.2393174,-0.6692738,-0.7592459
1166,0.5633891,0.4467528,0.60380113,0.2709494,2.365766,-0.11328057,2.4251347,-0.5816526,-0.7963426,-1.7895474,-1.3459119
1167,0.5303907,0.35398725,0.52235353,-0.08159349,0.2297452,2.4195087,0.54747826,0.83362275,-0.059967887,-0.71229583,-1.5018176
1170,0.52652335,0.39194676,0.5162596,-0.9166245,-0.7108273,2.3912885,-0.57095367,0.73961896,0.49520546,-0.4719693,-0.3130406
1171,0.57558215,0.3754705,0.42281026,-0.63118476,1.8640511,0.14690484,2.5238237,0.74746805,-1.2133622,-1.7073387,-0.49333662
1173,0.5898471,0.43205854,0.4958188,-1.1712757,-0.40485284,1.0934429,-1.2196805,0.76396906,0.8849598,-0.8513525,-0.2746857
1176,0.5558666,0.37760937,0.43037316,0.14421728,2.4639642,-1.7641941,2.4810338,0.20287552,-0.71954364,-0.9264704,-1.7269269
1179,0.44552925,0.38505292,0.42844346,0.49566787,0.1731298,-0.21258537,2.0982082,0.7845368,0.9139699,-0.21422689,-1.1716242
1180,0.6501515,0.52297336,0.47253704,0.36882433,0.3626822,-0.67613024,-0.39169228,0.76545495,0.73160684,-1.0813309,-0.800396
1185,0.67759115,0.45712712,0.5242911,-0.309153,-1.2021059,0.7204042,1.4239389,0.8248943,0.41662017,-1.0308156,-0.06089955
1187,0.7071349,0.55926013,0.36558968,-0.50994277,2.4415286,0.6397614,1.889484,-2.124088,-0.9121884,-0.1058372,-0.102409884
1191,0.52847195,0.34697676,0.51109713,0.296081,-1.5929892,0.43386754,0.14201863,0.89529294,0.8689926,-0.6552284,-1.1960357
1202,0.37341473,0.46069434,0.49033815,-0.5572687,-0.26880085,2.411605,0.39482445,0.76867646,0.59499174,-1.6255652,-0.90533686
1203,-0.47773576,0.41924205,0.5768538,-1.5442908,-1.4681388,-0.0024927068,-0.9915518,0.79166293,0.8618562,1.1171544,-0.42467207
1206,0.5063413,0.54288644,0.4099671,2.043857,-1.1409694,2.256689,-0.95636344,0.67848647,-1.0764493,-0.83066154,-1.2561679
1208,0.561907,0.46425176,0.60952014,-0.16213053,2.3515425,-0.14874859,2.4230661,-1.7145708,-1.0362912,-0.17672963,-1.7312247
1216,0.48601785,0.50209224,0.47255144,1.5690788,-0.569153,2.5029073,-0.30627403,0.6691509,-1.2752433,-0.5465986,-1.2869873
1218,0.6101639,0.51471895,0.6643456,-0.7727533,-1.0357778,0.7511173,-0.46347976,0.8342533,0.17974432,-0.22559962,-1.1635873
1221,0.57100624,0.38637292,0.57759,0.20261262,-0.78465235,2.2391646,-0.3157403,0.849102,-1.2900813,0.045238093,-0.650496
1225,0.6171037,0.32515028,0.6009445,-0.111053824,-0.1569886,2.5738282,0.6718953,0.572475,-1.0479037,-1.2912422,-0.5528818
1227,0.5918878,0.4674769,0.6862764,0.012824847,-0.3075303,1.1758845,-0.63957006,0.83248395,0.22837463,-0.32246515,-0.03197027
1228,0.5051303,0.49508867,0.35543412,-0.17073558,-0.1383808,-1.8094696,0.22550529,0.7195424,1.0177578,0.263637,-0.75186706
1229,0.5976174,0.3859608,0.46317053,2.382186,-1.0263984,2.2505116,0.12135016,0.21596417,-0.09666132,-1.2843503,-0.36347297
1231,0.6882531,0.43492132,0.47472444,0.0099003585,0.1496741,1.1634485,-0.3287051,0.73856443,0.7682933,-1.1477897,-0.7128755
1232,0.41369244,0.42704022,0.51648176,-0.7282516,-0.0425669,-0.8392344,-1.4638174,0.7203499,0.9661233,0.6612249,0.1633058
1235,0.50127536,0.3943664,0.5275998,-0.8325036,-0.116574004,-0.34823832,-1.5102127,0.835843,0.87692976,0.3840133,-0.40302157
1238,0.53533894,0.32074344,0.34792933,2.3868735,-1.3736084,2.4211774,0.6241786,0.48403674,-1.8131135,-0.30206585,-1.1357706
1247,0.5401657,0.45572773,0.49451777,-0.9905059,-0.50884646,-1.165408,0.866146,0.72961974,0.87605345,0.55466545,-0.74445236
1248,0.6195914,0.24214715,0.47307074,-0.42051575,2.3158917,0.23135114,2.6783605,0.045406103,-1.5399802,-0.85637486,-1.1880947
1249,0.5510932,0.5246696,0.48194984,2.0143864,-0.17928769,2.14295,-1.2219876,0.66471255,-1.1331601,-0.8683312,-0.54034007
1251,0.7688748,0.47453493,0.6662544,-1.0451468,-0.2597655,-0.00021112831,0.047544986,0.6775391,0.06668711,-1.5861647,-0.32246357
1253,0.51215667,0.4304054,0.48210943,-1.0866375,0.28396878,-0.9723639,1.7552568,0.7804584,0.88781714,-1.183355,-0.21762456
1255,0.6938623,0.5126874,0.4609214,-0.50710624,0.2889436,0.9586197,-1.42434,0.85390735,0.22728857,-0.54352856,0.28100982
1256,0.64085555,0.36573195,0.5041304,-0.8038542,0.00022269848,1.7198027,-0.52948916,0.7108067,0.83535266,-0.63879156,-0.4294187
1258,0.5316791,0.48200592,0.5071077,-1.554215,-0.79260314,-1.0443567,2.5140352,0.78616846,-0.23994482,-0.56471646,-0.477531
1259,-1.0274642,0.5071904,0.5021555,-0.8465725,0.2201563,0.2134317,-0.9791198,0.78634775,0.9414173,1.0320544,-1.4952186
1262,0.5877873,0.40183562,0.47550562,-0.9529175,2.0669363,-1.1833985,2.4179723,0.66369087,-1.2433112,-0.89645135,-0.86391383
1263,0.20780808,0.44340944,0.5271524,-0.9641159,0.25529453,-0.6356292,0.19209537,0.7716573,0.96100116,0.80535704,-0.33004302
1267,0.6201321,0.35297278,0.49313328,0.45903596,-0.8092463,0.498932,2.3650236,0.7021543,0.59866905,-1.1386977,-0.07471418
1268,0.5521415,0.44710803,0.65245867,-0.8568476,0.029527059,-1.0120435,-0.92655843,0.72606874,0.8363895,-0.25709045,-1.604987
1271,0.51708144,0.46092984,0.33130732,0.054257236,0.97813416,1.9008518,-0.30628744,0.67803955,0.9190097,0.28888017,-0.7825368
1278,0.64307594,0.48701423,0.6461071,0.19506666,-0.24297889,-0.65541506,1.2248632,0.87142307,-0.8454357,-1.7962359,-0.26247072
1279,0.6235279,0.40570503,0.5123,-1.7017825,0.29856706,0.37295786,1.6588705,0.7501141,0.77416044,-0.40299416,-0.052023362
1282,0.5943056,0.5480636,0.5617432,-0.6314221,-1.4185612,-0.34935573,0.52661675,0.8018508,0.6116781,-1.3507928,-0.20299934
1284,0.5540284,0.50698304,0.55484194,-1.5214838,2.436742,-0.9108027,2.3413777,-1.4155829,-1.2071304,-0.5319608,-0.4736711
1287,-1.5595295,0.5148222,0.4448407,-1.2606837,-1.121882,-0.17572959,-1.3671161,0.7799702,0.81500435,1.205333,-0.7110825
1291,0.5949297,0.3530156,0.45970225,2.1379695,0.43399686,2.4136984,-1.007634,0.5001837,-0.28661448,-0.96599036,-1.25628
1293,0.51164514,0.3738035,0.54931784,-0.57658315,-1.2637041,-0.98399067,1.079606,0.8888005,0.7780106,0.25104985,-1.5281187
1298,0.6346703,0.3962225,0.43476337,-1.004574,2.5430677,0.24959551,2.3304377,-1.7757506,-0.79497015,-0.7563804,-0.8717558
1299,0.34964734,0.43531,0.5848876,0.22823979,-1.1109179,-0.21586491,-0.10952208,0.71367025,0.86654407,0.88758916,-0.7960327
1302,-0.9068698,0.37304774,0.55909616,-1.1054293,0.2637262,-0.20836002,0.9364853,0.8229839,0.85745126,1.1343405,-1.4185824
1303,0.61582035,0.3355244,0.44451237,2.3226058,-0.7724878,2.2319927,-1.0658342,0.53441614,-1.7215513,-1.6889892,-0.56017905
1308,0.5974679,0.43389925,0.5607101,-0.36202508,-0.34005693,-0.11195768,2.4683483,0.7406535,-0.16637051,-1.8208175,-0.48046476
1313,0.58332646,0.41505286,0.532412,0.37049115,1.204694,-0.24990304,2.4593549,0.77939725,-1.2389728,-1.5973456,-0.95093334
1324,0.5666231,0.36124772,0.6313243,-0.6711956,2.3936539,-0.047341537,2.4143178,-1.1147332,-0.78888685,0.2383817,-1.0515575
1330,0.598153,0.53165823,0.37873682,-0.903931,-0.022808148,-0.6007826,0.024495395,0.6398198,0.99208915,-0.9609735,-1.4238296
1331,0.7618533,0.51516384,0.44996217,-1.175822,-0.36477998,1.5251926,-0.47789598,0.8070246,-0.44835797,-0.9245043,-1.2469604
1333,0.6068956,0.64018595,0.5585402,0.524145,-0.13515791,1.0028646,-0.39139944,0.7756519,0.17164145,-1.3292707,-0.6534993
1334,0.5751875,0.3920565,0.45285124,-0.617088,-0.47810546,-1.4544079,-1.3113936,0.7734257,0.9504543,0.26780313,-0.4852377
1340,0.6671305,0.52227825,0.52887887,-1.3436048,-1.2812574,2.0324073,-0.42874524,0.6639538,0.34261212,-0.35682714,-0.88493085
1346,0.5630273,0.4148575,0.57208264,0.436486,2.4115043,-0.5442988,2.4331632,-1.5846338,-0.61557806,-0.06835459,-0.29790822
1348,0.58758557,0.48033112,0.5889838,0.20167659,2.2876847,-1.3217458,2.441237,-0.976195,-0.56288606,-0.27467775,-1.0165982
1352,0.02863535,0.3557414,0.6420093,0.030050527,-0.07660983,0.034651175,0.78425026,0.76180786,0.87077755,0.9729094,0.2957589
1359,0.53399074,0.29360178,0.5916528,0.80709535,0.43322566,-1.8099471,2.6369164,0.7662628,-1.3298484,-0.5676488,-0.61247313
1360,0.55196697,0.33397695,0.65070164,-0.04261994,1.2815872,-0.53056127,2.5004082,0.7403627,-1.5530815,-1.0541561,-0.5655359
1361,0.66984975,0.4969664,0.6266923,0.5275605,-0.5636356,0.6203729,1.8936228,0.7231784,-0.13920437,-0.55650616,-0.72650373
1362,0.6117736,0.5464733,0.54022527,0.79200983,-1.133348,1.778919,-1.2239113,0.8029317,0.15496199,-1.2178127,-0.62988436
1363,0.5957864,0.36176533,0.4830549,0.23781537,0.8402076,-0.94945526,2.613321,0.7689334,-1.8785961,-1.0418384,-0.7314157
1365,0.5449866,0.44028175,0.58081394,-0.06317148,-1.1817727,-0.43236753,-1.7485341,0.791257,0.8677883,-1.1613214,-1.0492256
1369,0.07933223,0.47738698,0.45950446,-1.0969594,0.3802174,-0.65822625,-0.89234734,0.83290756,0.92598575,0.89064807,-0.39319178
1373,0.45836583,0.45432234,0.48484597,-0.7965369,-0.59264493,-0.007805554,0.095470615,0.75879234,0.9623856,0.4472448,-1.0354066
1378,-0.21259099,0.15679085,0.57620996,-0.64288706,0.019661816,-0.5809279,-0.8750116,0.8458062,0.9834091,1.0688473,-0.9272597
1385,0.5809146,0.34914774,0.5407004,0.7310239,-0.36244583,2.3527174,0.34312248,0.83752024,-1.1154177,-0.5457046,-0.8788921
1388,0.53180104,0.38238373,0.57886463,-0.49360305,0.12856,0.59315836,-1.2503049,0.7388493,0.9549887,-0.7315337,-0.19356102
1389,0.6123667,0.43388835,0.3902774,0.31535485,2.3823469,0.23490766,2.5438643,-0.16167325,-1.302883,-0.9767457,-0.6400764
1391,-0.73351705,0.41609365,0.51029474,-1.1143924,0.24790129,-0.47868827,-0.4999905,0.74297106,0.93973005,1.1402844,0.1421229
1392,-0.18323861,0.45894486,0.54979765,-0.9633246,-0.25870743,-0.5750083,0.44081998,0.77698344,0.8056099,1.1252583,-0.7260807
1397,0.5237848,0.33266833,0.3522701,-1.5032041,-0.18384679,-0.7941257,1.1337597,0.80550367,1.0143108,0.3922077,-1.0323573
1401,0.5832783,0.491494,0.50830513,0.12165031,-1.4358164,-0.4682121,1.4107131,0.80427575,0.7380949,-1.0803138,-1.2059336
1402,0.48266065,0.4807972,0.47556475,-0.83817077,0.45843008,-1.4463772,-1.3855665,0.80848527,0.92930603,-0.04701673,-1.6853957
1403,0.5362308,0.4433945,0.6376068,-0.7998676,-1.4767619,1.8938683,0.6757968,0.6717044,0.7242684,-0.6084694,-0.5619782
1405,0.51339847,0.47212622,0.62641287,-0.3019638,0.74286216,0.12445516,-0.9707548,0.7873967,0.79591876,-1.5607709,-0.91187495
1407,-0.6874532,0.3472894,0.50097084,-1.4714195,-1.2053626,-0.17375182,0.0877274,0.8155477,0.97011495,1.1100898,-0.5811657
1408,0.67236215,0.45666704,0.551156,1.9019839,-1.6030623,2.4116564,0.32386568,0.094741456,-0.6698209,-0.6069293,-1.2468389
1412,0.53540397,0.41034493,0.42204922,0.12008571,0.9310337,0.4552216,2.642291,0.7355964,0.1506212,-0.70871496,-1.2101034
1424,0.6096811,0.4980674,0.47963843,-1.189706,0.121201836,2.325479,-0.3225849,0.75498635,-0.6308842,-0.77905226,-0.078126475
1425,0.4634653,0.4854032,0.5614256,-0.5156355,-1.0783707,-0.86625844,-1.2475759,0.7818101,0.88890105,0.22848348,-0.95729506
1428,0.6632899,0.39741337,0.5526247,-0.9598183,0.62057406,-1.4992841,0.98373485,0.786193,0.72787875,-1.1327039,-0.91303307
1429,-0.32666036,0.42894915,0.5617126,-0.59927905,0.21349545,1.431379,-0.74164337,0.8285632,0.8474723,0.9880787,-0.6153367
1430,-0.51403844,0.38878408,0.547125,-0.09875937,0.004554407,-0.22075747,-1.1681678,0.7433443,0.93499124,1.1264753,0.11772721
1435,0.63501394,0.4463393,0.38655007,0.16339564,0.3477779,-0.49122834,-0.10404569,0.7940243,0.887737,-1.0729913,-0.70348376
1439,0.45360276,0.5340232,0.61714894,-0.5324626,-0.3395365,0.24858806,1.1789004,0.77696776,0.7747839,-1.5637057,-0.5066475
1440,0.5367879,0.48944902,0.45514485,-1.6881171,-1.070474,0.42607427,1.6589142,0.9103316,0.58456755,-0.5154035,-0.6995227
1443,0.62833506,0.39968112,0.45665884,-0.25360394,-0.65182835,2.4559233,-0.82716084,0.7757763,-1.8079228,-1.0478479,-0.7314799
1448,0.64384663,0.30869186,0.5722828,0.59375846,0.12496507,2.299113,-0.13392854,0.81351006,-1.4328362,-1.618889,-0.76323867
1449,0.6699855,0.37805495,0.46232235,-0.55661225,-0.19499093,-0.7796146,0.10570277,0.7140996,0.938265,-0.8749359,-1.2423235
1450,0.5061648,0.4425734,0.42058623,-0.13070793,-0.31352443,0.5837926,2.1560116,0.7863249,0.7907761,-1.0387348,-0.30211574
1454,0.583744,0.47430745,0.4364346,-1.3585556,0.5727192,2.1855688,0.43917525,0.69671524,0.65135443,-0.9140762,-0.9447551
1458,0.38966575,0.3525932,0.48660824,0.0046770154,0.31721237,-0.37543306,2.4240317,0.7190061,0.8759083,-0.74682504,-0.63810796
1460,0.6075422,0.35014948,0.5850108,0.18742435,-0.27113077,0.24353702,2.5439484,0.7344297,-1.4050778,-1.8579695,-0.0063989474
1461,0.42448118,0.4613395,0.45401254,-1.2098222,2.2903752,-0.1189342,2.467696,0.6015973,-1.1649063,-0.53872967,-1.1340472
1466,0.4964358,0.42990497,0.68607754,0.6731314,-0.5956998,2.3596551,-1.1465842,0.7117002,-0.39093822,-0.73562866,-0.23705927
1467,0.4406171,0.41027045,0.5911178,-1.4152458,1.4141731,-0.80757886,2.497761,0.8193174,-0.60065997,-1.2819097,-0.89999795
1475,0.59871596,0.416045,0.5892125,0.7022756,0.42178732,-1.3401985,2.3290498,0.77664506,-0.100861564,-0.6631658,-0.67378795
1478,0.6550605,0.36973897,0.5671378,0.37090608,1.2730466,-1.0088409,2.3645082,0.7419399,-1.1329587,-0.7229871,-0.45672008
1480,-0.5767125,0.33694452,0.30750415,-1.2435259,-0.6009438,0.9084437,0.0366171,0.79719037,1.0245328,1.1566358,-0.21503235
1482,0.5067015,0.45969996,0.60413027,-0.19193769,1.0585299,-1.2652037,2.3125215,0.836452,-0.8305245,-0.793649,-0.42561516
1489,0.60627073,0.5736805,0.362141,-0.6313476,-0.30677223,-1.6964613,-1.3935245,0.74260336,0.84367067,0.040689077,-0.55535597
1498,0.49116993,0.5294596,0.5742217,-0.596174,2.518027,-0.2156761,2.2093954,-1.2881377,-1.7563004,-0.84124273,-0.4587454
1501,0.3937783,0.57164174,0.34577566,0.08695436,-0.20705287,-0.11851581,0.43756333,0.6659448,0.93377006,0.82952625,-1.0698496
1507,0.59689176,0.3761072,0.6634752,-0.9306031,2.4110992,-0.1983059,2.31238,-0.8712444,-1.3429718,-0.45983014,-1.0913634
1509,0.47465354,0.40176424,0.6281542,-0.35972673,-0.046161197,1.4082499,-0.095436655,0.7610794,0.88278365,-1.166078,-0.90541327
1511,-0.8455904,0.4890338,0.50509113,0.80871105,-1.514571,0.32362267,-0.69103366,0.8290282,0.8992228,0.99802387,0.0589838
1516,0.556374,0.51073337,0.5607551,-0.42390537,-0.53950375,0.6226592,-0.120435715,0.7437479,0.812623,-0.334093,-0.27756456
1518,0.5202643,0.3377759,0.33521932,0.07454004,-0.75134146,-1.3701552,2.3948717,0.78331834,0.8440055,-1.5730252,-0.7057213
1530,0.5198021,0.4609488,0.36765122,-0.7689721,-0.1687314,0.2633959,-0.62153363,0.8174922,0.8369499,0.73693746,-1.0159768
1533,0.48356858,0.4663777,0.5154863,-1.2775832,-0.6265557,-1.1845124,0.9866584,0.8456342,0.86824936,-1.1864274,-0.5382424
1537,0.5392496,0.5631389,0.61850363,-0.28215122,2.4885175,0.4605549,1.8126299,-0.63357294,-1.0767583,-1.2575887,-1.2212743
1539,0.6053987,0.49243578,0.4298052,-0.087056816,2.4641886,0.8772419,2.3508663,-1.591265,-0.9897815,-0.8750032,-0.77279425
1543,0.59653884,0.5018099,0.45322874,-0.5709768,-0.059838492,2.3059902,0.56409293,0.79732525,-0.8780387,-0.73496336,-0.54143006
1547,0.5282918,0.58091307,0.42170805,-0.78162694,-1.5912393,-1.4858453,2.1918151,0.9026018,-0.5547397,-1.7081046,-1.3802596
1550,0.65725005,0.3630777,0.44984835,-0.44079205,-0.7516891,-1.1557584,-0.96113455,0.7346736,0.96047014,-0.6510707,-1.7170659
1552,-0.650792,0.4395851,0.37052774,-0.17088777,0.14221945,-0.8358,-0.95455486,0.78129816,0.89747477,1.2165471,-0.20070963
1553,0.5751198,0.45905924,0.65647084,-1.1135769,0.2551486,0.665998,0.8615612,0.7781541,0.6474222,-0.886788,-0.3021693
1554,0.49434313,0.40275598,0.6047346,2.0379784,-0.75554323,2.3051248,0.3926185,0.5967205,-0.6693438,-0.10415147,-0.9526715
1561,0.47734624,0.46716672,0.43454364,0.05229548,-1.7032309,-1.0269837,0.8806878,0.7770066,0.90924186,0.59006274,-1.2876867
1563,-0.03958661,0.3287639,0.52099913,0.85979724,-1.4737308,-0.6930231,0.42877287,0.7841193,0.8859257,1.1207925,-0.1877262
1565,0.5456884,0.49267393,0.49900454,-0.49293473,-0.5544607,0.5195617,0.97649777,0.7010254,0.93230295,-0.6389241,-1.5418208
1575,0.5606834,0.31363907,0.49318272,2.3477447,-0.083496004,2.3813703,-1.1136664,0.38882968,-1.48161,-1.1984955,-0.36453694
1576,0.6431125,0.39921927,0.5877395,-0.34596875,-0.8698607,-0.426561,-1.4804299,0.76302266,0.80682033,-0.8920744,-1.5980392
1584,0.5271257,0.5754106,0.55078816,-0.58053565,-0.13716999,-0.9474743,2.1489744,0.80902255,0.0047043557,-0.74188775,-0.56896204
1586,0.61237925,0.48510483,0.449266,-1.1864194,-0.49625987,1.0470049,-0.7230384,0.771459,0.83785427,-0.8644115,-0.6164239
1587,0.54967594,0.3945943,0.601963,1.3586551,-1.1610969,2.499748,-1.4498411,0.6355027,-0.9274336,-1.350073,-1.3263993
1588,0.6412706,0.52828854,0.5629192,-0.1054286,-0.543074,-0.012526235,0.029671887,0.62909347,0.8041164,-0.4745016,-0.60332394
1589,0.56605893,0.4455338,0.42563862,0.7925171,-1.4812762,1.0515367,-1.1734343,0.81108415,0.8824968,-1.0988896,-0.30111888
1590,0.63279295,0.53613776,0.53309983,0.19918083,2.418299,0.47086066,2.0614946,-1.7056031,-0.7637251,-0.73383236,-0.28463718
1596,-0.31736603,0.5251885,0.36231053,-0.76678497,-0.043658756,-0.6453948,-1.1279684,0.7653478,0.8762236,1.1057281,0.6382211
1599,0.52929974,0.4425475,0.47064108,-1.66096,-1.011599,-0.5471795,0.16305661,0.829343,0.91382873,-0.303465,-0.5184842
1605,-0.21466638,0.44858658,0.5926386,0.47697854,-0.9802553,-1.4583699,-0.32462278,0.80403084,0.9024719,0.964027,-1.2932382
1608,0.45062816,0.41148406,0.43163154,-0.7622008,0.5104828,-0.4430592,-0.3476018,0.84718627,0.8518383,0.7406979,-0.11739648
1614,0.4737528,0.3831547,0.36191052,0.2985134,2.3662913,0.593659,2.5150194,0.5825038,-1.3407515,-1.1541438,-0.59810066
1616,0.23945637,0.33202407,0.56366426,-0.8683222,-0.4722641,-1.131044,-1.4110366,0.7359574,0.997297,0.91220987,-1.6072667
1618,0.45668063,0.49648315,0.46492705,0.1375115,0.57590806,-0.37274283,2.5624123,0.8294149,-0.64640284,-0.6635456,-1.4458228
1619,0.55975395,0.426957,0.49684906,2.3439777,-1.3056849,2.3067904,-1.2480795,0.29917756,-1.8070863,-1.1125058,-0.7971116
1624,0.55510384,0.6096809,0.4921381,1.0136617,2.4544392,0.17691562,2.0343072,-2.0890195,-1.3008773,-1.8022543,-0.7631196
1626,0.6126138,0.4263219,0.43761843,1.0623368,-0.9510548,2.3631122,-0.64137244,0.7990047,-1.1458702,-1.0421984,-0.0017427636
1627,0.51007855,0.45361918,0.39032945,1.6724691,0.861991,2.5065703,-1.3449632,0.71742296,-1.7819245,-1.0147629,-0.889915
1628,0.6688312,0.44518435,0.65098363,0.64699167,0.10831,-0.5727409,0.7416985,0.85176927,0.041561786,-1.0991927,-1.5298668
1629,0.63331455,0.58433425,0.39451954,0.7794544,0.14334573,-1.3790101,1.1398376,0.8807705,0.17676952,-0.046148293,-0.26221246
1634,0.5698609,0.32799074,0.43899795,0.24052261,0.13690226,1.0556756,-0.6269417,0.7712813,0.98619837,0.054357417,-1.4798657
1636,0.54232615,0.45212772,0.58712053,-0.059576504,-0.67372245,0.8538876,-0.59783983,0.77355844,0.8363697,-0.6669416,-0.43600667
1638,0.50401795,0.48011905,0.38102284,0.92327344,-0.15356542,-1.2286783,-0.41790855,0.7047276,0.8890087,0.8000442,-0.27815148
1644,0.63145214,0.49471894,0.5490476,0.06429871,2.4458468,-1.7016531,2.125854,-0.8665078,-1.4420053,-0.4198428,-0.6496633
1645,0.64193356,0.43897983,0.6576963,-1.2689753,-0.40756184,-1.4140234,0.040838785,0.775074,0.607223,-0.28071573,-1.3457392
1646,-0.62195134,0.35257292,0.39565837,0.40229633,0.06453774,-0.99233913,0.13888627,0.8262988,0.95952404,1.1613874,-0.7682758
1647,-0.46103203,0.33363286,0.38041565,-0.11152177,-0.7927119,0.35590744,0.6478305,0.7579529,1.0252331,1.1598048,-1.2414303
1651,0.08677501,0.36454755,0.59366864,-0.8763868,-0.74323905,-0.26017508,-1.0552412,0.6209143,0.97983795,1.0656966,-0.11629561
1653,0.06393283,0.43455914,0.48313236,-1.5896572,-1.64689,-0.32344463,-0.9041815,0.8542887,1.0043442,0.72261727,-0.65859455
1655,0.55840844,0.4844454,0.51405287,-0.23827587,0.062160686,0.9609518,1.2487137,0.83357936,0.70471007,-0.99129236,-1.206068
1661,0.64601326,0.49260548,0.64747113,-0.5155126,-1.2419646,1.9463307,-0.18044125,0.7498357,-0.6827739,-1.0143391,-0.52839595
1667,0.6599123,0.53867024,0.5138726,-0.15452068,-0.45937985,-0.50559896,2.0794766,0.79762524,-1.0733534,-0.86420244,-1.0749909
1670,0.61080843,0.3233611,0.5701752,1.1224401,0.18920586,2.3597648,-0.5027937,0.7825546,-1.0624996,-0.75637925,-1.2157651
1673,0.48977494,0.48494315,0.50516516,-0.2382277,2.1494133,-0.94404083,2.3593874,0.63386804,-1.6019572,-1.8791747,0.04091347
1675,0.5630879,0.565181,0.45754623,-0.13323285,0.9207289,-0.0880735,-0.11896884,0.7290824,0.82742685,-0.16194648,-1.408581
1683,0.20889169,0.4539082,0.5823303,-1.009134,-0.959279,-0.038581062,-0.39231038,0.78129363,0.87251097,0.8406355,0.1871334
1692,0.5164474,0.37985507,0.48539796,-0.31865188,-1.4696666,-1.3087493,2.5451746,0.71007943,0.61217356,-0.47718078,-0.5625254
1695,0.6355394,0.46150097,0.54661375,-0.91914546,-0.44994292,-0.4390439,-0.45906335,0.7641904,0.78956103,-0.98041457,-0.8471241
1699,0.5220984,0.38309938,0.4601211,0.29732144,0.35141793,-0.9917278,0.43855357,0.8131675,0.91571134,0.42010126,-0.32306835
1701,0.59537816,0.3325466,0.48194042,-1.1741617,-0.741507,-1.5404758,1.8982674,0.7386254,0.9084313,-0.9134047,-1.34155
1708,0.6890329,0.49495777,0.5999655,-0.581298,1.1006262,0.21939713,1.5252129,0.7797824,-1.5152911,-0.01748292,-0.43797824
1709,-0.42836264,0.12924892,0.53245467,0.15157169,0.35360035,0.42433244,-0.3876656,0.87400526,0.99403363,1.0770667,-1.5429341
1711,0.45125693,0.5066561,0.5026361,-1.5482495,-0.49475333,-1.3634272,0.9611353,0.7499875,0.9349294,0.1594608,-0.46486494
1712,0.4754848,0.44714728,0.4149978,1.6690317,0.014238894,2.2461252,0.02801305,0.90032625,-1.4569479,-0.85935086,-0.8248741
1713,0.64900863,0.46955693,0.55327487,0.17338626,0.56571406,0.066011935,0.89185286,0.8463166,0.4716459,-0.76993644,-1.1877773
1715,0.65519404,0.59300417,0.5786417,-0.9487184,0.8679596,-0.20264368,0.07128782,0.7653079,0.23135732,-0.8984032,-0.570782
1717,0.58736426,0.3831103,0.43514484,-0.8369424,-0.21600816,1.8726537,-0.6771345,0.76094466,0.8653394,-1.2018142,-0.86810356
1719,0.4952223,0.5200016,0.40901062,0.21412797,-0.34227082,-0.0880242,1.4832792,0.8525282,0.7833807,-0.29910904,0.07155236
1724,0.53479093,0.39617524,0.5733136,0.49287423,-0.2731513,2.505888,-0.7969392,0.7331259,-1.2417754,-1.3813334,-0.32930008
1725,-0.12964809,0.48550445,0.48159117,-1.30658,-0.8915393,0.6708409,0.5200152,0.7715232,0.93772095,0.9979096,-1.3609511
1726,0.64080566,0.49377316,0.5072542,-0.412378,2.2493238,-0.58732134,2.494667,-1.1768117,-0.8005867,-0.5931162,-0.6920395
1729,0.24346022,0.50668174,0.46523708,-1.3159238,0.6396275,-0.82557666,0.7424721,0.64978397,0.95915014,0.92942935,-1.4150162
1730,0.51522326,0.3587313,0.6763547,-0.30952036,-0.43519175,1.6480026,-0.5564814,0.76661825,0.77368116,-0.5364627,-1.5834385
1732,0.55181265,0.37656993,0.50819784,2.3753672,0.2583855,2.2557151,-1.5350716,0.3860935,-0.698297,-1.6167586,-1.1663668
1733,0.6338919,0.6725854,0.55267024,-0.9814607,1.9647087,-0.2971808,2.2291794,-0.3564289,-1.0543116,-0.4652421,-0.5502231
1734,0.18404573,0.5495488,0.41293752,0.2813184,-1.4807061,-1.6720173,-1.7904792,0.71773183,1.0027252,0.80289793,-0.8584616
1735,0.4705509,0.42075205,0.5262493,-0.7517728,-1.1208928,-0.22137104,1.6056225,0.8149183,0.8096261,0.46965203,-1.1631423
1741,0.5478925,0.49287176,0.41648954,2.121561,-0.34918952,2.3844552,-1.0247222,0.5206452,-1.8368626,-0.99060166,-0.40618065
1743,0.55156827,0.43686616,0.6001076,-1.2609526,-1.2136974,0.1659593,-0.3741321,0.8775381,0.69007564,-0.801801,-0.5573229
1745,0.53911275,0.4704133,0.5702809,-0.8601479,-0.43310452,-0.88470334,0.85860336,0.7198883,0.8016113,0.5326637,-0.46576548
1747,0.42594936,0.36400452,0.35714772,-0.95918703,2.3892694,0.05772146,2.6838055,0.45332518,-1.589837,-1.2914182,-0.6746743
1748,0.6113419,0.52375257,0.59703594,0.7555119,0.6502038,-0.8279743,2.2469954,0.70747364,-0.9475439,-0.91150206,-0.70427984
1750,-0.19067226,0.4042383,0.5171578,-0.7160547,-1.3348143,-0.22060063,-0.6885413,0.82854956,0.92258894,1.0213716,0.11043132
1760,0.60936254,0.5262788,0.51809806,-0.31088242,0.3380636,0.23924476,0.54587317,0.7188246,0.7975112,-0.8673198,-0.9100877
1763,0.5755047,0.5548914,0.62033445,-0.42096886,-0.5285962,0.9301821,0.22688968,0.72103363,0.6377936,-0.9703344,-0.08382402
1768,0.52177656,0.38780418,0.62034434,-0.5257802,-0.2942496,-0.37350687,1.261368,0.8088423,0.8301684,-1.2912222,-0.80548924
1769,0.5802404,0.3614587,0.5670253,-1.0465094,0.844252,-0.4492882,1.5918301,0.83115286,0.72391385,-0.48084918,-0.5708682
1771,0.5920444,0.54446644,0.40188256,-0.49923977,1.8013417,-1.7580982,2.5574496,0.4648283,-0.5952614,-0.36502528,0.17284034
1772,0.49771762,0.37777394,0.58000267,1.7919607,-1.4788736,2.4974763,-1.7377006,0.63403046,-1.1535647,-1.0581042,-0.50821155
1774,-0.51979756,0.38766414,0.5048593,-0.09679327,0.28095695,0.24267817,0.18296084,0.81055045,0.82784367,1.1864635,-0.3985562
1780,0.4821365,0.39978638,0.6342277,0.81733245,0.34744927,2.4335797,-1.669695,0.7612111,-0.9057208,-0.62893736,-1.5639888
1781,0.5988246,0.31233,0.5415276,0.16613816,0.041468356,2.4232569,0.20052837,0.81660247,-1.3939157,-1.2736094,-0.5443794
1783,-0.24739538,0.41871667,0.5447649,-0.8709418,0.6428654,0.38705894,0.15709458,0.79219115,0.94217783,1.0000556,-1.3055768
1788,-0.04601295,0.44403988,0.5152103,-0.22599444,0.074711315,-0.3673826,0.5895448,0.73332644,0.8913527,1.0917095,-0.21254806
1790,0.5780493,0.373349,0.5497812,2.2331004,-0.020092577,2.259871,-0.72371817,0.47557446,-0.4782753,-1.6270512,-1.3377208
1793,0.5975968,0.44362575,0.5227258,-0.99784124,-1.1878638,0.06336154,2.3920677,0.78617954,-0.17189425,-0.77014565,0.21840602
1798,0.44320926,0.45645562,0.5229673,-1.457826,-1.0804844,0.30326414,-0.3850211,0.72984934,0.97280097,0.4371724,-1.5604658
1800,0.5809651,0.41596317,0.6530944,-0.019191701,-0.30737448,2.1692924,0.15727699,0.79504734,-0.66247094,-0.40575945,-0.9634476
1805,0.51055163,0.4661101,0.55212265,-0.71755147,-0.65200686,0.7935057,0.94763905,0.7284712,0.9133462,-0.460031,-0.56361365
1807,-0.489149,0.4854418,0.6108965,0.64644784,-0.18276225,-0.5763362,0.18504304,0.7901876,0.79289436,1.0536406,-0.23676957
1812,0.60873765,0.45343968,0.42069244,-0.99993145,-1.5768077,0.8013264,-0.8014883,0.73957163,0.90649647,0.11993734,-0.17762904
1815,0.5238931,0.47328317,0.61414057,-0.31328452,2.3510735,0.6804939,2.37036,-0.6555118,-0.84894294,-0.015002521,0.09247365
1818,0.70338035,0.581209,0.6103866,0.13199438,-1.1659721,1.8437264,-0.32157457,0.58636165,-1.1086403,-0.02732562,-0.7091712
1823,0.60330915,0.45335492,0.60519296,0.39925966,2.3832376,-0.62508816,2.3054347,-0.7554868,-0.71854734,-1.6073031,-0.9674206
1829,0.57945323,0.5232983,0.77509767,1.7003404,-1.5895535,0.78919804,-1.5667708,0.6670604,-0.35476965,-1.8205023,-1.0573109
1831,0.6640029,0.46976903,0.5526488,-1.0132321,-1.6423503,-0.12830919,2.0621402,0.81416047,-0.22764671,-1.0286183,-0.45695266
1836,0.44561738,0.41750506,0.3513819,-1.3670013,-0.44115552,1.1165355,-0.07671711,0.7896596,0.91914195,0.81705505,-0.97200763
1837,0.56841195,0.4952401,0.57261086,0.23849978,2.3195062,-0.37125808,2.442749,-0.7441356,-0.918452,-0.39597476,-1.1793988
1838,-0.66338587,0.38295665,0.40212244,0.6910103,-0.94898534,-0.76715505,-0.29382557,0.8217362,0.9695405,1.1046392,0.29603758
1839,0.6627514,0.2990182,0.5394038,-0.010664348,0.28684506,0.5207466,2.4688466,0.7771966,-0.35647747,-1.1053042,-1.1487172
1844,0.6400723,0.48775217,0.6397843,0.36871597,1.0464885,0.6030971,2.31636,0.5583334,-0.43987423,-1.1753848,-0.088976294
1846,0.54808426,0.46829024,0.47318324,-0.028824778,-0.09550038,0.7258724,0.3433727,0.7787605,0.9012749,-0.7124221,-0.314284
1850,0.59910226,0.4743884,0.5833496,-1.3646978,2.353931,-1.6292108,2.37317,-1.2109609,-1.9520748,-0.056467988,-0.96878415
1851,0.5514015,0.5127143,0.47973862,0.66690314,0.197308,0.37014127,-0.5146566,0.7380842,0.8836413,-0.41868415,-0.30531678
1852,0.4456135,0.50189334,0.51535547,-0.33949962,0.5458394,0.414235,0.6220107,0.7276689,0.9388691,0.20320173,-0.6960748
1853,0.64701575,0.4456257,0.51794136,-0.5200507,0.9924805,-1.5281864,2.2867653,0.77312493,-0.8605093,-0.06751315,-0.12681259
1863,0.44626132,0.501997,0.48307323,-1.2055612,-0.21556841,-1.1472868,-1.8112298,0.87422144,0.8442372,0.035733603,-0.17626704
1864,0.5230477,0.41614938,0.42840734,-0.21334973,0.68798363,-0.0994711,2.720264,0.7437497,-0.7671006,-1.0160581,-0.33332846
1867,0.5801092,0.28392458,0.37492555,0.16776806,-0.14225093,0.84340113,0.528652,0.81152576,1.0188967,-0.50896466,-1.1108989
1873,0.412498,0.5927401,0.46035498,-0.46012744,-1.3235937,-0.65034753,-0.44722787,0.7681806,0.911092,0.104481936,-0.9966926
1877,0.614093,0.3842115,0.48394704,-1.3137168,0.9139851,-0.053106636,2.5818279,0.7427319,-1.1974285,-0.68945265,-0.21364644
1878,-0.064962134,0.42381084,0.60653716,-0.93918425,-1.2429281,0.17212749,-0.802944,0.6928088,0.9372659,1.0315523,-0.15375306
1887,0.30834982,0.48809204,0.5327479,-0.03381478,-0.054866754,-0.47906655,-1.3614366,0.7194689,0.93511486,0.7905711,-1.2700757
1888,0.53024936,0.31638563,0.4891865,-0.07513281,-0.40809077,-0.7177488,2.64894,0.82047284,-0.088039935,-1.809656,-0.26522517
1892,0.5282192,0.4531939,0.52956325,0.108399,-0.2986187,-0.3593825,-0.6056179,0.7833607,0.8221901,0.5220644,-0.742482
1893,0.6000321,0.4126602,0.5500381,0.24361387,0.51574254,0.4171132,2.582403,0.67404395,-0.57877594,-0.7730811,-0.7957421
1898,0.559945,0.5101444,0.5760815,0.28158545,-0.4238531,-1.3216786,-0.90230376,0.7969825,0.7519847,-0.94687235,-0.7698292
1902,0.6270284,0.48222825,0.49605322,0.5084834,-0.5046701,-1.6341194,1.542586,0.6915833,0.8068484,-0.7105875,-0.4936517
1906,-0.28989998,0.36141965,0.41079512,-0.065423824,-0.03437252,0.8034206,-0.08298376,0.84979206,0.970465,1.0607784,-0.6983781
1908,0.5509121,0.50781286,0.46652764,0.12957196,2.3678682,-0.51317364,2.3257456,0.19205725,-1.0869048,-0.31842402,0.2139464
1909,0.47056797,0.4088889,0.59916186,0.13619736,-0.8013786,-1.4194354,-0.18977797,0.7895568,0.93116075,-0.23605238,-0.6375049
1913,0.5655193,0.3422347,0.4276667,-0.7121764,0.1381326,0.21541937,2.3635309,0.8590506,0.5379192,-0.8742232,-1.453096
1914,0.544543,0.47579223,0.5239476,-1.0376815,2.3672018,-0.1769685,2.547679,-1.0369548,-1.7006978,-1.0020647,-0.3713176
1916,0.6711993,0.3954558,0.43503338,0.13112544,-1.4717402,-0.8086624,-1.0467916,0.7694737,0.88061476,-0.1884111,-1.0681937
1918,-0.14597659,0.38572285,0.42490348,-0.2937481,0.5345604,-0.3821502,0.64491,0.83996975,0.84616846,1.154236,-1.342329
1921,0.6066774,0.450002,0.57062805,-0.58361715,0.22456367,-0.04574369,-1.0685322,0.70291287,0.8748202,-0.6738215,-0.6884184
1923,-0.8761875,0.02147582,0.57413846,-0.8589355,-0.46413139,0.2386041,-0.4163228,0.8443687,1.0245014,1.1171042,-0.09988889
1925,0.41501796,0.5586649,0.4421837,-0.94059956,0.22045486,0.10913384,1.5217477,0.7050226,0.9361938,0.17530574,-0.78857726
1926,0.5470457,0.5399731,0.49297106,-0.9048547,0.003308903,1.4820721,-0.7236907,0.835025,0.6319011,-0.46930602,-0.72709215
1928,0.45007122,0.5097796,0.6433721,0.6485335,-0.5230379,-0.35073188,-0.9846784,0.764141,0.8301807,-0.9152397,-0.5586055
1929,0.4838281,0.3787594,0.5351836,-1.042076,0.07642098,-0.18391564,-1.4704255,0.8651753,0.83902186,0.4884424,-0.6099005
1932,-0.24752545,0.30115798,0.4252865,-0.41067475,0.5058921,-0.82098246,-0.15706587,0.8387797,1.010805,1.0664117,-0.423126
1942,-0.3196338,0.4487311,0.4347681,0.49563488,-0.5314657,-1.7319783,-0.08733235,0.7422729,0.93279934,1.1415097,0.034872964
1944,0.6489677,0.3996341,0.5061763,-0.0016471948,-1.1331569,2.1705327,-1.2082895,0.84203947,-0.08819489,-1.6837966,-1.1968149
1947,0.6445432,0.4378104,0.5554662,0.20509152,-0.48403877,-0.095166236,-0.1743188,0.7240828,0.7466373,0.38917962,-1.0252048
1953,0.5049544,0.37440875,0.58992875,1.6949008,-0.5034079,2.4956954,-0.1623672,0.64108515,-0.712945,-1.0712813,-0.71184164
1954,0.33152336,0.5556102,0.6313149,-0.22680359,-0.73401445,-0.3013998,-0.20626655,0.73551106,0.7500491,0.7205045,-0.8703446
1961,0.4048025,0.4844822,0.4670247,-0.5556073,-0.46753672,0.9098545,0.84117794,0.86242306,0.8506655,0.3379627,-1.1525126
1968,0.63386005,0.4638091,0.30119598,0.1921299,-0.26300743,-0.34682995,2.553405,0.7939486,-0.25093597,-1.3290318,-0.8337258
1969,-0.39464763,0.032676395,0.58216834,0.7241498,-0.26322427,-1.7375841,0.009451696,0.8162793,0.9457623,1.1840978,-0.027102837
1971,0.7579653,0.53487307,0.7615798,-1.4014734,1.7782527,0.8152987,1.4640383,-1.1670676,-0.2699577,-1.43124,-0.30778143
1976,0.62680167,0.27926126,0.5183761,-1.1303381,-0.6926159,-0.35042563,1.7451454,0.8018918,0.83109105,-0.4198182,-1.7013117
1977,0.55781657,0.43680125,0.3946043,-0.9394501,0.30976543,-1.6933578,2.4945185,0.88594866,-1.2395302,-0.28634763,-1.1125834
1980,0.5078133,0.56156784,0.65513605,0.042314064,0.81324965,-0.02057264,-0.67696023,0.8522564,0.37508896,-1.0312048,-0.7314094
1981,0.589448,0.4698484,0.42360088,-1.3934548,-0.5864408,-0.7336149,-0.019732518,0.78286844,0.9095162,-0.3945355,-0.2165455
1983,0.17883074,0.48821735,0.5402169,-0.43838227,-0.9133859,0.64021426,-0.1450755,0.8721872,0.8124152,0.7682986,-0.8283217
1991,0.5481639,0.3369075,0.43777463,-1.3412383,-0.19503886,1.0560012,-1.4950595,0.829301,0.93383044,0.304385,-0.82880956
1995,0.59218323,0.5062217,0.5537811,1.0428785,-0.2932605,2.2215242,-0.61716634,0.7415088,-1.2940246,-0.34722483,-0.62441176
1999,0.5475871,0.4660432,0.50023365,0.21341072,0.9265853,-0.70603687,1.1767716,0.82707715,0.782133,-0.67647684,-1.5689737
