,pseudotime0,pseudotime1,pseudotime2
cell_0,,,0.64335704
cell_1,0.021075573,,
cell_2,0.068059936,,
cell_3,0.1516158,,
cell_4,,0.92816055,
cell_5,,,0.29204616
cell_6,,0.81944054,
cell_7,0.18679327,,
cell_8,,,0.37627944
cell_9,,0.93531346,
cell_10,,,0.6612281
cell_11,0.021262312,,
cell_12,,,0.5948436
cell_13,0.07528798,,
cell_14,,,0.27209714
cell_15,,0.9147481,
cell_16,,,0.2851908
cell_17,,,0.39308488
cell_18,,,0.59992784
cell_19,,0.8819233,
cell_20,,,0.60218763
cell_21,,0.7724474,
cell_22,,0.8206983,
cell_23,,0.92066276,
cell_24,,0.9477458,
cell_25,,0.83721155,
cell_26,0.179522,,
cell_27,,0.9090593,
cell_28,,0.9471708,
cell_29,,,0.64505273
cell_30,,0.8692163,
cell_31,0.13423258,,
cell_32,,,0.63996446
cell_33,0.008875771,,
cell_34,0.10473526,,
cell_35,0.085962854,,
cell_36,,0.8944964,
cell_37,,0.88964045,
cell_38,,,0.44907665
cell_39,,0.9595955,
cell_40,,,0.48660186
cell_41,,0.89169675,
cell_42,0.21925333,,
cell_43,,,0.70114493
cell_44,0.16335134,,
cell_45,0.1267458,,
cell_46,0.19024713,,
cell_47,0.21800333,,
cell_48,,0.9854261,
cell_49,,0.9369614,
cell_50,0.028761543,,
cell_51,,,0.40732542
cell_52,0.07064405,,
cell_53,,0.9168788,
cell_54,0.21829094,,
cell_55,,,0.67260987
cell_56,,0.94696844,
cell_57,0.04915255,,
cell_58,,0.9181837,
cell_59,,0.79987794,
cell_60,,0.77654016,
cell_61,,,0.62139726
cell_62,,,0.5940839
cell_63,0.021870883,,
cell_64,,,0.41989437
cell_65,0.021991368,,
cell_66,,0.8812283,
cell_67,,0.8045254,
cell_68,0.18918161,,
cell_69,0.16567913,,
cell_70,0.076987304,,
cell_71,,0.9583025,
cell_72,,0.82062465,
cell_73,,0.88433784,
cell_74,,,0.44632992
cell_75,,,0.64695764
cell_76,,,0.24411339
cell_77,,,0.6621372
cell_78,,0.75723064,
cell_79,,0.86675155,
cell_80,,,0.3316715
cell_81,,,0.24315228
cell_82,0.0962383,,
cell_83,,0.91021276,
cell_84,,,0.24436848
cell_85,,,0.31985703
cell_86,0.0024616253,,
cell_87,,0.8457626,
cell_88,0.053124156,,
cell_89,0.18069255,,
cell_90,,,0.41193005
cell_91,0.1626538,,
cell_92,0.1710189,,
cell_93,,0.90725225,
cell_94,0.05073104,,
cell_95,,0.8289089,
cell_96,,,0.52480245
cell_97,,,0.5368536
cell_98,,,0.615896
cell_99,0.050730314,,
cell_100,,0.93226933,
cell_101,0.16966394,,
cell_102,0.029210566,,
cell_103,,0.93572944,
cell_104,0.1629058,,
cell_105,,,0.47941455
cell_106,,,0.58346087
cell_107,0.11698209,,
cell_108,0.055906214,,
cell_109,,0.73045415,
cell_110,,,0.26123276
cell_111,0.040968638,,
cell_112,,,0.51844263
cell_113,,,0.6253655
cell_114,,0.84689,
cell_115,,,0.5215619
cell_116,,,0.42157102
cell_117,,0.8232265,
cell_118,,0.89963067,
cell_119,0.21135235,,
cell_120,,0.8404025,
cell_121,,,0.61213964
cell_122,,,0.25102445
cell_123,,0.93868774,
cell_124,,,0.23716883
cell_125,,,0.6615022
cell_126,0.045635287,,
cell_127,,0.79482126,
cell_128,,,0.35453936
cell_129,0.11168643,,
cell_130,,,0.4999508
cell_131,0.10701257,,
cell_132,,,0.71851695
cell_133,,0.7854251,
cell_134,0.049154345,,
cell_135,0.061962288,,
cell_136,0.1916083,,
cell_137,,,0.53015506
cell_138,0.21279533,,
cell_139,0.11400861,,
cell_140,,0.83074397,
cell_141,0.022739053,,
cell_142,0.06882558,,
cell_143,0.03876941,,
cell_144,,0.8679302,
cell_145,0.20164622,,
cell_146,0.15733735,,
cell_147,,0.84487855,
cell_148,0.16549921,,
cell_149,0.035108488,,
cell_150,0.055549346,,
cell_151,,,0.4784513
cell_152,,0.8887783,
cell_153,0.023697875,,
cell_154,,0.749684,
cell_155,0.1274757,,
cell_156,,0.91621614,
cell_157,,0.89062876,
cell_158,0.06364755,,
cell_159,,0.83510685,
cell_160,,0.8682037,
cell_161,0.07313944,,
cell_162,,,0.67375994
cell_163,0.17818357,,
cell_164,0.22713044,,
cell_165,0.05615442,,
cell_166,0.017246941,,
cell_167,,,0.5453852
cell_168,0.13096608,,
cell_169,,0.9473582,
cell_170,,0.8437133,
cell_171,0.05701559,,
cell_172,,,0.52149236
cell_173,0.13960432,,
cell_174,0.11826592,,
cell_175,,,0.48562354
cell_176,0.18156807,,
cell_177,0.019936899,,
cell_178,,,0.6295603
cell_179,0.21222419,,
cell_180,,0.939087,
cell_181,,0.9265608,
cell_182,,,0.24972177
cell_183,,0.96231544,
cell_184,,,0.6086877
cell_185,0.0082114125,,
cell_186,0.1851217,,
cell_187,0.053721536,,
cell_188,,,0.46901318
cell_189,0.021436857,,
cell_190,0.01656214,,
cell_191,,,0.271741
cell_192,0.064972855,,
cell_193,,0.93825334,
cell_194,,,0.24486293
cell_195,,,0.6038728
cell_196,,0.86160916,
cell_197,,,0.24395394
cell_198,,,0.60523397
cell_199,,0.7916532,
cell_200,0.023293901,,
cell_201,0.06338719,,
cell_202,0.12538472,,
cell_203,0.05049488,,
cell_204,,0.81576663,
cell_205,,0.876104,
cell_206,,,0.47269863
cell_207,,0.7881596,
cell_208,,,0.39311683
cell_209,0.012103713,,
cell_210,0.052345674,,
cell_211,,,0.2272444
cell_212,,,0.48242342
cell_213,0.1726689,,
cell_214,,0.80711865,
cell_215,,0.83283186,
cell_216,,,0.2884536
cell_217,,,0.5802232
cell_218,,,0.25066638
cell_219,0.053523865,,
cell_220,,0.83930904,
cell_221,0.035693344,,
cell_222,,,0.35036555
cell_223,,,0.6551983
cell_224,,,0.27392152
cell_225,0.18152091,,
cell_226,0.0340561,,
cell_227,,0.9442251,
cell_228,0.21897946,,
cell_229,0.08079377,,
cell_230,0.08409514,,
cell_231,,0.9305331,
cell_232,,,0.49885416
cell_233,,0.82617474,
cell_234,0.04678411,,
cell_235,0.07562261,,
cell_236,,,0.6425123
cell_237,0.034788907,,
cell_238,,,0.5566601
cell_239,0.015089606,,
cell_240,,,0.5990172
cell_241,,,0.6144277
cell_242,,0.7697227,
cell_243,,,0.6103053
cell_244,0.17049594,,
cell_245,,,0.46880427
cell_246,,0.8340665,
cell_247,0.06442687,,
cell_248,,,0.6207837
cell_249,0.20385543,,
cell_250,,0.7969098,
cell_251,,0.90881014,
cell_252,,0.7221841,
cell_253,,,0.6585454
cell_254,,0.9739228,
cell_255,0.11656492,,
cell_256,0.104963854,,
cell_257,,0.9113559,
cell_258,0.016796043,,
cell_259,0.027810616,,
cell_260,0.08418698,,
cell_261,,0.82005143,
cell_262,0.03983137,,
cell_263,,,0.6458599
cell_264,,,0.5599258
cell_265,0.08248363,,
cell_266,0.050901856,,
cell_267,0.048036132,,
cell_268,,,0.24541485
cell_269,0.031818558,,
cell_270,,,0.28443602
cell_271,,0.9488109,
cell_272,,,0.7156311
cell_273,0.2134881,,
cell_274,0.016436858,,
cell_275,0.020788807,,
cell_276,,0.8617549,
cell_277,0.046721987,,
cell_278,0.06058043,,
cell_279,,0.8717982,
cell_280,0.06697237,,
cell_281,,,0.45383573
cell_282,0.055929873,,
cell_283,0.19289583,,
cell_284,0.06986033,,
cell_285,,0.87488705,
cell_286,,,0.4430274
cell_287,,0.72472256,
cell_288,0.05784382,,
cell_289,,,0.44055173
cell_290,,0.82299143,
cell_291,,0.91599566,
cell_292,0.02269743,,
cell_293,,0.93309546,
cell_294,,0.9530565,
cell_295,,0.89873135,
cell_296,0.034638904,,
cell_297,,0.923683,
cell_298,,0.95442057,
cell_299,,,0.23626809
cell_300,,,0.60186535
cell_301,0.031847876,,
cell_302,,0.9279247,
cell_303,,,0.5985267
cell_304,,,0.59948707
cell_305,0.029286668,,
cell_306,0.008321204,,
cell_307,0.17011684,,
cell_308,,0.89170814,
cell_309,0.028023776,,
cell_310,0.043966725,,
cell_311,,,0.24308647
cell_312,0.22349955,,
cell_313,,0.87388706,
cell_314,,,0.30635762
cell_315,0.050696548,,
cell_316,,0.93922997,
cell_317,0.0846247,,
cell_318,0.0059817187,,
cell_319,0.21229877,,
cell_320,,,0.39861223
cell_321,,,0.57428014
cell_322,,0.85379034,
cell_323,,,0.48149475
cell_324,0.18511973,,
cell_325,,0.8384113,
cell_326,,,0.4157927
cell_327,,0.909416,
cell_328,,0.9716196,
cell_329,,,0.38984743
cell_330,0.12806599,,
cell_331,,0.8283458,
cell_332,0.053939402,,
cell_333,,,0.5998904
cell_334,,0.7719919,
cell_335,,,0.5926904
cell_336,,0.95736104,
cell_337,0.18528786,,
cell_338,0.033615515,,
cell_339,,,0.27167842
cell_340,,0.8086225,
cell_341,,0.7634171,
cell_342,,0.7550388,
cell_343,,0.9498982,
cell_344,,,0.25524822
cell_345,0.0786813,,
cell_346,,,0.48057094
cell_347,0.14789885,,
cell_348,,0.7978114,
cell_349,,,0.4633408
cell_350,0.047872834,,
cell_351,,0.93610835,
cell_352,,0.91830343,
cell_353,0.01537619,,
cell_354,0.1697497,,
cell_355,0.21298131,,
cell_356,0.056531917,,
cell_357,0.05344939,,
cell_358,0.019625958,,
cell_359,0.2084569,,
cell_360,,0.82685447,
cell_361,,0.87848276,
cell_362,,,0.3371365
cell_363,,,0.2519123
cell_364,,,0.6857994
cell_365,,,0.22707395
cell_366,,0.7960195,
cell_367,,0.923359,
cell_368,,0.949901,
cell_369,,0.90495956,
cell_370,0.13210785,,
cell_371,,,0.45734653
cell_372,0.016579509,,
cell_373,,,0.23203976
cell_374,,,0.37787834
cell_375,,,0.6706688
cell_376,0.02747199,,
cell_377,0.20168346,,
cell_378,,,0.40580723
cell_379,,,0.53492314
cell_380,0.048941746,,
cell_381,0.12144422,,
cell_382,,,0.33030516
cell_383,,0.7964852,
cell_384,,,0.43927437
cell_385,,0.8961895,
cell_386,0.0586316,,
cell_387,0.049970135,,
cell_388,,,0.24466379
cell_389,0.004414194,,
cell_390,,,0.3244504
cell_391,,0.87412107,
cell_392,,0.9194124,
cell_393,,0.7855413,
cell_394,,,0.45015517
cell_395,0.17274778,,
cell_396,,,0.51856136
cell_397,,,0.26007894
cell_398,,0.95292246,
cell_399,,,0.48923934
cell_400,,,0.41989574
cell_401,,,0.6117798
cell_402,,0.81187475,
cell_403,0.18059069,,
cell_404,,0.9413933,
cell_405,,0.9446471,
cell_406,0.11921298,,
cell_407,0.060697902,,
cell_408,,0.92478144,
cell_409,,,0.61393845
cell_410,,0.9606363,
cell_411,0.012953393,,
cell_412,,,0.4166344
cell_413,,,0.6318826
cell_414,0.21538745,,
cell_415,,,0.43145877
cell_416,0.076382026,,
cell_417,0.13339692,,
cell_418,,0.91817725,
cell_419,,,0.47204012
cell_420,,,0.55345184
cell_421,,,0.5762004
cell_422,0.05936979,,
cell_423,0.066311456,,
cell_424,,,0.5017289
cell_425,,,0.49835485
cell_426,0.054724466,,
cell_427,,0.91671145,
cell_428,0.072166555,,
cell_429,,,0.5468045
cell_430,,,0.37171063
cell_431,,,0.23964734
cell_432,0.13147114,,
cell_433,,0.9550544,
cell_434,0.05522084,,
cell_435,,,0.35109168
cell_436,,,0.47510362
cell_437,0.056813296,,
cell_438,,,0.61494476
cell_439,0.01890912,,
cell_440,,,0.5635091
cell_441,0.20535995,,
cell_442,,0.91971874,
cell_443,,0.96873885,
cell_444,,0.9106846,
cell_445,,,0.6803389
cell_446,,,0.24660543
cell_447,,,0.2568688
cell_448,,,0.6020635
cell_449,,0.9491551,
cell_450,0.18961965,,
cell_451,,,0.5855939
cell_452,0.17300285,,
cell_453,,,0.23605096
cell_454,,,0.57295585
cell_455,,0.8589074,
cell_456,,0.87936276,
cell_457,,,0.32036388
cell_458,,,0.3939354
cell_459,,0.9240433,
cell_460,,,0.56019795
cell_461,,0.9462236,
cell_462,0.18187214,,
cell_463,,,0.24134023
cell_464,0.049880188,,
cell_465,0.058020618,,
cell_466,,,0.6118237
cell_467,,0.871706,
cell_468,0.16591467,,
cell_469,,0.9884196,
cell_470,,,0.41696942
cell_471,0.16689579,,
cell_472,,0.84322375,
cell_473,,,0.54815
cell_474,,0.91523916,
cell_475,0.19411227,,
cell_476,,0.94469076,
cell_477,0.05112364,,
cell_478,0.16788276,,
cell_479,0.01641743,,
cell_480,,0.85558677,
cell_481,0.014426074,,
cell_482,0.037732445,,
cell_483,,0.9204077,
cell_484,,0.97047,
cell_485,,,0.55466026
cell_486,0.09457505,,
cell_487,0.055232193,,
cell_488,,,0.5697743
cell_489,,0.8175036,
cell_490,,,0.4491908
cell_491,,0.93178207,
cell_492,,0.83251864,
cell_493,0.031364497,,
cell_494,0.065213546,,
cell_495,,,0.59141
cell_496,,,0.48352566
cell_497,0.12385561,,
cell_498,,,0.67523134
cell_499,,0.7800321,
cell_500,,0.9216603,
cell_501,0.015964037,,
cell_502,,0.8027812,
cell_503,0.068753086,,
cell_504,,,0.24599905
cell_505,,,0.62991565
cell_506,,,0.24921644
cell_507,0.051497295,,
cell_508,,0.7561094,
cell_509,,0.88591474,
cell_510,0.031723317,,
cell_511,,,0.56351435
cell_512,,,0.65124744
cell_513,0.028320262,,
cell_514,0.18946554,,
cell_515,0.038297866,,
cell_516,,0.8950873,
cell_517,,0.85651976,
cell_518,0.047332294,,
cell_519,,0.91803443,
cell_520,,,0.18475711
cell_521,,0.8065752,
cell_522,0.16953695,,
cell_523,,,0.32205495
cell_524,0.16694655,,
cell_525,,,0.6163032
cell_526,0.027016567,,
cell_527,0.03386612,,
cell_528,,,0.26036662
cell_529,,0.82937485,
cell_530,,,0.60047233
cell_531,,,0.4392327
cell_532,0.068619445,,
cell_533,0.059857823,,
cell_534,,0.8579888,
cell_535,0.11862196,,
cell_536,,,0.43091762
cell_537,0.20892233,,
cell_538,0.056690715,,
cell_539,0.07872839,,
cell_540,0.08015273,,
cell_541,0.05262685,,
cell_542,0.029488994,,
cell_543,,,0.47981432
cell_544,0.16188599,,
cell_545,0.08867227,,
cell_546,,,0.33794317
cell_547,,,0.47032097
cell_548,,,0.43918157
cell_549,0.07836913,,
cell_550,,0.95945996,
cell_551,,,0.74586874
cell_552,0.16037816,,
cell_553,,0.914544,
cell_554,0.15131187,,
cell_555,,0.913032,
cell_556,,0.7986983,
cell_557,,0.83714336,
cell_558,,0.88572496,
cell_559,,0.9273571,
cell_560,0.21741866,,
cell_561,0.06902383,,
cell_562,,0.8718881,
cell_563,,,0.47867677
cell_564,0.046466693,,
cell_565,,0.81129247,
cell_566,,,0.5053112
cell_567,0.1129545,,
cell_568,,0.96206665,
cell_569,0.011807905,,
cell_570,,0.92276907,
cell_571,0.024622235,,
cell_572,,0.94584644,
cell_573,,,0.24451222
cell_574,,,0.35407692
cell_575,,,0.2257724
cell_576,,0.87198967,
cell_577,,0.91153556,
cell_578,,0.80689096,
cell_579,,,0.6021382
cell_580,,0.8981845,
cell_581,0.027562514,,
cell_582,0.0170828,,
cell_583,,0.95176333,
cell_584,,0.9006388,
cell_585,,0.99843514,
cell_586,0.19926298,,
cell_587,,0.93895406,
cell_588,0.123004824,,
cell_589,,0.9451517,
cell_590,,,0.40192795
cell_591,0.12279915,,
cell_592,0.049300574,,
cell_593,0.021885432,,
cell_594,,0.93692684,
cell_595,,,0.58175504
cell_596,,0.86305004,
cell_597,0.015746173,,
cell_598,,0.8271685,
cell_599,,0.8246536,
cell_600,,0.8984752,
cell_601,,,0.46453577
cell_602,,,0.2768232
cell_603,,,0.48545492
cell_604,,,0.34056133
cell_605,,,0.62820107
cell_606,,,0.4074307
cell_607,,,0.4652071
cell_608,0.17726426,,
cell_609,0.055123296,,
cell_610,,0.9977404,
cell_611,,0.9054549,
cell_612,,,0.59810805
cell_613,,,0.3979886
cell_614,0.011586152,,
cell_615,,,0.6154424
cell_616,,,0.60031843
cell_617,,0.9270682,
cell_618,,0.9189451,
cell_619,0.022689657,,
cell_620,,,0.42562163
cell_621,,,0.57224786
cell_622,0.20207061,,
cell_623,,,0.57400984
cell_624,,0.86809903,
cell_625,,0.81145465,
cell_626,,,0.31299853
cell_627,,,0.44718537
cell_628,0.013169491,,
cell_629,,0.9489328,
cell_630,,,0.60111606
cell_631,0.21134706,,
cell_632,,0.9701439,
cell_633,,0.96021175,
cell_634,,,0.56235826
cell_635,,,0.31755573
cell_636,,,0.26930755
cell_637,0.03628363,,
cell_638,0.05496027,,
cell_639,0.022663953,,
cell_640,0.07323522,,
cell_641,0.095304206,,
cell_642,0.20167044,,
cell_643,,,0.43889537
cell_644,,,0.24426165
cell_645,,0.9055673,
cell_646,0.0643327,,
cell_647,,,0.53821874
cell_648,,0.91634214,
cell_649,,0.8366183,
cell_650,0.0051964754,,
cell_651,0.055317134,,
cell_652,0.07245791,,
cell_653,,,0.27065858
cell_654,,0.8743939,
cell_655,0.11150569,,
cell_656,0.12280497,,
cell_657,,,0.24837033
cell_658,,0.8786017,
cell_659,0.025215099,,
cell_660,,,0.39693725
cell_661,,0.91496587,
cell_662,,,0.46014956
cell_663,,0.94211566,
cell_664,,0.91735464,
cell_665,,,0.63756377
cell_666,0.12734292,,
cell_667,,0.82451236,
cell_668,0.16251299,,
cell_669,,0.82620174,
cell_670,,,0.439051
cell_671,0.047893334,,
cell_672,0.032767,,
cell_673,,,0.495867
cell_674,,,0.60080975
cell_675,,,0.39011112
cell_676,,0.9003161,
cell_677,0.12849508,,
cell_678,,,0.49972013
cell_679,,,0.6476492
cell_680,,0.89145356,
cell_681,0.027020305,,
cell_682,0.21018955,,
cell_683,,0.90052325,
cell_684,0.073210575,,
cell_685,,,0.4347503
cell_686,0.038405936,,
cell_687,0.054650176,,
cell_688,,0.8867,
cell_689,,,0.22774243
cell_690,,0.87743324,
cell_691,,,0.28997838
cell_692,,,0.46304393
cell_693,,,0.4570777
cell_694,,,0.37177932
cell_695,,0.8654826,
cell_696,0.2067802,,
cell_697,,,0.4478955
cell_698,,,0.67794186
cell_699,,0.8353446,
cell_700,,,0.61160797
cell_701,,,0.4951613
cell_702,,0.93156046,
cell_703,,0.92974883,
cell_704,,,0.3141192
cell_705,0.15862133,,
cell_706,0.04568428,,
cell_707,0.055527102,,
cell_708,0.040276933,,
cell_709,0.024281232,,
cell_710,,,0.2515511
cell_711,0.04878464,,
cell_712,,0.81420356,
cell_713,,0.94118834,
cell_714,0.19208288,,
cell_715,,0.90446603,
cell_716,,,0.33908972
cell_717,0.17883198,,
cell_718,0.06299851,,
cell_719,0.017441612,,
cell_720,,,0.27129313
cell_721,0.071711406,,
cell_722,,0.8854191,
cell_723,0.11644855,,
cell_724,0.120237425,,
cell_725,,,0.2526927
cell_726,,0.87058324,
cell_727,,,0.41589874
cell_728,,0.9304822,
cell_729,,0.9617035,
cell_730,,0.9494894,
cell_731,,0.9271455,
cell_732,,0.8808838,
cell_733,,0.9301762,
cell_734,,,0.5123616
cell_735,,0.8781652,
cell_736,0.016836148,,
cell_737,,0.8744894,
cell_738,,,0.516816
cell_739,,0.9637618,
cell_740,,0.9227948,
cell_741,,,0.5111376
cell_742,0.09038527,,
cell_743,,,0.546222
cell_744,,,0.5853506
cell_745,0.045591973,,
cell_746,0.024445007,,
cell_747,,0.8173245,
cell_748,,0.9720588,
cell_749,0.045417894,,
cell_750,0.16782673,,
cell_751,,,0.546327
cell_752,,,0.47644165
cell_753,,,0.50630206
cell_754,0.017186575,,
cell_755,,0.76023304,
cell_756,,,0.2507516
cell_757,0.21704501,,
cell_758,0.041597806,,
cell_759,0.09787257,,
cell_760,,,0.3443325
cell_761,,,0.6101943
cell_762,0.056777455,,
cell_763,,0.8923743,
cell_764,,,0.69668174
cell_765,0.036804423,,
cell_766,,,0.60545826
cell_767,,,0.43692714
cell_768,,0.93519384,
cell_769,0.060317416,,
cell_770,,,0.59450096
cell_771,0.027308255,,
cell_772,,0.95571554,
cell_773,0.05364181,,
cell_774,,0.92005026,
cell_775,0.053450022,,
cell_776,,,0.31356585
cell_777,,,0.24716698
cell_778,0.019494515,,
cell_779,,0.861062,
cell_780,,0.9366472,
cell_781,,0.9160486,
cell_782,0.17959408,,
cell_783,,,0.6374669
cell_784,,0.79028255,
cell_785,0.084540635,,
cell_786,0.01297747,,
cell_787,,0.73217064,
cell_788,,0.9206973,
cell_789,,,0.45255762
cell_790,0.047649097,,
cell_791,,0.9241661,
cell_792,,0.8415101,
cell_793,,,0.5080919
cell_794,0.17220733,,
cell_795,,,0.6906936
cell_796,,0.89044,
cell_797,,0.9615469,
cell_798,,,0.5914924
cell_799,,0.884999,
cell_800,,0.89842445,
cell_801,0.07041739,,
cell_802,0.030876307,,
cell_803,0.041766528,,
cell_804,0.19023629,,
cell_805,0.02962212,,
cell_806,0.050786696,,
cell_807,0.052096296,,
cell_808,,,0.4355273
cell_809,,,0.24349986
cell_810,0.018599465,,
cell_811,,0.99223256,
cell_812,0.12096843,,
cell_813,,,0.44065955
cell_814,0.04891666,,
cell_815,,,0.28207532
cell_816,,,0.48451298
cell_817,,,0.46149108
cell_818,,0.9018341,
cell_819,,0.7768189,
cell_820,0.05150327,,
cell_821,0.21235813,,
cell_822,0.08668057,,
cell_823,,,0.41096738
cell_824,,0.8631211,
cell_825,,,0.4306874
cell_826,,,0.24750377
cell_827,0.054769613,,
cell_828,,,0.24822146
cell_829,0.06246708,,
cell_830,,0.7757757,
cell_831,,0.95161,
cell_832,,0.9258661,
cell_833,,0.84203976,
cell_834,,0.7919942,
cell_835,0.076552264,,
cell_836,,0.8516612,
cell_837,0.055305712,,
cell_838,,,0.4541951
cell_839,,,0.27375302
cell_840,0.014821184,,
cell_841,0.06761207,,
cell_842,0.012570256,,
cell_843,,0.86177975,
cell_844,,0.8089655,
cell_845,0.0328524,,
cell_846,,0.8014826,
cell_847,,,0.65175664
cell_848,,0.8785898,
cell_849,,,0.6829436
cell_850,0.16650163,,
cell_851,0.061590526,,
cell_852,,0.9178997,
cell_853,,0.8553104,
cell_854,,0.94060653,
cell_855,0.16886616,,
cell_856,,,0.62629783
cell_857,0.029132584,,
cell_858,,,0.45798564
cell_859,0.050135564,,
cell_860,0.09453539,,
cell_861,,,0.44608563
cell_862,,0.7336593,
cell_863,0.06553765,,
cell_864,,,0.65821403
cell_865,,,0.23102303
cell_866,,0.9006922,
cell_867,0.12646234,,
cell_868,,,0.31496918
cell_869,,0.9003963,
cell_870,0.064671025,,
cell_871,0.041190427,,
cell_872,0.13974093,,
cell_873,0.016362,,
cell_874,,,0.47002685
cell_875,0.06159345,,
cell_876,,,0.43641093
cell_877,0.16689497,,
cell_878,,0.9190099,
cell_879,0.06043508,,
cell_880,,0.8140529,
cell_881,,,0.55431676
cell_882,,0.9106639,
cell_883,,0.9552221,
cell_884,,,0.620584
cell_885,,0.87689847,
cell_886,0.028681321,,
cell_887,,0.80323106,
cell_888,,,0.36814758
cell_889,,0.9201608,
cell_890,0.06004849,,
cell_891,0.15307797,,
cell_892,0.21082276,,
cell_893,,0.9244924,
cell_894,,0.7585302,
cell_895,,,0.6009189
cell_896,,0.9260633,
cell_897,0.054007884,,
cell_898,0.023896398,,
cell_899,,,0.6217328
cell_900,0.16394952,,
cell_901,0.042754464,,
cell_902,,,0.37397727
cell_903,0.22429569,,
cell_904,,,0.6176771
cell_905,,,0.33049628
cell_906,,0.8870933,
cell_907,,0.89706177,
cell_908,,0.7573439,
cell_909,,0.82956374,
cell_910,0.17275989,,
cell_911,,,0.47872877
cell_912,0.04951447,,
cell_913,0.053564914,,
cell_914,0.027764507,,
cell_915,0.024668533,,
cell_916,,0.810265,
cell_917,0.06959588,,
cell_918,0.11389279,,
cell_919,,0.88233155,
cell_920,,,0.29282254
cell_921,,0.89571804,
cell_922,,0.88741314,
cell_923,,0.86317337,
cell_924,0.06937038,,
cell_925,,,0.32866704
cell_926,0.054532252,,
cell_927,,,0.33425653
cell_928,,,0.55131704
cell_929,,0.80119634,
cell_930,0.0452988,,
cell_931,,0.8207567,
cell_932,,0.8039996,
cell_933,,0.8130557,
cell_934,0.15877609,,
cell_935,0.21802728,,
cell_936,0.093254864,,
cell_937,,,0.6193046
cell_938,0.13185282,,
cell_939,0.05393443,,
cell_940,0.19355956,,
cell_941,,0.90385956,
cell_942,,,0.5633989
cell_943,0.0480228,,
cell_944,0.1331223,,
cell_945,,0.7958596,
cell_946,,0.8171046,
cell_947,,,0.31760502
cell_948,,0.85270196,
cell_949,0.11400742,,
cell_950,,0.79021734,
cell_951,0.01568771,,
cell_952,0.13051468,,
cell_953,,,0.51279956
cell_954,,,0.3680354
cell_955,,0.86591464,
cell_956,,0.9628532,
cell_957,,,0.5931131
cell_958,,0.8411824,
cell_959,,0.937218,
cell_960,,,0.47382846
cell_961,,0.90931433,
cell_962,0.051402252,,
cell_963,,0.79874974,
cell_964,,,0.41130027
cell_965,,,0.4186443
cell_966,,,0.6220192
cell_967,,,0.6143562
cell_968,0.21761554,,
cell_969,,,0.43736693
cell_970,,,0.6319739
cell_971,,,0.26992774
cell_972,0.17994916,,
cell_973,,,0.41909242
cell_974,0.023493642,,
cell_975,0.026822735,,
cell_976,,,0.63385165
cell_977,0.05897737,,
cell_978,,,0.5756939
cell_979,,0.9545575,
cell_980,0.16375087,,
cell_981,,,0.25236478
cell_982,,0.88074374,
cell_983,0.033914216,,
cell_984,0.06418513,,
cell_985,0.12800528,,
cell_986,,,0.67081344
cell_987,,0.9675179,
cell_988,,0.9083601,
cell_989,,0.83546567,
cell_990,,0.9062118,
cell_991,0.154144,,
cell_992,,0.86464125,
cell_993,0.17110682,,
cell_994,,0.950063,
cell_995,0.17421871,,
cell_996,,,0.7163117
cell_997,0.11153114,,
cell_998,0.2123498,,
cell_999,0.021569734,,
cell_1000,0.0071307197,,
cell_1001,,,0.32822472
cell_1002,0.15513317,,
cell_1003,0.07877065,,
cell_1004,,,0.6096402
cell_1005,0.01744176,,
cell_1006,,,0.48852625
cell_1007,,0.9347101,
cell_1008,0.032253608,,
cell_1009,0.04886532,,
cell_1010,0.20623945,,
cell_1011,,,0.5745159
cell_1012,,0.94107115,
cell_1013,0.04087866,,
cell_1014,0.050156686,,
cell_1015,,0.8664983,
cell_1016,,,0.42539853
cell_1017,0.12638849,,
cell_1018,0.050300036,,
cell_1019,0.2086958,,
cell_1020,,0.962353,
cell_1021,0.082275964,,
cell_1022,0.04861272,,
cell_1023,,0.8775359,
cell_1024,,,0.22769234
cell_1025,,,0.21507584
cell_1026,,0.79421747,
cell_1027,,0.78966326,
cell_1028,0.029031957,,
cell_1029,0.05182541,,
cell_1030,,0.7369324,
cell_1031,,0.91879886,
cell_1032,0.1656941,,
cell_1033,,,0.31892318
cell_1034,,0.9364956,
cell_1035,,0.9417074,
cell_1036,,,0.23944733
cell_1037,0.05508417,,
cell_1038,,,0.46127337
cell_1039,0.05637732,,
cell_1040,,0.89529455,
cell_1041,0.14487012,,
cell_1042,,,0.4278587
cell_1043,0.14373755,,
cell_1044,,,0.4645647
cell_1045,,,0.23969805
cell_1046,,,0.5497618
cell_1047,0.0,,
cell_1048,,,0.49921945
cell_1049,,0.89787936,
cell_1050,,,0.3522241
cell_1051,,0.7952554,
cell_1052,0.21359272,,
cell_1053,,,0.5283476
cell_1054,,0.85789514,
cell_1055,,0.910747,
cell_1056,0.03817885,,
cell_1057,0.15635568,,
cell_1058,,,0.28269815
cell_1059,,0.9537104,
cell_1060,0.10585935,,
cell_1061,,,0.6285788
cell_1062,,,0.28319883
cell_1063,0.06758421,,
cell_1064,,0.88355654,
cell_1065,0.081433795,,
cell_1066,0.21957187,,
cell_1067,,0.9591749,
cell_1068,,0.8958145,
cell_1069,,,0.62437135
cell_1070,,,0.53546685
cell_1071,,0.8780369,
cell_1072,,,0.38510418
cell_1073,0.046651524,,
cell_1074,,,0.47375607
cell_1075,0.069045395,,
cell_1076,0.20826909,,
cell_1077,,0.9295205,
cell_1078,0.034612454,,
cell_1079,0.074300244,,
cell_1080,,0.93238556,
cell_1081,,,0.2519962
cell_1082,0.039709806,,
cell_1083,0.021081885,,
cell_1084,,0.80943364,
cell_1085,,,0.44020307
cell_1086,,,0.42469633
cell_1087,,,0.59711957
cell_1088,0.058046225,,
cell_1089,,0.840687,
cell_1090,,0.8279844,
cell_1091,,,0.40249744
cell_1092,0.035513375,,
cell_1093,,,0.6020595
cell_1094,0.109426335,,
cell_1095,0.16693965,,
cell_1096,0.054894395,,
cell_1097,0.06261595,,
cell_1098,,0.92668283,
cell_1099,0.12653142,,
cell_1100,0.13701482,,
cell_1101,0.02359967,,
cell_1102,,,0.47730193
cell_1103,,0.83093977,
cell_1104,0.060168132,,
cell_1105,,0.93748575,
cell_1106,,0.9692947,
cell_1107,0.12452351,,
cell_1108,,0.8153138,
cell_1109,0.06452941,,
cell_1110,,0.9147312,
cell_1111,,0.908323,
cell_1112,0.03788263,,
cell_1113,,0.92360234,
cell_1114,0.06254975,,
cell_1115,,,0.4283888
cell_1116,,0.8813811,
cell_1117,,,0.43810067
cell_1118,,0.859828,
cell_1119,,0.942208,
cell_1120,,0.8235173,
cell_1121,0.12144612,,
cell_1122,0.22549433,,
cell_1123,,,0.46755165
cell_1124,0.22783561,,
cell_1125,0.08429599,,
cell_1126,0.07908728,,
cell_1127,,0.8279627,
cell_1128,0.13009524,,
cell_1129,,,0.66739213
cell_1130,0.15433626,,
cell_1131,,,0.3190127
cell_1132,,0.8659093,
cell_1133,,0.7958723,
cell_1134,0.024933344,,
cell_1135,,,0.6764379
cell_1136,,1.0,
cell_1137,,,0.24573787
cell_1138,,0.8795037,
cell_1139,,,0.27642795
cell_1140,,0.8887442,
cell_1141,,0.844201,
cell_1142,0.109856635,,
cell_1143,0.1762881,,
cell_1144,,,0.42975864
cell_1145,0.05223133,,
cell_1146,0.061848268,,
cell_1147,0.21024142,,
cell_1148,,,0.5892423
cell_1149,,0.8553734,
cell_1150,0.027718507,,
cell_1151,,0.8334311,
cell_1152,0.04675599,,
cell_1153,,,0.3992603
cell_1154,,0.8828255,
cell_1155,0.008577472,,
cell_1156,,0.9046669,
cell_1157,0.16811395,,
cell_1158,,0.8515149,
cell_1159,,,0.25414905
cell_1160,,0.84015214,
cell_1161,,,0.44696856
cell_1162,,0.8687379,
cell_1163,0.20302886,,
cell_1164,,,0.6271454
cell_1165,,,0.37104443
cell_1166,,,0.2506611
cell_1167,,,0.41558912
cell_1168,0.048388213,,
cell_1169,,0.87040746,
cell_1170,,,0.43858784
cell_1171,,,0.26800278
cell_1172,,0.8975955,
cell_1173,,,0.4743051
cell_1174,0.09350983,,
cell_1175,0.015180527,,
cell_1176,,,0.25758237
cell_1177,,0.93580383,
cell_1178,,0.91840225,
cell_1179,,,0.42986017
cell_1180,,,0.50415176
cell_1181,,0.91413295,
cell_1182,0.12785202,,
cell_1183,,0.9196643,
cell_1184,0.07145579,,
cell_1185,,,0.43507898
cell_1186,,0.78477585,
cell_1187,,,0.24611835
cell_1188,0.043471873,,
cell_1189,,0.878183,
cell_1190,0.18917716,,
cell_1191,,,0.48160765
cell_1192,0.19600652,,
cell_1193,,0.9199973,
cell_1194,,0.8075324,
cell_1195,0.213161,,
cell_1196,,0.834506,
cell_1197,,0.91379553,
cell_1198,0.037090134,,
cell_1199,0.07267132,,
cell_1200,0.06542475,,
cell_1201,0.21401459,,
cell_1202,,,0.4309979
cell_1203,,,0.66419977
cell_1204,0.052976996,,
cell_1205,0.066769965,,
cell_1206,,,0.3326348
cell_1207,,0.84801954,
cell_1208,,,0.24246682
cell_1209,,0.8057291,
cell_1210,,0.7041909,
cell_1211,0.070778504,,
cell_1212,0.0072900504,,
cell_1213,0.0489982,,
cell_1214,,0.86770034,
cell_1215,0.005651266,,
cell_1216,,,0.32239085
cell_1217,0.026973275,,
cell_1218,,,0.49102423
cell_1219,0.041874986,,
cell_1220,,0.9061039,
cell_1221,,,0.37394336
cell_1222,,0.8977186,
cell_1223,,0.9330437,
cell_1224,,0.92519903,
cell_1225,,,0.38582698
cell_1226,,0.8433102,
cell_1227,,,0.45677128
cell_1228,,,0.5614114
cell_1229,,,0.27666622
cell_1230,,0.91174686,
cell_1231,,,0.4316621
cell_1232,,,0.6405799
cell_1233,,0.8756466,
cell_1234,0.0217161,,
cell_1235,,,0.61593163
cell_1236,,0.85653555,
cell_1237,0.057095617,,
cell_1238,,,0.30925748
cell_1239,,0.8716474,
cell_1240,0.029177198,,
cell_1241,0.07150751,,
cell_1242,0.04856552,,
cell_1243,,0.87918586,
cell_1244,0.12135738,,
cell_1245,,0.87619513,
cell_1246,,0.9256702,
cell_1247,,,0.5766814
cell_1248,,,0.26049364
cell_1249,,,0.33393988
cell_1250,0.031320643,,
cell_1251,,,0.4096452
cell_1252,0.03757623,,
cell_1253,,,0.46393546
cell_1254,0.026522353,,
cell_1255,,,0.46857372
cell_1256,,,0.44347823
cell_1257,0.036832795,,
cell_1258,,,0.404509
cell_1259,,,0.6422305
cell_1260,,0.82513285,
cell_1261,0.20912434,,
cell_1262,,,0.27017608
cell_1263,,,0.6176414
cell_1264,,0.8712622,
cell_1265,0.17246252,,
cell_1266,0.17671373,,
cell_1267,,,0.40969932
cell_1268,,,0.58360094
cell_1269,,0.8505473,
cell_1270,0.040629636,,
cell_1271,,,0.48884138
cell_1272,0.06443122,,
cell_1273,,0.8707402,
cell_1274,0.13061006,,
cell_1275,,0.8484527,
cell_1276,,0.8362815,
cell_1277,,0.97414523,
cell_1278,,,0.31976452
cell_1279,,,0.4728211
cell_1280,0.012900768,,
cell_1281,0.1244646,,
cell_1282,,,0.4646108
cell_1283,0.047393937,,
cell_1284,,,0.25029254
cell_1285,0.038974874,,
cell_1286,,0.90800166,
cell_1287,,,0.6968993
cell_1288,0.087259844,,
cell_1289,0.049859814,,
cell_1290,0.18194397,,
cell_1291,,,0.3326952
cell_1292,0.03949319,,
cell_1293,,,0.54991126
cell_1294,0.060998857,,
cell_1295,0.06749454,,
cell_1296,,0.8473077,
cell_1297,0.026982037,,
cell_1298,,,0.24151185
cell_1299,,,0.60728896
cell_1300,0.018573618,,
cell_1301,,0.7563866,
cell_1302,,,0.6241447
cell_1303,,,0.33294848
cell_1304,,0.8955933,
cell_1305,,0.85833985,
cell_1306,0.026926719,,
cell_1307,,0.82656795,
cell_1308,,,0.36031055
cell_1309,0.016933937,,
cell_1310,,0.8444311,
cell_1311,,0.8744865,
cell_1312,,0.89253885,
cell_1313,,,0.29283726
cell_1314,0.19525377,,
cell_1315,0.051477507,,
cell_1316,0.038496245,,
cell_1317,,0.72857195,
cell_1318,0.20555504,,
cell_1319,,0.9226564,
cell_1320,,0.9629272,
cell_1321,0.014616684,,
cell_1322,0.018016469,,
cell_1323,0.05100115,,
cell_1324,,,0.24152915
cell_1325,,0.9146741,
cell_1326,,0.77144325,
cell_1327,0.23155878,,
cell_1328,,0.91253585,
cell_1329,0.071364805,,
cell_1330,,,0.5105861
cell_1331,,,0.41307235
cell_1332,,0.7988104,
cell_1333,,,0.39301977
cell_1334,,,0.59613025
cell_1335,,0.9093972,
cell_1336,0.14367332,,
cell_1337,0.03839104,,
cell_1338,,0.91466326,
cell_1339,,0.9455151,
cell_1340,,,0.44387063
cell_1341,0.02952752,,
cell_1342,0.017699331,,
cell_1343,,0.8640105,
cell_1344,,0.93118215,
cell_1345,0.22371179,,
cell_1346,,,0.24690345
cell_1347,0.16643776,,
cell_1348,,,0.24946244
cell_1349,0.19847907,,
cell_1350,0.17062266,,
cell_1351,0.057990532,,
cell_1352,,,0.6545266
cell_1353,0.18415974,,
cell_1354,,0.86010045,
cell_1355,0.068247326,,
cell_1356,0.15679057,,
cell_1357,,0.78414667,
cell_1358,0.15083559,,
cell_1359,,,0.3055394
cell_1360,,,0.28228426
cell_1361,,,0.39065057
cell_1362,,,0.37580442
cell_1363,,,0.2862294
cell_1364,0.19405577,,
cell_1365,,,0.54051
cell_1366,0.021051627,,
cell_1367,0.15595089,,
cell_1368,0.16110158,,
cell_1369,,,0.6434981
cell_1370,,0.93916166,
cell_1371,0.056224037,,
cell_1372,0.026791383,,
cell_1373,,,0.5615887
cell_1374,,0.7683592,
cell_1375,,0.890411,
cell_1376,,0.80094564,
cell_1377,,0.7978681,
cell_1378,,,0.62670964
cell_1379,0.01526701,,
cell_1380,0.16116616,,
cell_1381,,0.83151007,
cell_1382,0.12692142,,
cell_1383,0.018715201,,
cell_1384,,0.9316542,
cell_1385,,,0.36803752
cell_1386,0.07949858,,
cell_1387,0.040307146,,
cell_1388,,,0.47986284
cell_1389,,,0.2612354
cell_1390,,0.8067906,
cell_1391,,,0.7150178
cell_1392,,,0.61744833
cell_1393,0.06200049,,
cell_1394,0.056625836,,
cell_1395,0.054245237,,
cell_1396,0.01773093,,
cell_1397,,,0.56399494
cell_1398,,0.9239586,
cell_1399,0.1217309,,
cell_1400,0.084540635,,
cell_1401,,,0.46071386
cell_1402,,,0.5857105
cell_1403,,,0.45130736
cell_1404,0.22260307,,
cell_1405,,,0.48684722
cell_1406,0.12344155,,
cell_1407,,,0.64802784
cell_1408,,,0.27454838
cell_1409,,0.8794788,
cell_1410,,0.96325123,
cell_1411,0.21337382,,
cell_1412,,,0.34721702
cell_1413,,0.95017624,
cell_1414,,0.93037957,
cell_1415,,0.92818516,
cell_1416,,0.8371413,
cell_1417,0.049411785,,
cell_1418,,0.9581052,
cell_1419,,0.8480601,
cell_1420,,0.9718981,
cell_1421,,0.967142,
cell_1422,,0.7941249,
cell_1423,,0.7487352,
cell_1424,,,0.41740385
cell_1425,,,0.57143956
cell_1426,0.04069654,,
cell_1427,,0.8098971,
cell_1428,,,0.48940447
cell_1429,,,0.5937655
cell_1430,,,0.72471035
cell_1431,0.15887095,,
cell_1432,0.06086839,,
cell_1433,,0.9602908,
cell_1434,,0.775361,
cell_1435,,,0.4947342
cell_1436,0.08831238,,
cell_1437,,0.79708165,
cell_1438,0.052172046,,
cell_1439,,,0.440744
cell_1440,,,0.4440242
cell_1441,0.05142899,,
cell_1442,,0.95975244,
cell_1443,,,0.3501527
cell_1444,,0.9115212,
cell_1445,0.18324272,,
cell_1446,0.19220327,,
cell_1447,,0.9731168,
cell_1448,,,0.36373615
cell_1449,,,0.5153389
cell_1450,,,0.42157966
cell_1451,0.18202913,,
cell_1452,0.051751465,,
cell_1453,,0.9571648,
cell_1454,,,0.4455382
cell_1455,,0.8083541,
cell_1456,,0.93005043,
cell_1457,0.19001892,,
cell_1458,,,0.423827
cell_1459,0.088370316,,
cell_1460,,,0.3413579
cell_1461,,,0.26658472
cell_1462,,0.8677403,
cell_1463,,0.84924865,
cell_1464,0.0045672427,,
cell_1465,,0.88989043,
cell_1466,,,0.3654967
cell_1467,,,0.28714365
cell_1468,0.09442734,,
cell_1469,0.0022876665,,
cell_1470,0.014101192,,
cell_1471,0.12719414,,
cell_1472,,0.9428645,
cell_1473,,0.869802,
cell_1474,0.015985116,,
cell_1475,,,0.34416008
cell_1476,0.03057007,,
cell_1477,,0.8150058,
cell_1478,,,0.29262367
cell_1479,0.052861866,,
cell_1480,,,0.6637159
cell_1481,,0.87441456,
cell_1482,,,0.28592524
cell_1483,,0.97370833,
cell_1484,,0.77051693,
cell_1485,0.19661511,,
cell_1486,,0.8444634,
cell_1487,,0.8665134,
cell_1488,0.037133556,,
cell_1489,,,0.5892805
cell_1490,0.047112677,,
cell_1491,0.050742388,,
cell_1492,0.13141261,,
cell_1493,0.065204956,,
cell_1494,,0.8686792,
cell_1495,,0.8524711,
cell_1496,0.03121843,,
cell_1497,,0.8204374,
cell_1498,,,0.23708113
cell_1499,,0.93214303,
cell_1500,,0.8721148,
cell_1501,,,0.5855283
cell_1502,0.039597925,,
cell_1503,0.020516897,,
cell_1504,,0.9292722,
cell_1505,,0.91796136,
cell_1506,,0.80558306,
cell_1507,,,0.23866642
cell_1508,0.10402061,,
cell_1509,,,0.4357514
cell_1510,,0.92625207,
cell_1511,,,0.70349103
cell_1512,0.05134794,,
cell_1513,,0.73442775,
cell_1514,0.12959313,,
cell_1515,,0.91820604,
cell_1516,,,0.47706178
cell_1517,0.04708762,,
cell_1518,,,0.42534944
cell_1519,,0.8903039,
cell_1520,,0.9320865,
cell_1521,0.034907266,,
cell_1522,,0.82962364,
cell_1523,,0.92658097,
cell_1524,0.014241056,,
cell_1525,,0.8542059,
cell_1526,,0.79233515,
cell_1527,,0.84747905,
cell_1528,,0.7658631,
cell_1529,,0.86462104,
cell_1530,,,0.5915355
cell_1531,0.17412412,,
cell_1532,,0.8900734,
cell_1533,,,0.4735198
cell_1534,,0.9314763,
cell_1535,0.030317724,,
cell_1536,0.04153545,,
cell_1537,,,0.22265714
cell_1538,,0.9538255,
cell_1539,,,0.24399409
cell_1540,0.07001197,,
cell_1541,,0.8231333,
cell_1542,,0.8291582,
cell_1543,,,0.4000165
cell_1544,0.12195002,,
cell_1545,,0.87772864,
cell_1546,0.17569089,,
cell_1547,,,0.41329873
cell_1548,0.026935564,,
cell_1549,0.117999874,,
cell_1550,,,0.5565479
cell_1551,0.12731671,,
cell_1552,,,0.68734014
cell_1553,,,0.4679982
cell_1554,,,0.2997223
cell_1555,0.047728285,,
cell_1556,,0.8816076,
cell_1557,0.17713527,,
cell_1558,,0.8164761,
cell_1559,0.034586165,,
cell_1560,,0.7995943,
cell_1561,,,0.55747503
cell_1562,,0.8909296,
cell_1563,,,0.6590496
cell_1564,0.009988375,,
cell_1565,,,0.45477554
cell_1566,,0.91279376,
cell_1567,,0.7684612,
cell_1568,0.06119052,,
cell_1569,0.027003786,,
cell_1570,0.20574397,,
cell_1571,,0.9217443,
cell_1572,,0.79891163,
cell_1573,,0.787669,
cell_1574,0.06938904,,
cell_1575,,,0.32983223
cell_1576,,,0.5478456
cell_1577,0.02770519,,
cell_1578,0.1483133,,
cell_1579,,0.81539583,
cell_1580,0.021128377,,
cell_1581,0.11732719,,
cell_1582,,0.8125426,
cell_1583,,0.79082596,
cell_1584,,,0.39464268
cell_1585,0.011209606,,
cell_1586,,,0.4658791
cell_1587,,,0.34635258
cell_1588,,,0.49427426
cell_1589,,,0.41888285
cell_1590,,,0.25036404
cell_1591,,0.92400837,
cell_1592,,0.9626514,
cell_1593,0.049626894,,
cell_1594,0.01701735,,
cell_1595,0.06450031,,
cell_1596,,,0.7312233
cell_1597,0.00907289,,
cell_1598,,0.94796175,
cell_1599,,,0.5128765
cell_1600,0.09255218,,
cell_1601,0.11976002,,
cell_1602,0.06355624,,
cell_1603,0.10242227,,
cell_1604,0.01880451,,
cell_1605,,,0.6317765
cell_1606,0.106077835,,
cell_1607,0.06618873,,
cell_1608,,,0.6071336
cell_1609,0.06052819,,
cell_1610,,0.8067052,
cell_1611,,0.7879095,
cell_1612,,0.8806323,
cell_1613,,0.9205204,
cell_1614,,,0.26334104
cell_1615,,0.8507647,
cell_1616,,,0.6127876
cell_1617,0.05941063,,
cell_1618,,,0.33810493
cell_1619,,,0.33413696
cell_1620,0.030567845,,
cell_1621,,0.9465211,
cell_1622,0.16352908,,
cell_1623,0.020614285,,
cell_1624,,,0.23363595
cell_1625,,0.822717,
cell_1626,,,0.34841135
cell_1627,,,0.33319548
cell_1628,,,0.4774593
cell_1629,,,0.4806227
cell_1630,,0.8834812,
cell_1631,0.073405676,,
cell_1632,,0.9501863,
cell_1633,0.0488907,,
cell_1634,,,0.48807433
cell_1635,0.053900488,,
cell_1636,,,0.463508
cell_1637,0.05614677,,
cell_1638,,,0.6360357
cell_1639,,0.9407847,
cell_1640,,0.95997566,
cell_1641,0.056168713,,
cell_1642,0.18563873,,
cell_1643,,0.91328627,
cell_1644,,,0.24592371
cell_1645,,,0.52887046
cell_1646,,,0.6698693
cell_1647,,,0.6191404
cell_1648,,0.7908356,
cell_1649,,0.82037115,
cell_1650,0.23055585,,
cell_1651,,,0.64247954
cell_1652,0.07005992,,
cell_1653,,,0.64088076
cell_1654,0.056410503,,
cell_1655,,,0.4395566
cell_1656,,0.82766867,
cell_1657,0.0323035,,
cell_1658,0.071912505,,
cell_1659,0.21610348,,
cell_1660,0.018311573,,
cell_1661,,,0.39742362
cell_1662,,0.8282729,
cell_1663,0.12884392,,
cell_1664,,0.8557528,
cell_1665,0.21967243,,
cell_1666,0.22113103,,
cell_1667,,,0.3605555
cell_1668,,0.93177503,
cell_1669,0.12433447,,
cell_1670,,,0.34269196
cell_1671,,0.9168362,
cell_1672,0.010291886,,
cell_1673,,,0.2647954
cell_1674,0.012010984,,
cell_1675,,,0.49492326
cell_1676,,0.9302525,
cell_1677,0.05222298,,
cell_1678,,0.8371637,
cell_1679,,0.88933355,
cell_1680,,0.9875547,
cell_1681,0.00844003,,
cell_1682,0.072212845,,
cell_1683,,,0.63119984
cell_1684,0.18700315,,
cell_1685,,0.7959769,
cell_1686,,0.9671759,
cell_1687,,0.93152034,
cell_1688,0.0765718,,
cell_1689,0.12582614,,
cell_1690,0.064870626,,
cell_1691,0.07017127,,
cell_1692,,,0.44495848
cell_1693,,0.9460802,
cell_1694,,0.86680406,
cell_1695,,,0.49976248
cell_1696,,0.9225141,
cell_1697,,0.8444058,
cell_1698,,0.8394882,
cell_1699,,,0.5760859
cell_1700,0.045500055,,
cell_1701,,,0.455169
cell_1702,0.056574147,,
cell_1703,,0.8504259,
cell_1704,,0.878376,
cell_1705,0.19971365,,
cell_1706,,0.90679556,
cell_1707,0.053512927,,
cell_1708,,,0.2752808
cell_1709,,,0.62565786
cell_1710,0.02514474,,
cell_1711,,,0.56304306
cell_1712,,,0.32455054
cell_1713,,,0.4707911
cell_1714,0.14271906,,
cell_1715,,,0.45379254
cell_1716,0.029025113,,
cell_1717,,,0.44064087
cell_1718,0.05521395,,
cell_1719,,,0.427879
cell_1720,0.04995501,,
cell_1721,0.10235473,,
cell_1722,,0.93646306,
cell_1723,0.13483971,,
cell_1724,,,0.36637852
cell_1725,,,0.62720495
cell_1726,,,0.24026987
cell_1727,0.17473869,,
cell_1728,,0.8242115,
cell_1729,,,0.59117335
cell_1730,,,0.45614496
cell_1731,0.044967286,,
cell_1732,,,0.3346657
cell_1733,,,0.21438633
cell_1734,,,0.6207455
cell_1735,,,0.5406976
cell_1736,0.21093291,,
cell_1737,0.058568783,,
cell_1738,0.031804327,,
cell_1739,0.12347247,,
cell_1740,,0.93598115,
cell_1741,,,0.33231887
cell_1742,,0.8902652,
cell_1743,,,0.4996496
cell_1744,,0.9562905,
cell_1745,,,0.57921445
cell_1746,0.057089508,,
cell_1747,,,0.2676876
cell_1748,,,0.30874202
cell_1749,0.21748726,,
cell_1750,,,0.6378586
cell_1751,0.19614011,,
cell_1752,,0.7906229,
cell_1753,0.1778838,,
cell_1754,,0.86219674,
cell_1755,,0.8815122,
cell_1756,,0.8722469,
cell_1757,0.2161766,,
cell_1758,,0.8077615,
cell_1759,,0.9076273,
cell_1760,,,0.47000036
cell_1761,,0.8635625,
cell_1762,0.0526398,,
cell_1763,,,0.4569112
cell_1764,,0.8062288,
cell_1765,0.061151415,,
cell_1766,0.054182824,,
cell_1767,,0.8916182,
cell_1768,,,0.45734403
cell_1769,,,0.4749791
cell_1770,,0.91260093,
cell_1771,,,0.26255688
cell_1772,,,0.33734494
cell_1773,,0.9084508,
cell_1774,,,0.6496963
cell_1775,0.032926727,,
cell_1776,,0.8798341,
cell_1777,0.22523358,,
cell_1778,,0.86293334,
cell_1779,0.1095097,,
cell_1780,,,0.34817427
cell_1781,,,0.37492654
cell_1782,,0.94453406,
cell_1783,,,0.61768776
cell_1784,,0.94290584,
cell_1785,,0.95640326,
cell_1786,0.019535637,,
cell_1787,0.10992384,,
cell_1788,,,0.6351958
cell_1789,0.20777655,,
cell_1790,,,0.33261883
cell_1791,0.04050163,,
cell_1792,,0.9994129,
cell_1793,,,0.41957408
cell_1794,,0.9373992,
cell_1795,0.1375891,,
cell_1796,,0.94017166,
cell_1797,,0.76531625,
cell_1798,,,0.58318335
cell_1799,0.058133636,,
cell_1800,,,0.39289764
cell_1801,0.21071194,,
cell_1802,,0.8600338,
cell_1803,,0.84907657,
cell_1804,,0.83836794,
cell_1805,,,0.46884668
cell_1806,0.12690341,,
cell_1807,,,0.6728821
cell_1808,0.048013475,,
cell_1809,0.014336548,,
cell_1810,0.12799795,,
cell_1811,,0.83095616,
cell_1812,,,0.53423065
cell_1813,,0.83994114,
cell_1814,,0.81138366,
cell_1815,,,0.25496605
cell_1816,0.16807085,,
cell_1817,0.016669111,,
cell_1818,,,0.37553817
cell_1819,0.20288609,,
cell_1820,0.05715786,,
cell_1821,,0.91721463,
cell_1822,0.060553104,,
cell_1823,,,0.2535533
cell_1824,,0.93937874,
cell_1825,0.05413153,,
cell_1826,0.07411477,,
cell_1827,0.035064835,,
cell_1828,0.050413985,,
cell_1829,,,0.3382849
cell_1830,0.018779095,,
cell_1831,,,0.42036542
cell_1832,0.047816362,,
cell_1833,0.09629176,,
cell_1834,,0.83839446,
cell_1835,,0.8358765,
cell_1836,,,0.5915416
cell_1837,,,0.24952115
cell_1838,,,0.71751523
cell_1839,,,0.35089564
cell_1840,0.014486481,,
cell_1841,,0.9132484,
cell_1842,,0.8340019,
cell_1843,0.04652057,,
cell_1844,,,0.31451404
cell_1845,0.19913024,,
cell_1846,,,0.45279032
cell_1847,,0.78348136,
cell_1848,,0.9510891,
cell_1849,,0.80459744,
cell_1850,,,0.2541803
cell_1851,,,0.48463598
cell_1852,,,0.5534325
cell_1853,,,0.27147186
cell_1854,0.05347217,,
cell_1855,,0.9353835,
cell_1856,0.16954106,,
cell_1857,,0.90265834,
cell_1858,0.015989441,,
cell_1859,,0.9031068,
cell_1860,,0.91323346,
cell_1861,0.055290226,,
cell_1862,0.16729061,,
cell_1863,,,0.61486197
cell_1864,,,0.3182523
cell_1865,0.06305254,,
cell_1866,0.12804215,,
cell_1867,,,0.4461852
cell_1868,,0.8411845,
cell_1869,,0.884866,
cell_1870,0.013040168,,
cell_1871,0.039447412,,
cell_1872,,0.9326802,
cell_1873,,,0.5502765
cell_1874,0.22010104,,
cell_1875,,0.93354976,
cell_1876,,0.77606684,
cell_1877,,,0.28416386
cell_1878,,,0.6288546
cell_1879,,0.8381678,
cell_1880,,0.83132136,
cell_1881,,0.7452695,
cell_1882,,0.84815,
cell_1883,,0.78536403,
cell_1884,0.20385171,,
cell_1885,,0.9272693,
cell_1886,,0.9502879,
cell_1887,,,0.6136094
cell_1888,,,0.3609286
cell_1889,,0.74159557,
cell_1890,,0.8810943,
cell_1891,0.06413664,,
cell_1892,,,0.59919375
cell_1893,,,0.33621773
cell_1894,,0.86156756,
cell_1895,,0.8968805,
cell_1896,,0.9069476,
cell_1897,0.16121957,,
cell_1898,,,0.5325509
cell_1899,0.02837848,,
cell_1900,0.025893964,,
cell_1901,,0.8211066,
cell_1902,,,0.4507951
cell_1903,0.1303132,,
cell_1904,,0.81660926,
cell_1905,0.12080878,,
cell_1906,,,0.6122165
cell_1907,0.020066231,,
cell_1908,,,0.25566188
cell_1909,,,0.555982
cell_1910,,0.86394054,
cell_1911,,0.868058,
cell_1912,,0.88658535,
cell_1913,,,0.39595667
cell_1914,,,0.24053335
cell_1915,,0.98049647,
cell_1916,,,0.5594013
cell_1917,0.03912558,,
cell_1918,,,0.62003285
cell_1919,,0.90476835,
cell_1920,,0.8508467,
cell_1921,,,0.49211445
cell_1922,0.04620649,,
cell_1923,,,0.7026583
cell_1924,0.1978535,,
cell_1925,,,0.49617374
cell_1926,,,0.45886672
cell_1927,,0.8347581,
cell_1928,,,0.5180907
cell_1929,,,0.6123848
cell_1930,0.055338535,,
cell_1931,,0.7909621,
cell_1932,,,0.6492724
cell_1933,0.11828862,,
cell_1934,0.05470172,,
cell_1935,0.18428054,,
cell_1936,,0.91129637,
cell_1937,,0.8727699,
cell_1938,0.0074104485,,
cell_1939,,0.9323763,
cell_1940,,0.8953703,
cell_1941,,0.9640864,
cell_1942,,,0.6767011
cell_1943,,0.805012,
cell_1944,,,0.3879901
cell_1945,0.014462994,,
cell_1946,0.04400091,,
cell_1947,,,0.58866835
cell_1948,0.055213805,,
cell_1949,0.023005193,,
cell_1950,0.016107125,,
cell_1951,0.037615158,,
cell_1952,0.2181672,,
cell_1953,,,0.3216373
cell_1954,,,0.5841547
cell_1955,0.21985622,,
cell_1956,0.019544836,,
cell_1957,,0.8230836,
cell_1958,,0.92042136,
cell_1959,,0.8514621,
cell_1960,,0.9355722,
cell_1961,,,0.511505
cell_1962,0.03232182,,
cell_1963,0.054910764,,
cell_1964,0.17485484,,
cell_1965,,0.9229266,
cell_1966,0.047924064,,
cell_1967,,0.8054809,
cell_1968,,,0.35560575
cell_1969,,,0.67268324
cell_1970,0.19410749,,
cell_1971,,,0.21529189
cell_1972,0.04365173,,
cell_1973,0.020168986,,
cell_1974,0.0686624,,
cell_1975,0.10005541,,
cell_1976,,,0.47148275
cell_1977,,,0.27241686
cell_1978,0.02482249,,
cell_1979,,0.8778649,
cell_1980,,,0.48603845
cell_1981,,,0.50004256
cell_1982,,0.8167206,
cell_1983,,,0.59894997
cell_1984,0.14801699,,
cell_1985,,0.8064567,
cell_1986,0.064319044,,
cell_1987,,0.8502606,
cell_1988,,0.949627,
cell_1989,0.080317765,,
cell_1990,0.062749274,,
cell_1991,,,0.53311986
cell_1992,0.053219654,,
cell_1993,0.0375458,,
cell_1994,0.049075864,,
cell_1995,,,0.34818164
cell_1996,,0.91793984,
cell_1997,,0.8896115,
cell_1998,,0.9207525,
cell_1999,,,0.48017442
