g2,g3,g4,g1,g5,g6,g7,g8,Time
1.0747173,1.2190875,-0.29218653,0.4035478,-0.69213015,-0.023800949,-1.0662086000000002,0.20496354,0.06995
0.72658986,-1.2566389,-0.20811659,1.3859878,0.47417337,-1.468741,-0.37675837,0.37722248,0.16399999999999998
1.0701947,0.802696,0.99046606,1.1033325,-0.20147684,-1.1237682,-0.87890285,0.22867607,0.14500000000000002
1.042757,1.1129731,-0.5795403,1.0724776000000003,0.7571022,-1.2181084999999998,-0.23316243,-0.18704847,0.2845
1.1313536,-0.27805328,0.6937795,1.2654667,-0.14482298,-0.87601346,-0.30933449999999996,0.123135366,0.117
1.0081985,0.89904004,0.020541148000000002,1.1749816000000002,-0.25937477,-1.5196693000000001,-0.53942156,0.17508635,0.054349999999999996
1.1459767,-0.89086246,0.6434770000000001,1.1943046999999998,-0.57213265,-1.7020501000000001,-1.3253876,0.3160314,0.14500000000000002
1.1544676999999999,0.66297704,-0.8796898000000001,1.1963041,-0.0027261458,-0.91901034,-0.47441676,0.012025041499999998,0.01825
1.1775262,0.41895512,-0.5788941,1.0894983,-0.7157545999999999,-0.40210807,-0.21082494,0.29377857,0.01825
0.89456224,-0.9559513000000001,0.19933087,1.2739002000000001,-0.8121529000000001,-0.68869793,-0.34682816,0.5272852,0.16399999999999998
-0.93176454,-1.8650056000000002,-1.2921218,1.2194563,-1.0748302,-0.10371974,-1.0950063,0.9250033999999999,0.2845
1.0938259,0.6846281999999999,-0.12451965,1.21504,-0.7274725000000001,-0.57869375,-0.63311046,0.11243510000000001,0.054349999999999996
1.0809772,1.0042607,-0.27223554,1.0936487,-0.47911328,-1.0769556999999998,-0.6565379,0.051721446,0.054349999999999996
1.187432,0.63431245,0.028061693999999998,1.1947722,-0.6962615,-0.9016271,-0.250881,-0.07447445400000001,0.054349999999999996
-0.7888838,-0.80640095,1.2190113999999999,0.7107671,-0.8689353999999999,-0.0057392674,-0.8142517,1.1421686000000002,0.2845
0.9984086,1.1720561999999999,-0.082184486,1.1472625,-1.680186,-1.1960488999999999,-1.3979669,-0.29188675,0.054349999999999996
1.0826218,1.0155209,-0.6532871,1.1113018999999997,-0.20934318,-1.2053553999999997,-0.6578225999999999,-0.01286517,0.01825
1.0076174999999998,0.8313023,-0.44661769999999995,1.2426715,-0.38767615,-1.0791532,-0.9303033000000002,0.09887996,0.01825
-0.70427036,1.1157503,-0.42072964,1.2458321,-0.20852779999999999,-1.6139842,-0.30586904,0.38522568,0.0893
0.95677584,-0.97858983,-0.8745408000000001,1.2793185,-0.559689,-0.6202795,-1.2167614,0.46871027,0.16399999999999998
1.0472901,0.14904438,-0.19586314,1.1462004,0.4383495,-1.5636268,-0.30179513,0.48667595,0.0893
0.9909479999999999,1.0151616,-1.3664062,1.1305101999999998,-0.30812722,-0.51217586,-0.8704818000000001,0.14115849,0.06995
1.1821582,0.6802414999999999,0.1323634,1.1249218,-1.1671835,-0.643695,-0.36200747,0.083651155,0.04245
1.1557301000000002,0.89210063,-1.4574008999999999,1.1684295,-0.15258737,-0.89575076,-0.3207963,-0.18730663,0.01825
1.1157888999999999,-0.8870843,-0.15696213,1.2535207,-0.5440351999999999,-0.66910493,-0.49775988,0.2634518,0.16399999999999998
1.0582578,-1.2298583,0.19735363,1.286038,-0.70557505,-0.6246832,-0.025856347999999998,0.26894405,0.16399999999999998
1.0110395,0.22153974,-0.057358094000000005,1.2988905000000002,-0.67319757,-1.1324788000000001,-1.2865883999999999,0.26814213,0.04245
-0.40157744,0.60829896,-1.1055261,1.1364573,0.7298333,-0.6003764,0.07084179,0.8282559000000002,0.2845
1.0388864,-0.24470001,0.15328677,1.2748256000000002,-0.18704364,-1.1455323999999998,-0.3560545,0.32179508,0.117
0.96036804,1.0657368999999999,-0.42575037,1.1446271000000001,0.036477115,-0.6936755,-1.8071914,0.06787860400000001,0.06995
1.0477448,0.7817265999999999,-1.6058159,1.2591045,-0.6640456,-0.44459897,-1.180455,0.012590447,0.054349999999999996
1.0028532,0.14578956,0.89294755,1.2431729999999999,0.14201973,-0.78281254,-1.102706,0.3554303,0.0893
1.1097758,0.554643,0.15304501,1.1806164,-0.1614721,-0.99937445,-1.4948468000000001,0.23788081,0.054349999999999996
1.0253096,0.64152944,-0.633717,1.2189462,-0.05809815,-0.37661695,-0.7072022,0.25797546,0.054349999999999996
0.99240613,1.0870123999999999,0.19700402,1.1406089,-0.034704443,0.24924445,-0.46029200000000003,-0.1705297,0.14500000000000002
1.1008798,-0.43056005,1.1749068,1.1441242,-0.27238938,-0.7470064000000001,-0.41467178,0.3909487,0.14500000000000002
1.0282913,-1.4549005,0.29537255,1.2870388000000001,-0.34316704,-0.4962324000000001,-0.37759843,0.32685766,0.181
1.0611341,0.9057951,0.11117981,1.0484346,-0.07153754,-1.1052328000000002,-0.9794383,0.29426837,0.06995
1.0936471,0.8661044,-0.11329892,1.1477556,-0.22045492,-0.92845887,-1.0968806,0.10301286,0.04245
-1.5281999,-0.74699116,0.55755275,1.2329476000000001,-0.72703916,-0.9120183000000001,-0.8287283000000001,0.9056930000000001,0.2845
1.0826025,-1.6354431999999999,-0.09489895400000001,1.3185601999999998,-0.37050816,-0.94351685,-1.4136106000000002,0.16994686,0.181
1.0183074,-0.3739728,-0.26391923,1.2254066000000001,0.9085793,-0.47110724,-0.5251034000000001,0.3579598,0.14500000000000002
1.031959,-0.7819425999999999,0.27510744,1.3092663,0.10479845,-0.8804365,-0.29904675,0.2474675,0.14500000000000002
0.8845141,0.9291109000000001,-0.30893075,1.2010769,0.39554134,-0.19945745,-1.3545836000000002,0.22045714,0.0893
1.0630399,0.97996444,-0.8086518,1.2035978999999999,0.21951506,-1.0044082,-1.6082996,-0.16373643,0.054349999999999996
-0.7178614999999999,-2.0689602,2.1097200000000003,1.1415104999999999,-0.5613592,-1.2023976,-1.5633139999999999,0.5187515,0.2845
1.0520718999999998,0.8132172,-0.584229,1.1587135,0.093231015,-0.8670848,-0.88466763,0.21643166,0.01825
0.7711962,-0.83857936,0.08265982,1.2792481000000002,-1.2086388000000001,-0.447112,-0.038566995,0.5993874,0.16399999999999998
1.0918643,-0.7184743,-0.21640849,1.185397,-0.65619975,-0.27766627,-0.43980658,0.4323431,0.14500000000000002
1.0073845,1.1097553,0.37603763,0.99255013,-0.05950846,0.4999313,-0.4529369000000001,-0.040218145,0.181
1.1418089,-0.8422946,0.5744595,1.2416173000000001,-1.0823953000000002,-0.06544109999999999,-0.7541023,0.18354532,0.181
0.52397346,-0.08848052,0.35358652,1.5480392,0.41362134,-0.6475218,-0.25609905,-0.41472778,0.181
1.1073648,-0.0028203310999999997,0.07339842,1.2739258,0.30592808,-1.9685582,-1.3172083,0.1591131,0.0893
-0.41094949999999997,0.043603208,-0.7629889,0.629024,-0.6251419,0.11980918,-0.06063104,1.1661304,0.2845
0.90343505,1.1030222,-0.19742332,1.1456188,-0.20427258,-1.2567558,-0.6298395999999999,0.089357376,0.054349999999999996
1.0572389,0.4376215,-0.05450209,1.2427651000000002,-0.41817322,-0.45232934,-1.0304338,0.25152567,0.04245
0.024300197000000003,-1.3595976,-0.92282844,1.0064906,-0.29436734,-0.0875765,0.21210222,1.0375646,0.2845
1.0834092,1.006171,-1.1740876,1.1334608999999998,-0.6584049,-0.0418765,-0.84567326,-0.09040527,0.181
1.0062141,0.6566334,-0.06233185,1.2067808999999998,-1.2751104,-1.2396361999999999,-0.80403864,0.32913697,0.01825
1.0929698,1.0144187,-0.7768352,1.1085892,-0.35812455,-0.85403943,-0.69259745,-0.031213656,0.04245
1.0608345,0.9856786,0.1927863,1.1090455,0.113094896,-1.2488048999999999,-0.3644128,0.061010185999999994,0.0893
1.1321928999999997,-0.98045707,-0.6415244000000001,1.1815815,-0.2491991,-0.28509727,-0.7905601,0.37486097,0.14500000000000002
1.0537561000000002,-1.9233879,-0.070293404,1.3092386,-0.40870553,-0.7907665,-0.7305017,0.24979454,0.181
1.0012671,1.0906514999999999,0.048788055999999996,1.1464093000000002,0.002558451,-1.5084275,-0.57942617,-0.08472513400000001,0.06995
1.0828218,-1.7126033,-0.8878691999999999,1.190717,-1.0411086999999999,-0.7032008000000001,-0.081596784,0.44971108,0.2845
1.021423,0.9955622,-0.19830644,1.120363,-0.41911572,-0.048458499999999995,-0.32325068,0.08633053,0.0893
0.038730863,1.3004084999999999,-0.93951946,0.088292345,-1.3937663,-1.1307468,0.42398068,0.6574036,0.16399999999999998
0.035427146,1.3808911,0.0067615365,0.23059177,-0.44332156,-0.1481551,-0.5900755,0.5002518,0.117
1.0402485000000001,-1.4689277,-0.10016157,1.3316941999999998,-0.82427424,-1.3146356000000001,-0.39804345,0.2085266,0.181
1.1495634,-1.1309447,-1.4403736999999999,1.2138016999999999,-0.28975059999999997,-1.3405639999999999,-0.67954737,0.29710823,0.16399999999999998
1.1002682,-1.8790754,-0.6948420999999999,1.2568852,-0.44075169999999997,-0.33711702,0.06722893,0.255438,0.181
0.7648670999999999,-0.9301019,0.37310833,1.3760462,0.3156443,0.24415813,-0.9617285,0.30874878,0.16399999999999998
-0.593777,-0.7016665,-0.45159793,1.3371269,1.0546693999999999,-0.25962618,-0.32678738,0.62667274,0.2845
1.0934166,-0.80924404,0.283983,1.3263271,-0.63522893,-0.5219590000000001,-0.0592253,0.059139795999999994,0.16399999999999998
1.0274172,0.75915295,0.30626494,1.2500461,-0.48123208,-0.7222368,-0.48553723,0.08277012,0.054349999999999996
1.0641876000000001,0.40636796,-0.06840062,1.2655232,-1.2583193000000001,-0.34031978,-0.13490266,0.16831298,0.04245
1.0334052,0.8112961999999999,-1.4062625,1.1803393,-0.21615587,-0.66395676,-1.188308,0.21969767,0.054349999999999996
0.8231843000000001,-0.9343058000000001,0.0051945327,1.3651342,0.20138833,-0.5060895000000001,-1.2187408000000002,0.37137482,0.16399999999999998
1.0421351,1.0810087,1.2218703000000002,1.0479933000000001,-0.43735206,-1.0478154,-1.1923875,-0.07545717,0.2845
1.0187906,0.95983964,0.09311725,1.1416428,-0.5743520999999999,-0.2667614,-0.8092645,0.13000643,0.06995
0.9682503,-0.35647026,1.0351678,1.2369945,-1.1687025,-1.2323852,-1.2022053,0.46393242,0.117
1.0427469999999999,0.92528224,0.37144816,1.1212417,-0.44780329999999996,-0.9902382,-0.5919226,0.17794432,0.0893
1.0981263,-0.12082103,-0.2663348,1.2126168,-0.17774048,-1.1047271,-1.4864885,0.3637288,0.06995
0.9912278,-0.26735803,-0.12566265,1.1308413,-0.5320191,-0.032584272000000004,-0.17289244,0.6084781,0.14500000000000002
0.9961777,1.1480521000000001,0.19822937,1.0787021,-0.053269047,-1.176398,-1.1514857,-0.05324766400000001,0.06995
-0.027687153,-1.3272046999999998,-0.10786436,1.4001553999999998,0.05803563,-0.18289724,-0.9818972,0.5828205,0.181
1.0291858,1.0792383999999997,-0.24896955,1.139557,-0.6757340000000001,-0.534216,-1.5897455,-0.08538691,0.04245
1.0441895,0.96053374,0.8662371999999999,1.1689231000000002,-0.7048568000000001,-1.2931454,-1.1129905,-0.02198946,0.14500000000000002
1.0809902,0.16596764,-0.5740601,1.2351155,-1.5644695,-1.3028018,-0.9870515,0.32122836,0.01825
1.0598073000000001,1.1350851,-0.5831424,0.6663081,0.89711195,-0.9894228,-0.32754022,0.1981875,0.2845
1.0385818000000002,-0.26342615,0.345499,1.2737838,-0.55933785,-1.0328456,-0.43973354,0.32707159999999996,0.117
1.1066906,-0.44895416,-0.70922184,1.1815627,-0.15370409,-1.283249,0.5480295000000001,0.30641907,0.117
1.1058651000000002,0.91980046,0.06852736,1.0846703000000002,-1.0848163,-0.79561204,-0.28670853,0.12093696,0.054349999999999996
0.64818627,-0.67193174,-1.3944011,1.5209607,-0.029059762000000003,-0.19207096,-0.32425874,-0.18997319,0.117
1.0207528000000001,1.0182898,0.4312619000000001,1.0517489,-1.0937566,0.40083343,-0.49892643,0.075530805,0.2845
1.018292,0.7241981,0.23676209,1.2020440000000001,-0.77090347,-1.4178408000000002,-1.3514893,0.27101028,0.06995
0.8968649,-0.08259714,0.15645635,1.2646565,-0.024372015,-0.2821298,-0.82540315,0.49999547,0.117
1.0602505,-0.08781972,-0.44573534,1.3134874,-0.36475286,-0.6596785,-0.48292482,0.17276372,0.0893
1.1432933,-0.52154285,0.20366986,1.1789744,-0.20208085,-0.46389678,-1.3394133,0.34561107,0.117
1.1190159,0.7021405,-0.36263870000000004,1.200711,-1.064832,0.015156345,-1.772498,0.041829724,0.04245
1.1066645,0.10402560000000001,-0.8230146999999999,1.2277806999999998,-0.79108554,-0.16846377,-0.11110008,0.24782115,0.04245
0.71682155,-1.2267245,0.20881489,1.5138111,-0.009332798,-0.35046005,-0.37931913,-0.2136486,0.181
1.0188725,-0.7665335999999999,-1.1426665,1.2840588,0.14245094,-0.40516922,-0.9871019,0.35026604,0.14500000000000002
1.1915381,0.06746592,0.37827328,1.2886205,0.38375688,-1.4751495000000001,-0.81906515,-0.19466707,0.0893
1.0278965,1.0035224,0.55501527,1.1492901000000002,0.28439736,0.09892301,-0.48461783,-0.09695009,0.14500000000000002
1.114741,-0.81432277,-0.21887295,1.3223276000000002,-0.8795978000000001,-1.9343163,-0.5596164,0.07644367,0.14500000000000002
0.8731039,-0.79129595,-0.024295282,1.3133427,-0.51446295,-0.7414925,-1.3973726,0.47662684,0.14500000000000002
1.045396,0.96429974,-0.8303855,1.1844523,-1.2525402,-0.71725523,-0.52935255,-0.008321593,0.01825
1.004106,1.0847434,0.5481398000000001,1.0729928999999998,0.008424986,-1.4484832,-1.4067312,0.07257646,0.117
1.0025036,-1.2087139999999998,-0.028969109,1.1991216999999998,0.20016018,-0.42847502,-1.4963236,0.53644484,0.181
0.9968858,0.3956715,-0.099769905,1.3169098,0.13828146,-0.085523166,-0.67005235,0.12646459,0.06995
1.0559014,1.0319769,-0.16603503,1.1959851000000001,-0.37458909999999995,-0.6098156,-0.48689264,-0.23697434,0.06995
1.168231,-0.12334895,0.526562,1.2293491,-0.09207162,-1.0977299999999999,-0.4711181,0.13207974,0.117
0.79074186,-0.5951066999999999,-0.083426945,1.4235438999999999,-0.24619591,-1.1126193000000002,-0.31763232,0.21454933,0.14500000000000002
0.91134113,0.9472388,0.043618854000000006,1.2363568999999999,0.43999216,-0.68780434,-0.5522557,0.06950497,0.117
1.1421421999999999,0.22274648,-0.15909544,1.1721023000000002,-1.2111229,-0.5336935,-1.6917397,0.30550309999999997,0.01825
0.68216485,-0.43818897,0.20792070000000004,1.5260283000000001,0.5437226,-0.09981018,-0.20712719999999998,-0.42382067,0.181
0.49386328,-0.8742552,1.0380169,1.3517396000000002,-0.05450405,-1.8296496,-0.40760824,0.5486635999999999,0.16399999999999998
0.93736166,1.0840048999999998,-0.7462706,1.0980471,0.5118448,-0.17904761,-0.6231825,0.096196614,0.0893
-0.24065368,-0.9371746999999999,-0.007421153000000001,1.4459049,-1.1611346000000002,-1.970849,-1.1351222,0.50493073,0.14500000000000002
1.0421810999999999,-0.25541437,0.5629206999999999,1.1982945,-0.70476,-0.0953584,-1.5901865,0.44765812,0.117
1.2073425,-0.40142518,-0.5965706000000001,1.1657802,-0.86310667,-0.49375966,-0.7105425999999999,0.22958319,0.117
1.1496959999999998,0.21020016,0.32875228,1.2297015,-0.03407848,-0.6483694999999999,-0.30293417,0.11915189,0.0893
1.0416821,-0.6538063000000001,1.0194411,1.2450552,-0.43605348,-0.20082402,0.035263468,0.29720458,0.16399999999999998
1.2198583,0.64088774,-0.44874316,1.0751393,-0.13834397,-0.8355785,-0.40096858,0.099965684,0.04245
1.051705,0.5135667,-0.36295432,1.2802547,-0.82226974,-0.01732223,-0.6626526,0.099196486,0.04245
0.88421375,-0.51958793,-0.44220173,1.372167,0.22231413,-0.24352148,-0.00055618706,0.23481108,0.14500000000000002
1.0614704,0.97588515,-0.4469212,1.1499203000000002,0.57120836,-0.9016662,-0.5527015000000001,-0.05691064,0.16399999999999998
1.0442692,0.69468504,0.34173605,1.1380004,-0.8755233,-0.57654667,-0.052039582,0.32991588,0.054349999999999996
0.9949008,-0.6635004,-0.702851,1.2799924999999999,-1.2337757,-1.7830863000000001,-1.6142794,0.42502865,0.0893
1.1241713,0.6237518,-1.01217,1.2243254,-0.40979707,-1.1814669,-0.7412035,0.07218346,0.01825
1.0309315000000001,1.1566450000000001,-0.28843832,0.97000605,-0.60510445,-1.2838027,-1.1580063,0.07350348,0.04245
1.0539129999999999,-0.8373676999999999,-0.2818216,1.2084716999999998,-0.5924366,-0.40805903,0.34281462,0.40018618,0.16399999999999998
1.1919785,0.05420269,0.108127356,1.2338935,-1.1370107,-0.39965856,-0.6618002,0.04531234,0.054349999999999996
1.040314,1.0408726000000001,-0.7730449,1.0940868000000001,0.49253747,-0.42323107,-0.33971503,-0.001987638,0.117
1.009868,0.5598446,0.45676333,1.2989694,-0.5620633,-1.6949214,-1.2422594999999998,0.12888756,0.06995
-0.50506216,-1.0736628000000001,0.53822184,1.3382186000000003,-0.5830548000000001,-1.2364273000000001,-0.0619087,0.73378944,0.181
1.0237465000000001,1.0170040999999999,0.21060161,1.1799867,0.35893020000000003,-0.16597475,-0.18825981,-0.16698210000000002,0.117
1.1203895000000001,-0.72371864,-0.105698496,1.2672669,0.47373065,-1.1604543,-0.46109772,0.17196667,0.14500000000000002
1.0488318,-1.3061465,-0.4392816,1.2827911,-0.8105253000000001,-1.4764645,-0.45228332,0.33366284,0.181
1.0267292,-0.14193663,-0.44505125,1.3120975000000001,-1.0171635,-0.60699534,-0.89235276,0.25688973,0.054349999999999996
1.0412313,1.1648008,0.20613296,0.9196694,-0.74367356,-0.7103077,-1.0557607,0.083029605,0.054349999999999996
1.1524205,-0.007802175400000001,-0.32162094,1.1975447,-0.10353498,-1.6495726000000002,-1.187099,0.2710828,0.06995
-1.5579643,-1.4667128,-0.44835842,1.3222971000000001,-0.69057757,-0.8873353999999999,-0.39606088,0.79700786,0.2845
0.9353925999999999,-0.97593313,0.39342624,1.3005962,-0.7431001,0.31437927,-0.9041634,0.35306522,0.181
1.0724214,-1.0049945,-0.6367388,1.2807152,0.0072058980000000005,-1.1460061000000001,-0.8153593000000001,0.28749853,0.16399999999999998
0.96788543,0.10812299,0.17974517,1.2824303,-0.7799071,-1.1168873,-1.0148211999999999,0.38745284,0.06995
0.93245417,-1.1636745000000002,0.38992193,1.3657656999999999,-0.33196190000000003,-0.29985467,-0.75999606,0.23999743,0.181
1.0779488000000002,0.15673937,0.18475707,1.2225361000000001,-1.2362799999999998,-0.8119923000000001,0.21217078,0.28735,0.054349999999999996
0.9917655000000001,0.9868872,0.3326034,1.2176685,-1.0301135000000001,-0.9134403,-1.2362703000000002,-0.03357430000000001,0.06995
1.1689389,-0.40654144,-0.28166687,1.1607536,-1.4773208,-0.7126397,-0.7242086999999999,0.33852738,0.0893
1.1762289,-0.7554451,0.4928352,1.2154943999999999,-0.40263486,-0.74879164,-0.39255798,0.18488568,0.14500000000000002
1.0095922,-0.5677425,-0.6702045999999999,1.2409704,0.44032383,-1.3613157,-0.31238702,0.4334465,0.14500000000000002
1.1893196000000001,0.7387315,-0.16925898,1.1119454,-0.37098038,-0.8015203000000001,-1.038675,0.05680346,0.04245
-0.61095333,-0.23207991,0.28720695,1.296605,-0.5696422,-0.020134388,-0.6894346,0.78643095,0.2845
1.2377176,-1.1713147,-1.2524893999999998,1.215634,-0.9804584999999999,-0.9665026,-0.73457956,0.050860737,0.16399999999999998
1.2031457,-0.5386593000000001,-1.5556786,1.2325008999999998,-0.5099928,-1.5143539,-0.09863621,0.07809657,0.14500000000000002
1.0729734,1.2951611,0.80256766,-0.06303009400000001,0.26752698,-0.77703595,-0.3286436,0.018631311,0.14500000000000002
1.0064066999999999,-1.0287773999999998,0.08310027,1.1535151000000001,0.19800793,-0.9864351,-1.3841085,0.60331124,0.16399999999999998
-0.5263126,-0.47067955,-1.1442176000000002,1.2322998,-1.2395624,-0.34931755,-0.23255694,0.8953177,0.2845
0.9051534999999999,-0.5407708000000001,-0.58911943,1.3470333,-1.2470823999999998,-0.9150290999999999,-0.44446009999999997,0.35483086,0.0893
1.0432811,1.0223082000000001,0.029159837999999997,1.0800322,-0.18499416,-0.42176315,-0.8421254000000001,0.108183734,0.06995
1.0342052,0.79595786,-1.3989546,1.1744978000000001,-0.7604234999999999,-0.8972783999999999,-0.8462568000000001,0.25289345,0.01825
1.0459502,1.0879756,0.04893103,1.110284,-0.7688784000000001,-1.2224408000000002,-0.6210572,-0.075685725,0.0893
0.9178566999999999,1.0316429,-0.87179697,1.1250839,-1.0581385,-1.2591965,-0.29873535,0.24374528,0.04245
1.0294379999999999,0.9773804,-1.0128651,1.0964416000000001,-0.47616562,-0.48751438,-0.8756073,0.19506386,0.0893
1.0072142,-0.65134966,-0.46373817,1.3563530000000001,-0.21853964,-0.36174259999999997,-0.45090473,0.15667066,0.14500000000000002
1.0784806999999998,-1.6958171999999998,0.39840975,1.3043586,-0.47050694,-0.67394906,-0.32198203,0.1882675,0.181
1.1700332,0.19134715,0.16421206,1.1871764999999999,-0.3638057,-0.396683,-0.3534948,0.18329865,0.0893
1.0674638,0.84241575,0.5264816,1.174875,-1.0118015999999999,0.16606992,-0.8779276,0.032673165,0.2845
1.0457633,-0.27491212,-0.13048057,1.1636379,0.16920097,-0.42384404,-0.8494601,0.51562876,0.117
1.0364328999999999,0.8348504999999999,-0.6636754,1.2143722,-0.43082774,-0.7299956999999999,-0.10004327,0.08330015,0.01825
0.9335471,1.0132633,-0.38691133,1.2259326000000001,-0.735788,-0.8660110000000001,-0.4842486,0.013830006,0.054349999999999996
1.2255946000000002,-1.9231796,-1.2642334,1.0964273000000002,0.30458102,-0.9322550999999999,-1.3414358,0.31157625,0.181
0.95211226,-0.977936,-0.2834922,1.3081875,-0.15170479,-0.3814281,-1.0198503,0.39318115,0.16399999999999998
1.0620264,0.3192058,-1.1094958000000001,1.2386906,-0.16406977,-0.7372199,-1.4261907,0.30180123,0.01825
1.0837959,-1.4748833000000001,-0.6187111,1.1856467,-0.9006337999999999,-0.58781725,-0.30001622,0.46228173,0.181
1.0397553,-0.08026074,-0.41254989999999997,1.2981356000000002,0.30554178,-0.61097425,-1.5887360000000001,0.23784544,0.06995
1.0420635,-1.2296771,-0.8645430000000001,1.3005803999999999,-0.34133327,-0.98095155,-1.8477290000000002,0.3046278,0.14500000000000002
1.0812207,0.8432265999999999,-0.33531544,1.1497613000000002,-1.1193342,-0.7962419,-0.8374665000000001,0.16160193,0.04245
1.1102601,-1.2633096000000001,-0.09645891,1.2450656999999998,-0.15895271,-0.89553523,-0.19551127,0.28450662,0.16399999999999998
0.9881011999999999,0.9522465,-0.3946396,1.1848288999999999,0.047974024000000004,-0.6347681,-0.54437864,0.104847446,0.06995
0.87603873,-0.801767,-0.3441515,1.2482688,-0.024167491,-0.17936286,0.47815909999999995,0.49626264,0.14500000000000002
1.0616088,-1.0063039,-0.47814763,1.1100405,0.29028222,-0.54803294,-0.36901644,0.5777544,0.14500000000000002
1.0343579999999999,0.88126224,0.90683794,1.1294647,-1.0556468,-1.0629013999999999,-1.2015464,0.19410457,0.117
1.1683273,-2.1519687000000003,-0.6308366999999999,1.1169496,-1.0364261000000001,-0.79922813,-0.8072431,0.4331777,0.2845
1.0930247,-1.6283016000000001,0.29608697,1.1976417,-1.2946898999999998,-0.10249267,-0.87847674,0.40463957,0.2845
1.1356983,0.09698043,-1.2297173000000001,1.1322595,0.11682390000000001,-0.113088466,-0.8894339,0.37526149999999997,0.06995
-0.7536469,-0.8961393,0.27928075,0.75665265,-0.7527949,-0.8874747,-1.4954558999999998,1.1886742000000001,0.2845
0.99515265,1.1380428999999999,0.8543523000000001,0.4257059,-0.050702005999999994,-0.98986006,-1.3069881,0.46264687,0.117
1.0635598999999998,0.9041171999999998,-0.18229452,1.1785907,-1.3849764,-0.6952249,-0.6935226999999999,0.054506917,0.04245
1.0682067,0.73846006,-0.23854077,1.243571,-1.4194171,-1.6390405,-1.1857535,0.07062428400000001,0.04245
1.0099715,1.032557,-0.83137614,1.0854701,-0.6948179,-0.33692974,-0.013419523999999999,0.12711884,0.054349999999999996
0.49414855,-1.0217942,0.11108315,1.5738981,0.02160182,-0.21569297,-0.29866418,-0.5499158000000001,0.2845
1.094139,0.84706354,-0.25537306,1.1104892,-1.0161649,-0.4117751,-0.77727264,0.19408953,0.054349999999999996
1.0383546000000001,-0.6104003,-1.3994848,1.2629296,-0.68612766,-0.7191183000000001,-1.1213712,0.39082935,0.117
1.1450428,0.16319065,-0.46482512,1.2337941000000001,0.29592893,-0.6929825,-1.4502475000000001,0.14825235,0.06995
1.0738836999999999,0.8533478999999999,-0.5406895,1.1833388999999999,-0.9583214,-1.3602473999999998,-1.7918112000000002,0.10135687,0.04245
1.0558238000000002,-0.11720369,-1.1137043,1.2692306,-0.77689826,-0.53296447,-0.39459643,0.30716616,0.0893
1.0503296999999998,0.31927514,0.38644382,1.1610260000000001,-0.21554239,-0.3826334,-0.33955014,0.43099302,0.0893
1.018715,1.0297637,0.03680132,1.1116676,-0.31920964,-1.8106848999999998,-1.1753948,0.10750781,0.054349999999999996
0.93966335,0.6997310999999999,-0.95441544,1.253494,-0.35044822,-0.48039082,0.053720288,0.25076798,0.01825
0.97455555,1.0861801000000002,0.31603324,1.1281828,-0.08978114,-0.5276764,-0.22319247,-0.007641249300000001,0.06995
0.97284657,-0.73946863,0.8754753000000001,1.3244075000000002,-0.92974675,-0.64507854,-0.20357575,0.26479304,0.16399999999999998
1.18582,-1.0699118,-0.27480796,1.2556171,-1.2881732,-0.82922095,-1.2545882,0.10233915,0.16399999999999998
1.0873926,-0.111603744,-0.88468874,1.2189748,-1.144253,-0.8266783999999999,-1.6228681,0.37895715,0.04245
1.0741903,-0.5117138,-0.6509578,1.2763195,-0.10794224,-0.7581034999999999,-0.39764842,0.27552116,0.117
0.95342857,0.9647334000000001,0.08654192,1.0774552,-1.0093870999999999,-0.2021771,-0.5081562,0.33576974,0.0893
1.1199538999999998,-1.6075783000000001,-1.3040450000000001,1.2778691,-0.12069672,-0.8347358,-0.76998955,0.20366208,0.181
1.0043799,1.0377055,-0.71673536,1.2272538999999998,0.13822404,-1.0584563999999999,-1.7651689,-0.20800692,0.054349999999999996
0.514676,0.8962673000000001,-0.16860999999999998,0.43373176,0.070610374,-0.58126926,-0.34092686,0.9700325000000001,0.0893
1.164137,-0.73408157,-0.8641725,1.189308,0.18377341,-0.9013542,-1.6470227,0.29447085,0.117
0.26251528,1.2829596,-0.43149158,0.77714926,-0.60675085,-0.7240897,-0.75875336,0.5423650999999999,0.06995
1.0650518999999998,-0.15577649,-0.23930888,1.2373243999999999,0.16697396,-0.7563181999999999,0.012022808000000001,0.32696465,0.117
0.96125585,1.0008724,0.46109125,1.2499093000000001,-0.66153425,-1.1626134,-1.301512,-0.11012107,0.0893
1.0878557,0.23666399999999999,0.67094046,1.2612926000000002,0.17458208,-1.2709761999999998,-0.9686193000000001,0.16536879999999998,0.0893
0.99625564,1.0112877,-0.08281176,1.1615008999999998,-0.54409534,-0.5962998,-0.91050285,0.067053705,0.054349999999999996
1.0232849,-1.3888028000000001,-1.137784,1.3233123,-0.18232083,-0.4458353,-1.3723493999999998,0.26090196,0.181
1.0575646,0.85892016,-1.0346473,1.1892770000000001,-0.6027779000000001,-0.80361533,-1.3901636999999998,0.11021902,0.01825
0.9592582000000001,0.9864229999999999,-0.6813413,1.2424349,-0.6497046,-1.3442296999999999,-1.1836950000000002,-0.018501097,0.01825
1.0514311,1.0010595,0.016596956,1.1223593,-0.2069165,0.015058458,0.08557832,-0.05124819,0.0893
0.7513928000000001,-0.6946849,0.04611608,1.3382858,-0.1860871,-0.88064086,-1.1051693,0.5118402,0.14500000000000002
1.0832448000000001,0.8940389000000001,-0.25828734,1.1900004,-0.34650645,-0.76165473,-1.4958688999999998,-0.009300774,0.04245
0.9764438,1.1111659,-1.2525735,1.1268148,0.13432135,-1.2017155000000002,-0.9294123,-0.019784864,0.01825
0.990591,1.0849322,-0.14034486,1.1119674,-1.0028014,-0.58912826,-0.37229455,0.040194515,0.06995
0.94050884,-0.9490099,0.75102246,1.3005935,0.24473588,-1.2202301000000002,-0.49953059999999994,0.38086957,0.16399999999999998
1.0918118,1.0580508,-0.114367194,1.0712891000000002,0.48390692,-0.43015529999999996,-1.530119,-0.11213646,0.14500000000000002
-1.0944885,-0.74187416,1.6683273,1.1659746000000002,0.12765464,-0.07750406,-0.7113686,0.79094535,0.2845
1.0520831,-0.41686153,-1.1625836,1.24106,0.14959964,-0.41231176,-0.19903812,0.3676526,0.117
-0.2955692,-0.35184506,0.6953991999999999,1.4030756000000002,-0.03477487,-0.64512527,-1.3006135,0.5725026,0.181
1.0845249,0.60156286,-0.8413716999999998,1.1670191,-0.6169026,-0.36060455,-1.3299003,0.2956494,0.01825
1.1809115,0.13641348,0.12756495,1.151922,-0.48401535,-0.5113226,-1.6153993999999998,0.26110795,0.06995
0.9473482,1.0403969000000002,0.0022990375,1.1587999,0.13398685,-0.22209962,-1.3583614,0.07158623,0.0893
1.1019818000000001,0.5955164000000001,-0.08475085,1.2266758999999998,-0.6417875,-0.8193155000000001,-0.32142818,0.11930352,0.01825
0.9822833000000001,0.37600252,-0.9191316999999999,1.2782717,-0.29245448,-1.3369732,-1.5602571,0.32907948,0.01825
0.8182765999999999,-0.04784663,0.8362879999999999,1.3613355,0.041394576,-0.8726889999999999,-0.69113857,0.31351957,0.117
1.0806518,0.91423833,0.19355386,1.1797729,0.2136449,-0.332276,-1.2140600000000001,-0.062032000000000004,0.0893
0.97478175,0.9982453000000001,0.04489432,1.1838055,-0.8948326999999999,-0.6338111,-1.1839038999999998,0.07901165,0.04245
0.99104995,-1.8849322,-0.8272757,1.2640406000000002,-1.4270863999999999,-0.7681091,-0.47930079999999997,0.46066287,0.2845
1.0212401,-0.51716346,-0.090638496,1.2941381,-1.1355389,-0.7037248,-0.23451859,0.32082343,0.117
0.9075373999999999,-0.8358061,-1.0675665,1.3152442,-0.26089954,-0.9124947,-1.2797025,0.44350886,0.14500000000000002
1.0150366,1.0294565,-0.46962592,1.2194968000000002,-0.8386079,-0.1938312,-0.65846294,-0.20771693,0.06995
-0.76581603,-0.39345774,-0.908259,0.069825,-0.7353970000000001,0.32836702,0.35132945,1.2100773,0.2845
1.0946621,0.8310786,-0.7222755,1.2659127000000001,-0.42059064,-1.0427351999999999,-1.1147583,-0.19718288,0.01825
0.9529421,-0.33293042,0.18622026,1.3275286,-0.50380087,-0.8977492,-0.81414497,0.33138,0.117
0.9808285,0.9050822000000001,-0.9389940999999999,1.202135,-0.9144058,-0.75388634,-1.3527824,0.17235127,0.01825
-0.31314927,-0.19490516,-0.9682543,1.330864,0.16730483,-0.28753984,-0.48437312,0.7266244000000001,0.2845
1.1092483999999998,-1.3727995000000002,-0.2602601,1.1939273000000001,-0.5142727,-1.1294643,-0.6927805,0.41492385,0.181
-1.3771443,0.20676215,0.003524158,1.2831199,0.17904395,-0.24320142,-0.25460917,0.7768955,0.2845
0.97730684,0.88135594,-1.1303717,1.2287698999999999,-0.61440146,-1.211424,-0.46035266,0.13360487,0.01825
0.93140155,0.012032485,-0.47828645,1.2487073,-1.3610428999999997,-0.8553316999999999,-0.0039682803,0.4950098,0.0893
1.0306111999999998,0.9988316999999999,-0.40343753,1.2052279,-0.25043452,-0.87129545,-1.2929367,-0.0985548,0.04245
0.7212651,-0.27982017,0.2441155,1.3371114,0.012774008,0.1672891,-1.6092031999999998,0.46331087,0.117
0.9665818000000002,0.9282805000000001,-0.29754555,1.1863891000000002,-0.13330723,-0.14770478,-0.65409565,0.15580067,0.06995
0.6986329000000001,-0.70298535,0.9187947,1.3583571,-0.28717512,-1.1863048,-0.9935560999999999,0.45637304,0.14500000000000002
1.091705,-0.7798599,0.28163633,1.2579111,-0.8767697,-1.1886339,-1.0989592,0.30489835,0.14500000000000002
1.0983249,-0.82341266,-0.22378126,1.2478681999999999,0.4809128,-0.57858884,-0.26655167,0.25829285,0.14500000000000002
0.74236387,-0.9194945999999999,0.22159111,1.0094776,-0.8001241,1.0143024,0.23326854,0.57552195,0.2845
0.9934681999999999,0.5406539,-0.63609976,1.2022815,-0.8419761999999998,-0.3421413,-0.6359748000000001,0.39944968,0.01825
1.0316347,-1.2564576,-0.26209426,1.1889173000000002,-1.2713462,-0.033398014,0.27627975,0.4644063,0.181
1.0649098,0.5889679,0.10989059,1.1850615,-0.3894797,-0.8804174000000001,-1.4152040000000001,0.30386037,0.04245
0.9632004999999999,0.94751453,-0.5431436,1.1624376,-1.6218106,-1.3338809999999999,-0.6825258000000001,0.23458649999999998,0.01825
0.9829726999999999,-1.5933043,0.21987185,1.2029743999999998,-1.1312363,0.044977300000000005,-1.2846396999999998,0.5420114,0.2845
0.98441714,1.0365149,-0.7829092,1.1683176000000002,-0.3804229,0.005581438,-0.5378122,-0.021481521,0.16399999999999998
1.0398296,0.121234335,0.31151447,1.2531774,-0.48257914,-0.8202065000000001,-0.50458366,0.3310909,0.0893
1.1128662,0.33611178,-0.2469271,1.1529863999999999,-0.6123166999999999,-0.8213378,-0.7935171999999999,0.37210864,0.04245
0.9564696,0.7782784,-0.09586699,1.2318581,-0.40786213,-1.3796765,-0.2766422,0.24770357,0.054349999999999996
1.0771382,0.9340825,-0.21824835,1.1021106999999999,-0.43352553,-0.29398579999999996,-0.5914338,0.12809935,0.06995
1.0743865,0.8173644,-1.2445722,1.2217673,0.18528770000000003,-1.1467968000000002,-0.4209011,-0.0028169581,0.04245
0.9774736999999999,1.1554913999999998,-0.5185823,1.2014063999999998,-0.9380018,-0.21175683,-1.4019766000000002,-0.41431490000000004,0.04245
1.074484,-1.7849513,0.7050966,1.2729288,-0.4290831,-1.1904421,-1.1311616000000002,0.280841,0.181
1.0856729999999999,0.87270635,-1.2475774,1.1261611999999999,-0.34158736,-0.94342136,-0.9050113000000001,0.16809061,0.01825
0.9893903000000001,0.6397701,0.07353166,1.2579053999999998,-0.8772767,0.14470239999999998,-0.94399077,0.18190525,0.117
1.063755,0.7334241,0.16266799,1.2696806999999999,-1.3149089,-0.9887849,-0.7305765999999999,-0.01551139,0.054349999999999996
1.0054040000000002,-1.0062665000000002,-1.0857238999999999,0.5988501,1.7789006999999997,-0.45913035,-1.4138072,0.21104638,0.2845
-0.6347461999999999,-0.74324054,-0.5687443,1.3606657,-1.0088027,-0.55954385,-0.43860132,0.71493703,0.2845
0.6201137,1.3429874,0.021705297999999998,0.40493340000000005,-1.3918908,-0.10664366,-0.9226189,0.40113044,0.0893
0.97677135,0.981764,0.43146193,1.2062666000000002,-0.53815377,-1.1151497,-1.3785819,0.032829214,0.0893
1.0806003,0.30160424,-0.75641745,1.1840585,-0.4506097,-0.75770366,-1.2100203,0.38760490000000003,0.01825
1.1179184,-0.8448363999999999,-0.43971859999999996,1.1525007,0.27810949999999995,-0.5369887,-0.704034,0.4368071,0.14500000000000002
0.9275344999999999,-0.22513396,0.38298112,1.3622899,-0.048806876,-0.25953212,-0.75830424,0.21843688,0.117
1.0039761,1.0464764000000002,-0.529654,1.143813,-0.77349997,-1.0272092,-1.6932917,0.048634924,0.04245
1.1066996,0.22329402,0.25359628,1.2314444,-0.545755,-0.16927809,-0.9415108,0.22117329,0.054349999999999996
0.5870438,0.03435522,0.17350824,1.4307902,0.24916974,-1.5013794,-0.29850343,0.27523909999999996,0.0893
0.9164318000000001,0.80495757,-0.34283194,1.2190777,-0.5565772,-1.034116,-1.3477455,0.3263758,0.01825
0.9827285,-1.2594764999999999,-0.55081123,1.2258981000000002,-0.1399009,0.01991374,-1.5837507,0.5070845,0.181
1.1288121000000002,0.7544098000000001,-0.68268365,1.1868622,-0.9986335999999999,-0.6665901999999999,-0.62763613,0.045517015999999993,0.04245
1.1126216999999998,-0.98017585,0.79221654,1.2155658999999999,-0.3123614,-0.29958835,-0.74710184,0.30277643,0.16399999999999998
0.9495543,-1.6229267,-0.74227315,1.3762225000000001,-0.44393596,-0.91956085,-0.5834216,0.21924499,0.181
1.1838013,-0.23919483,-0.15133044,1.2474601,-1.5725591,-0.35278314,-0.8899440000000001,0.07903198,0.06995
1.0085784,1.0720973999999999,-0.3463698,1.0980158000000002,-0.85981715,-0.59382844,-0.7034028,0.072391234,0.054349999999999996
1.1076815,0.8967655000000001,-0.49869198,1.1416258,-0.2620508,-0.34595162,-1.1198353,0.030170618,0.04245
1.143761,-0.21929327,0.5715123000000001,1.174699,0.08896179,-0.82406795,0.21921639,0.26212117,0.117
1.2283263999999998,-0.6993076,0.66154426,1.2301729,-0.6182791,-1.1974128000000002,-0.28713652,-0.033476162999999996,0.14500000000000002
-1.1299223999999999,-0.9656424000000001,0.6866765,0.86104006,1.3624827,-0.26354322,-1.3347594999999999,0.9759898000000001,0.2845
1.0389358,-0.9551279,0.19594045,1.2832068,-0.11758835,-0.18439138,-1.2058343999999999,0.30996799999999997,0.16399999999999998
-1.8050411,-0.3418403,-0.55434036,0.68110245,0.6989535,-0.10663691,-0.19440807,1.1607797,0.2845
1.0362247,-1.1941187,0.5023359000000001,1.2442423,-0.07237045,-1.5671779,-0.55192375,0.40987632,0.16399999999999998
1.1030833999999998,0.010204399,0.41898295,1.1718389999999999,-1.436025,-0.74348885,-0.51018953,0.39825258,0.06995
0.8456244,-1.6897609,0.045646887000000004,1.2810451999999999,-0.36691508,0.042002894000000006,-0.6785456,0.5352831,0.181
1.0890727,0.7096411,-0.82386464,1.1308844999999998,0.21288282,-1.7755874,0.05084758,0.24544725,0.04245
1.0375724,0.8579985000000001,-0.041710652,1.1978451,-1.1022368999999999,-0.8452138000000001,-0.8812796999999999,0.12405575,0.04245
0.99699336,1.0225402,-0.3460268,1.1849053,-0.05394922,-0.28488687,-0.42283317,-0.05243426,0.06995
1.1125995000000002,0.7596647,-0.8491828000000001,1.1387486,0.19263588,-0.7163335,-1.2088053,0.17317617,0.01825
1.101848,0.48533106,-0.9086470999999999,1.2098765,-1.604434,-0.58326906,-1.8074671000000002,0.23968798,0.01825
1.1906678999999998,-1.3703296999999999,-1.3830489,1.2838801000000002,-0.07044822,-0.21820876,-1.4278004,-0.037922926,0.181
0.47979102,1.3336325,-0.9413188,0.043167435,-1.5123053,-0.594697,0.38763553,0.5021147,0.2845
1.1124278,1.0179415,-0.29028893,1.0786262,-1.0791932,-0.895465,-0.15258947,-0.045569383,0.06995
0.12172488,-0.83726394,-0.33847259999999996,1.2378082000000001,-1.4886552,-0.5772185000000001,-0.8294927,0.8700756,0.16399999999999998
1.0144745000000002,-1.0193101999999998,0.32339066,1.346193,-0.58058053,-1.7104481,-1.0000149,0.20319968,0.16399999999999998
1.0958823999999998,0.9491709999999999,0.28455576,1.1033667,-0.92526716,-1.1969419,-0.25480843,0.06082054,0.0893
1.1686947,0.8087866,-0.36130148,1.0574546999999999,-0.27844483,-0.45961004,-0.62722975,0.13933274,0.06995
-1.1362183000000001,-0.35417533,0.7117658,0.58158034,0.7673871,-0.08040062,-0.73634565,1.1637857,0.2845
1.146139,0.9555548,0.06252941,0.9719025,-0.76325345,-0.34269685,-0.6526056,0.14832619,0.06995
1.0216705,0.513011,-0.19527850000000002,1.2069216999999999,-0.862826,-0.6155721,-0.75298125,0.36768883,0.01825
0.9641764000000002,1.1169806,0.9711787000000001,1.0207555,-1.1121643,-1.6040683999999998,0.029117456,0.09232586,0.2845
1.0656713,-0.79055566,-0.13623007,1.2220705,-0.9986802,0.3653681,-0.077753484,0.31598455,0.181
0.96263665,0.9518677,-0.5346185999999999,1.1821551000000001,-0.5920569999999999,-0.873799,-1.0200821,0.18414211,0.01825
1.0113876,0.98508596,0.044924077,1.0230578000000001,-0.89723784,-0.398086,-1.4869481000000002,0.32066163,0.04245
-1.0391468000000001,-1.8960892,2.271209,0.98058367,-0.12716484,-0.92963463,0.5349381,0.31321809999999994,0.2845
0.6562549,0.8880449,0.33862373,1.1701082,0.20405017,-0.7038021,-0.020316392,0.5022207999999999,0.06995
1.1542006999999999,0.20892838,-0.26121584,1.1641445,0.0948799,-1.1569095,-0.26512882,0.27246645,0.06995
1.0452698,0.741391,-0.7504424,1.1839848999999998,-0.6229077,-1.3572452,-0.46107292,0.25239829999999996,0.01825
0.95036924,1.0640899,0.2829296,1.1365497,-0.44941026,-0.6571031999999999,-0.48707896,0.09210969,0.06995
1.1177656999999999,-1.8806169999999998,-0.45441365,1.2325708999999998,-0.9730890999999999,-1.2830656999999999,-0.6179818,0.32842523,0.2845
1.118781,0.80988735,-0.0037757740000000004,1.1987323,-0.40176296,-1.0051979,0.08861292,-0.07968334,0.054349999999999996
1.0833529,0.88321066,0.32268274,1.1471826999999999,0.48656917,-0.65995485,-0.51856494,0.02919011,0.117
0.76039314,-1.857464,0.7115020000000001,1.4100971000000002,0.34862740000000003,-0.55207735,-0.45817268,0.23991786,0.181
1.0773736,-1.1038033999999999,-1.114892,1.2025162,0.07649243,-1.3561171,0.18616484,0.40312505,0.16399999999999998
0.97351277,-0.958966,0.5054717000000001,1.3075145000000001,-0.9732876,-0.50560373,-0.48047066,0.35203344,0.16399999999999998
1.1194716999999998,-0.78174907,-0.2646047,1.1330773,0.14417419,-0.5909613,-0.64202297,0.46831506,0.14500000000000002
0.96160275,1.0360702,-0.17966238,1.19775,-0.5880284,-1.2840327,-0.26815742,-0.01123217,0.054349999999999996
1.0986646,0.55694586,0.27105674,1.2213346,-0.36186343,-0.81764096,-1.1220816,0.16446035,0.04245
1.0364782,1.0695063,-0.15946037,1.0282483,-0.27772498,-0.34723917,-1.0088491,0.13133751,0.06995
1.0830433000000002,-2.0213096,-0.48371709999999996,1.2498044,-0.14496303,-0.94577247,-0.5359721,0.34399223,0.181
0.8572868,-0.89478266,-0.94461167,1.3189799,0.29344764,-1.9763653,0.12927539999999998,0.43220162,0.14500000000000002
1.0634624,0.8531235999999999,-0.70702475,1.1367806,0.21600308,-1.0961633999999998,-1.3595879,0.19671631,0.054349999999999996
1.1309156,0.5518476999999999,0.46161324,1.2404665000000001,-1.4451491,-1.0138398000000002,-1.3601003999999999,0.034404304,0.06995
0.96360826,1.0512698999999999,-0.9225534,1.0396699,-0.345148,-0.18773922,-0.76634026,0.2661334,0.117
0.96049315,1.0300474,-0.2768303,1.1952151000000002,-0.3020875,-0.3024805,-0.9554421000000001,4.2339394e-05,0.054349999999999996
1.0902739,-0.53426284,0.2670772,1.3062968000000001,-0.8162205,-0.82369643,-0.046436335999999995,0.13457167,0.14500000000000002
0.97217166,-1.539325,-0.9266431,1.3329123999999999,-1.589136,-0.36828548,-1.6710724,0.32040346,0.181
1.118924,0.124904536,-0.5001999,1.249536,-0.87468153,-0.6378119999999999,-0.78103244,0.20580435,0.054349999999999996
0.9655056000000001,1.2077086000000001,-0.3413757,1.1238953,0.037213605,-1.6017863,-0.25497764,-0.3159105,0.054349999999999996
1.1588725,-0.09059916,0.13848429999999998,1.2048396000000001,-0.050897967,-1.0422392,-1.5928058999999999,0.23871808,0.06995
1.0600532,0.88844097,-0.6632785,1.198513,-0.07520256,-1.2058575,-0.4890161,0.023255344,0.04245
1.0272578,1.2374485,0.1630875,0.57164663,-0.6930041,-1.1089698000000001,-0.75778246,0.21396669999999998,0.06995
-0.7957375,-0.42070050000000003,0.52276546,1.1906722,0.712618,-0.19286735,-0.3077062,0.88487864,0.2845
-1.7680342,-1.1280442,-0.97679996,0.9711257999999999,-1.0674924,1.3634197,-0.4613137,0.35836473,0.2845
0.86153156,0.009703409,-0.34794948,1.4055911,-0.19643041,-0.30194518,-0.19232905,0.13036628,0.0893
0.89626217,0.9898411,-0.4640146,1.152622,0.05999524,-1.3065372,-1.4373617,0.27715059999999997,0.054349999999999996
1.0927105,0.93528295,-0.07256095,1.1380538999999998,-0.97554487,-0.15991765,-1.3191983,0.010454373000000001,0.04245
1.1587516000000002,0.73955595,-0.35327762,1.1496377,0.03459851,-1.7767041000000001,-0.8406039000000001,0.05846918,0.04245
0.61090076,-1.3503678,0.5907661,1.376547,-0.35242113,-1.3821819,-1.5523415,0.49651372,0.181
1.1302323,0.8619513000000001,-0.2896244,1.1390643,-0.265859,-1.0400515,-1.1090895,0.03899828,0.01825
0.21701449,0.010477667,-1.3074203000000002,1.3947078000000002,-0.06503758,-0.75656176,-1.0628777,0.5467645000000001,0.117
0.9852274,-0.05747036,0.4288025,1.2618749,-0.51550287,-0.24534647,-0.5171676,0.39567706,0.0893
0.71780384,-1.2969171999999998,0.16496776,1.3915066,0.45411524,-0.45829493,-0.10727556,0.3387493,0.16399999999999998
0.9699143,-2.0333419999999998,-1.045553,1.3789004999999999,-0.97725856,-0.8930315999999999,-1.0063742,0.18917903,0.2845
0.9722464,-0.25642288,-1.0657889999999999,1.3101693,-0.3700967,-1.5438153000000001,-0.67912763,0.35864148,0.117
1.0135181999999998,-1.0673921,0.5473031999999999,1.231775,-0.64034325,-0.77023476,-1.2655488000000001,0.47202668,0.16399999999999998
1.2026348,-0.5631379,-0.14678292,1.1866266,-1.5986044,-0.6632493,-0.26642904,0.19511601,0.0893
1.1415358,0.89871943,-0.7354104,1.1203978,-1.3333062,-0.65473586,-0.096167296,-0.026353112999999997,0.06995
1.1486254999999999,0.37525368,0.5806004,1.1728232,-0.63560545,-0.7185555,-0.9836077,0.221412,0.054349999999999996
1.0626719999999998,-0.5051625,0.47541702,1.264432,-0.6086483,-1.7598697,-0.32814515,0.3144258,0.14500000000000002
1.1071343,-1.172814,-1.1358935,1.3141188999999998,-1.4943781999999999,-1.7923232,-0.30701768,0.1279623,0.14500000000000002
1.0912981000000002,-0.11781854,-0.38052785,1.2354797,0.064595535,-0.9600294,-1.1952717,0.32014528,0.0893
1.1148396999999999,-0.39690122,0.38562468,1.2225635,-0.6760219,-1.4728583999999998,-0.65238774,0.3180817,0.14500000000000002
0.6625715999999999,-1.4279758,0.50154674,1.3783112,-0.2070136,-0.20549276,-1.4547917,0.44583237,0.181
1.0786458,0.85137707,-0.48566794,1.1187614,0.42620376,-0.48926517,0.13207899,0.1176882,0.117
1.0656873,0.9230826999999999,-0.4322805,1.2010622,0.42099369999999997,-0.9096154000000001,-0.27442193,-0.10932933,0.14500000000000002
-0.6575945,-1.8523554,-1.3892906999999999,1.2753867,-0.3334499,0.47227737,-0.57294333,0.7865565,0.2845
0.92778695,0.30623314,0.1511161,1.196731,-1.0125039,-1.0633781,-0.41571674,0.5539746,0.054349999999999996
1.011312,0.7958621,0.30443984,1.2042897,-0.85186505,-0.29912087,-0.46909934,0.18647712,0.06995
1.0638078000000002,0.8570278,-0.3656153,1.2174909999999999,-0.8644021000000001,-1.0266943000000002,-0.23963036,0.001120986,0.054349999999999996
1.081497,0.8551243000000001,-0.6886767,1.1734475,-0.723055,-0.5525694,-0.7600275,0.08774868400000001,0.04245
0.96960145,0.9977530000000001,-0.36859316,1.0963454,-0.15953979,-1.0431571,-0.50343645,0.2617728,0.054349999999999996
1.079593,0.7940189000000001,-1.3766862,1.2360973,-0.8093557,-0.8907889000000001,-0.34246558,-0.009461245,0.01825
1.1283821000000003,0.761907,-1.3785475,1.1963078999999999,-0.71820384,-0.99515283,-0.9426626,0.025296372999999997,0.01825
1.1164308,0.91152537,-0.97574526,1.1702858999999999,-0.279027,-1.0970486000000002,-1.3415331,-0.065111004,0.04245
1.0522294,0.8638834999999999,-0.55498517,1.2271813,-0.12806989,-0.76848185,-1.0645341999999998,-0.0020194668,0.01825
1.1229193000000002,0.6399665,0.23695496,1.1716627,-0.22101167,0.12903069,-0.3302683,0.094404906,0.0893
0.60140926,-0.06163769,0.59863764,1.5202298,-0.47916448,-0.63936967,-0.60406166,-0.19115306,0.117
1.0796753000000001,-1.3726254999999998,0.3376923,1.3221923,-1.2407362,0.09060389,0.019769132,0.053644884000000004,0.181
1.0416081,-1.0895607,-0.6799288,1.3455184999999998,-1.1852118,-0.23749405,-0.8299713,0.1485039,0.16399999999999998
0.7268595999999999,0.04265389,0.18248236,1.4671823,-0.04246248,-0.49090615,-0.9131954,0.013141264,0.117
1.1562846000000002,-2.0664439999999997,-0.13265741,1.252069,-1.0791048,-0.7487988,-1.8070595,0.1947217,0.181
1.0337013000000002,0.95897305,-0.7035180999999999,1.1458808999999999,-0.8217837,-1.7070006999999998,-1.2423861999999999,0.13511896,0.04245
1.1469889,-0.05330832,-1.2293208,1.228312,-0.78851175,-1.2492228,-0.6589083,0.22863187,0.117
1.0366964,0.04988551,-1.0343139000000001,1.2742997,0.28639424,-0.6854768,-1.6484768,0.29543012,0.054349999999999996
0.48215654,-0.7871347,0.7986979999999999,1.5561328,0.11795433,-0.19844736,-0.19481787,-0.44787583,0.2845
1.0187926999999999,0.9550115,0.4027634,1.212811,-0.8305950999999999,-1.1608073,-1.2509044,-0.024863787000000002,0.0893
1.0133125,0.39560235,0.05197867,1.2406409,-0.42226088,-0.97890186,0.11272502,0.3126098,0.04245
1.0505114,1.0525395,0.05948109,1.0661038999999999,0.00467906,-0.99937105,-0.77050626,0.06906202,0.06995
1.1590325000000001,0.97903174,-0.9458448,1.1176736,-0.568932,-1.9824992,-0.8164391,-0.18077154,0.01825
-0.4058814,-0.38940692,-1.4332603000000002,0.8285565999999999,0.7421459,-0.22011314,-0.52771693,1.1169486000000002,0.2845
1.0601083,0.75057065,-1.0267154,1.2197212,-0.42938688,-1.4684576999999999,-0.8785058000000001,0.13966872,0.01825
1.0753611,1.1626878,0.39518243,0.36315337,-0.27659494,-0.85727686,-0.49339005,0.343597,0.0893
0.9604089,-0.3812638,0.26520443,1.2826829,-0.2278703,-0.6985968000000001,-1.0256505,0.42669347,0.117
1.0713501,-1.5241042,-1.1627261999999998,1.2803247,-0.19159457,-1.8084146,-1.0213729999999999,0.30529356,0.181
1.0377464,0.8640726000000001,-0.8719126,1.193454,0.1361538,-1.5105218999999999,-0.031938694,0.083682545,0.054349999999999996
0.7782696,0.12172028,-0.52310485,1.3481056999999999,-1.6874818,-2.0091229999999998,-1.2544296,0.43491858,0.04245
1.0742549,0.44945842,0.030949917,1.3072508999999999,0.30710486,-1.0204551,-1.0205643,-0.003663961,0.054349999999999996
0.9956569,1.0576084,0.043492664,1.1602443,-0.65180844,-0.41699302,-0.76321626,-0.030992622,0.06995
0.9030889999999999,-1.3131433000000001,0.37136805,1.3429096999999999,-0.88667595,0.14938793,-0.33003196,0.3036968,0.2845
0.8124019,-0.63446486,-0.7423963000000001,1.4024773000000001,-0.53732073,-0.046247545999999994,-0.8138208,0.2556546,0.14500000000000002
1.0427089,-0.73574334,0.058657932999999995,1.2477815,0.12847798,-0.7168196,-0.57104,0.38919193,0.14500000000000002
0.95577216,0.5187193,0.33090362,1.2683288000000001,0.18947089,-0.82709914,0.013175948500000001,0.26824206,0.054349999999999996
0.99216884,1.0530021999999999,-0.27609146,1.0983329,0.29072472,-0.08378065,-1.0277767,0.07684684,0.0893
1.097841,0.25053516,-0.35646700000000003,1.284106,-0.6723266999999999,-0.21041319,-1.1512345,0.10899581,0.01825
1.0232841000000001,1.0777162,0.10994003,1.1387032,0.13216326,-0.9642902,-0.47659440000000003,-0.10367483,0.0893
1.0744406000000002,0.030431474,-0.7584671,1.179712,-0.62054574,-1.5080457,0.005598651999999999,0.42993912,0.117
1.006005,-1.3075237,0.48098695,1.2792856000000001,-0.54333305,-1.2532729999999999,-1.1992114999999999,0.393144,0.16399999999999998
1.1196093999999999,0.6375930999999999,-1.0653594,1.1332498,-1.3477116000000002,-1.2096443000000001,-0.6540809,0.28181797,0.01825
0.80372363,-1.0987120000000001,-0.15444186,1.2037963,-0.34097922,-1.2134198,-0.65210253,0.7209244,0.16399999999999998
1.1097614,0.7247845,-0.68108207,1.2225116000000003,-0.6134071,-0.6709801999999999,-1.608602,0.032999855,0.01825
0.7802747,-0.5791196,0.041432075,1.4262246,-0.15679261,-0.19209735,0.22986321,0.13064831,0.14500000000000002
1.0854808999999999,1.0668723999999998,0.014450787,1.0669603,-0.22500162,-0.76659817,-1.4859278,-0.037551146,0.04245
1.019461,1.1062323,-0.6154526,1.1300538,-0.38842252,-1.1788591999999998,-1.0176067,-0.09310851,0.01825
1.1793777,0.06887089,-0.018408641,1.1789994,-0.19148646,-0.54457545,-0.51017565,0.21227622,0.0893
1.0254538,0.31097240000000004,-0.42825654,1.1963992,-1.3732698,-0.40820798,-0.64435744,0.43933663,0.04245
1.0810229,1.0803421999999998,-0.9821844000000001,1.0513065000000001,-0.24337982,-1.2278601999999998,-1.1439917,-0.006640406999999999,0.04245
1.0630828,0.89350194,0.35992813,1.0900916,-0.3875749,-0.6447665,-1.3083595,0.23357064,0.054349999999999996
1.1137015,-1.6903737,-0.20679022,1.193276,0.02495804,-1.3907082,-1.4365312,0.40363076,0.2845
0.88507736,1.0723135,1.2611339,1.1122061,0.42009762,0.21276268,-0.7009168,-0.04636157,0.16399999999999998
0.95859075,1.0738068,0.7339562,1.1576693999999998,-0.06653998,-0.057991598,-0.84728056,-0.07605043,0.117
0.9530451999999999,-0.44596756,-0.43248242,1.3469153999999999,0.26074886,-0.6822914000000001,-0.57804763,0.26056686,0.14500000000000002
0.99917257,0.5522975,-0.30174807,1.2697748,-0.45981494,-0.45503299999999997,-0.25780508,0.22435883,0.01825
1.0585109,0.3681705,-0.67147946,1.1843486,0.074212834,-1.0181506,-0.55344206,0.39157733,0.01825
1.0657218000000002,0.46437120000000004,-1.6123325000000002,1.1883132,-0.21243341,-0.32586703,-0.65364087,0.3386591,0.0893
-0.67397153,-0.53087217,0.7403291999999999,1.1302595,0.8241076999999999,-0.2819215,-0.7331628000000001,0.9307141,0.2845
0.9987925999999999,1.0368636,0.6233922,1.1732216999999998,-1.3958244,-0.47031674,-0.35971865,-0.07030486,0.06995
0.6891764,-1.7318765999999999,-0.28635770000000005,1.4203056,-0.56009775,-0.253977,-0.64344966,0.3225908,0.181
1.0943711,-1.1981226,0.20884286,1.2777618999999998,-0.42726174,-0.35425088,-0.96303695,0.23716111,0.181
1.0340333000000002,0.95615375,0.064904466,1.1379025,-0.6595306,-1.2132758,0.05735587,0.09772307400000001,0.06995
0.26954356,-0.8771636,0.2526834,1.4286416000000002,0.38796729999999996,-0.77156186,-0.60863316,0.44391909999999996,0.16399999999999998
1.032025,0.30027676,-0.67316705,1.2675624,-0.9066165,-0.3820453,-0.28838566,0.27310923,0.01825
0.95197403,-2.1081397999999996,-0.24678760000000002,1.2536843,-0.61639917,-0.70386106,0.04004205,0.49919975,0.2845
0.91969436,0.9518146000000001,-0.40794020000000003,1.1920699,0.17524241,-1.2388946,-1.0646776000000002,0.20790593,0.04245
1.2133569,-0.1212417,-0.969593,1.2128596,-0.35975975,-0.37996593,-0.6862314,0.06843339999999999,0.0893
-0.36851308,-0.9506018,0.54560006,1.3422063999999998,-0.03424381,-1.2176715,-0.17222045,0.7186220999999999,0.2845
1.1942521000000001,-2.0121151999999998,-0.9513809000000001,1.232053,-0.15773937,-0.7456103000000001,-0.90321106,0.13685319,0.181
0.785593,-0.95005274,0.38439320000000005,1.3576931,-1.398923,-1.0200033000000002,-0.4312527,0.43522185,0.16399999999999998
1.0659705,-0.42505956,-0.45227364,1.2433544,-1.2727673000000002,-1.1886159,-0.44417933,0.37790063,0.0893
0.9555087999999999,0.9440011,-0.25980905,1.2289771999999999,-0.133115,-1.4242837,-0.6468196999999999,0.07830522,0.054349999999999996
1.1203923,0.6897847,-0.38458538,1.2125148000000001,-0.059782706,-1.0302657,-0.5212147,0.044258005999999996,0.04245
0.81043744,-1.7876762,1.0940834,1.306361,0.24543428,-0.3995867,-1.620196,0.45655870000000004,0.181
1.0244163,0.9365466,0.6966428000000001,1.2001600000000001,-0.06655882,-0.10388699,-0.6243269,-0.06406728,0.117
0.9847429,-1.1262372,-0.8532674000000001,1.2429936000000001,0.69438344,-0.5188257000000001,-0.8753315,0.44225693,0.16399999999999998
1.0772184999999999,-1.561109,-0.06502665,1.2028108999999998,-0.023029506,0.24589488,-1.5162566000000002,0.37902611,0.181
0.012955066999999999,-0.22901541,-1.1760774,0.7736559000000001,-0.9850923,0.4077563,-0.40161228,1.1094909,0.2845
-0.05631258,-1.724646,0.24494605,1.2738247999999999,-1.313639,-0.7189802,0.036373787000000005,0.8197929,0.16399999999999998
1.042025,1.0062959,-0.40561068,1.1792,-0.5692871,-0.36594427,-1.2137133999999998,-0.075843096,0.04245
0.9274370000000001,0.98436314,-0.050194424,1.1736806999999998,-1.1081055,-0.5035595,-1.7389659,0.20209982,0.04245
1.0386146,0.8282353000000001,-0.7540323,1.1333158,-0.49367002,-0.7787838,-1.0325935,0.2906885,0.01825
0.6025235,-0.7112242,-0.63737476,1.2127228,-0.38673997,-0.48962128,-0.42131369999999996,0.79425734,0.16399999999999998
-1.0620239,-0.6200266,-0.89728767,1.2626700000000002,0.5734227,0.5672971,-0.40804836,0.7460931,0.2845
1.0355154,0.77807003,0.77403426,1.2350142,0.051494468,-1.1752981000000002,-1.8133984,0.054220013,0.117
0.93760806,1.0618621000000001,-0.9916246,1.2068397,0.0060361773,-0.35048047,-0.71089965,-0.06310489999999999,0.117
1.1276633999999999,-0.22288966,-1.1906729999999999,1.181524,-1.6267167,-0.7742941,0.055109877,0.35050565,0.0893
0.9558634,-0.77557045,-0.81564575,1.2441483999999998,-0.35565534,-1.9332528000000002,-0.24605338,0.5270854,0.14500000000000002
-0.48624575,0.60788727,0.3426442,1.2954351999999998,-0.060484942,-1.0759383,-0.86208797,0.680705,0.14500000000000002
1.0567433000000002,0.9848084,-0.66612935,1.1531358,0.25345227,-1.30151,-0.8503226999999999,-0.012804606999999999,0.054349999999999996
1.0557446000000001,1.0257318000000002,0.603224,1.1556082,-0.7298264,-1.4029566999999998,-0.43978217,-0.11784356,0.14500000000000002
0.82194376,-1.2559209999999998,-0.21584968,1.3997041000000001,-0.06910853,-0.9210367,0.04597171,0.25344336,0.16399999999999998
1.0742154,-1.313687,-0.44652158,1.1861451,-1.0125556999999998,0.07620607,-0.5067616,0.44507024,0.181
0.78810334,-0.7183799,0.10119135,1.3039695,-1.0538878,-1.834628,-0.16023776,0.55424076,0.14500000000000002
1.0411149,1.0119979,-0.057290747999999996,1.162244,-1.2104131,-0.13113107,-1.1982135,-0.059159,0.054349999999999996
0.8896386000000001,1.0404611,-0.48237094,1.1531597,-0.12325842,-0.6448899,-1.4075091999999998,0.20907564,0.04245
0.9980403,1.0645373,0.57122904,1.1770246000000002,-1.230693,-1.2475715,-0.9224606,-0.10515753,0.0893
1.0925131000000001,0.96644294,-0.70925045,1.159821,0.07174745,-1.2012186000000002,-0.88667464,-0.07895968,0.04245
1.0453451999999999,1.0586241000000003,0.08760561,1.1512513999999998,0.08924913,-1.4523243000000001,-0.7685178,-0.13378410000000002,0.0893
0.971306,0.97024065,0.13754435,1.1695508,-1.5319717,0.08927681,-0.2011966,0.085429594,0.117
0.66505075,-0.8116824,-0.05119356,1.3773566000000002,-0.1922558,-0.36584985,-0.94403595,0.46244088,0.16399999999999998
1.0379180000000001,0.9740957,0.816493,1.0277742,-0.013967147,-1.2180735,-0.97407734,0.23992139,0.117
-0.66492265,-0.37400228,-0.3152688,1.2440133999999998,-0.41491604,1.139203,-1.3590858000000001,0.40564924,0.2845
1.0957848999999997,0.9856408000000001,-0.28418067,1.1069821000000002,-0.13627315,-1.530912,-0.6192960999999999,0.012070575,0.054349999999999996
0.9811313,0.9011943000000001,-0.27172473,1.2118418,-0.7902161,-0.5752961,-1.0867631000000002,0.14218187,0.054349999999999996
1.1579627000000001,-1.6576779,-0.27957743,1.2073737,0.229647,-1.6911234,-0.88395005,0.27446815,0.181
0.816616,-1.4613203000000001,0.15461011,1.3549316,-0.46347228,-0.620909,-1.5466676000000001,0.42701972,0.181
1.1104163999999999,-0.780565,-0.79473597,1.2126845,-0.44583872,-0.21118222,-0.5357923000000001,0.35020238,0.14500000000000002
1.1727121999999999,0.58438545,-0.7458272,1.1548325000000002,-0.2981974,-0.5165552,-1.2044721999999999,0.12752908,0.01825
1.1566136999999999,-1.3075379999999999,-1.1660153999999998,1.2160373,-0.08287385,-0.5934354000000001,-0.117436714,0.24416701,0.16399999999999998
1.0011425999999999,0.9862878,-0.097799376,1.1133871000000002,0.55667603,0.19785711,-0.28696543,0.047765817,0.16399999999999998
-0.20873258,-0.22308506,0.75912696,1.2778962,0.107603356,-0.99696946,-0.7808235,0.79677093,0.2845
1.0091273,0.7113775,-0.7736291999999999,1.2501714,-0.45956948,-0.5115211,-0.55046934,0.17396879,0.054349999999999996
0.55265754,-0.002604401,-0.7699821,1.4835624,0.29953179999999996,-0.09721519,-0.5966640999999999,0.046606716,0.0893
1.0220443000000001,-0.47585879999999997,0.03220748,1.3371191,-0.22487436,-1.513955,-0.8822247999999999,0.20698555,0.117
1.1005273000000002,0.7895331999999999,-1.0660357,1.2069541000000001,-1.1730688999999999,-1.3020878999999999,-0.8905970999999999,0.04612265,0.01825
-0.066671774,-0.9264723,0.24109404,1.3820541000000002,0.19904062,-0.3578897,-0.2632992,0.6128723,0.2845
1.0641545000000001,0.9926545,-0.06867326,1.1435663,-0.10772209599999999,-1.016769,-0.77442086,-0.010728211999999999,0.06995
1.0519496000000002,-1.1333238,-0.6489928,1.2722385,-0.73410237,-0.45572853,-0.11567996400000001,0.32732093,0.181
0.9802546,-0.5767755999999999,0.14541136,1.2444674,0.3702105,-1.4733798999999999,-0.6198963000000001,0.46905509999999995,0.117
0.9671868,-0.76237816,-0.34217134,1.3194504999999999,-0.4711335,-0.53308827,-0.7147078,0.34971964,0.14500000000000002
1.1271198,-1.0755211,-0.41314083,1.2799136999999998,0.047493442999999996,-1.5623040000000001,-1.3113575000000002,0.17677638,0.181
0.89458156,1.1080923,0.15297319,1.1173146,-0.7825718,-1.3328243,-1.7615241999999998,0.15965861,0.06995
1.0865225,-1.381905,0.006597530999999999,1.2670631,-0.7563649,-1.199498,-0.99979687,0.30576834,0.16399999999999998
0.6040534000000001,-0.90242267,0.15511018,1.4092911,-0.89966035,-0.60472184,-0.5276628000000001,0.41153583,0.16399999999999998
0.8386126,-0.5113519,-1.2105017,1.4006519,-0.6710925999999999,-0.6924119000000001,-0.65204805,0.26204515,0.117
1.0293053,1.0964508,-0.5309899,0.7500486,-1.1292628999999998,-0.21640515,-0.41480768,0.37636223,0.0893
1.1492863000000002,0.38602722,-0.11236825,1.2401458,-0.8718688,-0.06755687,-0.91462255,0.042419445,0.04245
1.0356634,1.0314908,-1.1480036,1.1005589,-1.4390231000000002,-0.6928531,-1.2631311,0.10317024,0.01825
1.0893941,-1.4258318,-1.6325326999999998,1.3129034,-0.032626048,-0.7005982,-0.011730192,0.13092682,0.16399999999999998
1.0215912,0.6880723000000001,-0.6057132,1.1257268,0.41383472,-0.09986356,-0.7691174,0.37011227,0.06995
1.0140474,1.0654780000000001,-0.20806254,1.2229275,-0.20741229,-0.8446435999999999,-1.702406,-0.28395295,0.04245
0.77520275,-1.3872049,-0.5793278000000001,1.4067203000000001,-0.39804718,-0.98186666,-0.7488076,0.31915240000000006,0.181
1.0993326,-1.0884851,0.48412567,1.2971382,0.23468919,-0.88626295,-0.8103099,0.14650089,0.16399999999999998
1.0550389,0.88203853,1.1034441000000001,1.1112658000000002,-0.19182165,-1.0009571,-0.7296481,0.13481525,0.16399999999999998
0.99562424,1.1382152,-0.61696917,1.1491316999999999,-1.1031651000000002,-1.1279139999999999,-0.39131009999999994,-0.18675007,0.054349999999999996
1.0127316,0.26021847,-0.82464296,1.272476,-0.44934627,-1.1766803,-0.31000665,0.31518793,0.06995
1.1393741000000002,-0.7902481,-0.45773226,1.2428489999999999,-0.42286485,-1.1489539,-0.7149989000000001,0.24766997,0.16399999999999998
1.0663502,0.5343968000000001,-0.0348647,1.2431607,-0.3363595,-1.0565737,-1.0432683,0.20102029,0.01825
0.94069886,0.11414016,-0.4073268,1.2669888999999999,-0.09375628,-1.7197398000000002,-0.29269904,0.44375200000000004,0.06995
1.0316261,0.13363242,-0.25471893,1.3019173000000002,0.11283879,-0.66371053,-1.4003981,0.22167371,0.06995
0.9662349,0.8357713,-0.70049214,1.2379516000000002,-0.10825315,-1.6662993000000001,-1.2181498,0.1803474,0.04245
1.1636434,0.09989365,-0.5492497,1.1603973,-1.151931,-0.38082188,-1.3503811000000001,0.30055636,0.01825
1.0253648000000002,0.96027064,0.9940106,1.0627757,0.08090794,0.56456184,-0.34337458,-0.03401858,0.16399999999999998
1.0306541,-0.589797,0.06759042,1.3319066000000002,-0.08305581,-1.0624107,-1.1480329,0.20724726,0.117
1.114816,0.47033328,0.39268273,1.2411706,0.11554718,-0.29909083,-0.43101352,0.06487033,0.06995
0.99810743,0.082821555,-0.1948433,1.2541527,-0.9581565999999999,-0.4742362,-0.6200045,0.40656522,0.054349999999999996
0.73157555,-0.24412644,-0.80021304,1.2973645,-0.33903232,-0.61173296,0.15371259,0.56538707,0.117
0.69753534,-1.7299131,-0.013029343,1.3503846000000002,0.11769137,-0.8840604,-1.4787858,0.5196843,0.181
0.7990189999999999,-0.16442284,-0.85349953,1.3178290000000001,-0.5086413,-0.8650734,-0.34347072,0.50369024,0.117
0.92087615,-1.6369904,0.051433402999999996,1.2395831,0.018808596,-0.4549218,-0.8658726999999999,0.56340396,0.181
0.9292401,-0.73446983,0.88312155,1.2386856000000002,0.11995222,-0.8568528,-0.12888905,0.49863124,0.14500000000000002
0.8258681000000001,0.021351432000000004,-0.76649207,1.3969693,0.25641495,-0.35899037,-0.54300946,0.20488662,0.0893
