g1,g2,g3,g4,g5,g6,g7,g8,g9,g10,g11,PseudoTime
-1.6375066,-1.1039678999999998,-2.3111525,-1.3378663999999998,-0.22869624,0.08368893,-0.9772207,0.8412132999999999,1.0260981,1.2444187,1.4813185,0.92816055
-1.9728163,-0.094678134,0.3200653,-1.3193808999999999,0.14347793,-0.0085532125,0.03788593,0.9560711999999999,0.91029066,1.2147332,0.8132188,0.81944054
-1.3909495,-2.8127400000000002,-1.4091718,-0.9944622,-0.56483954,-0.23408598,-0.36896986,0.74230975,1.0826803,1.3086870000000002,1.4230918,0.93531346
-1.4865776000000002,-2.6649439999999998,-1.3336843999999999,-0.030827552,0.7094661999999999,1.0703871,-0.35576174,0.9034300999999999,0.856524,1.2104325,1.5557413999999998,0.9147481
-1.6482441000000003,-1.6831848999999999,0.59187967,-0.38990712,-0.4709266,0.37513027,0.88263637,0.8363271999999999,0.73590493,1.0916281,1.4385974,0.8819233
0.011001363,-0.028938487000000002,0.54319805,-0.8538879999999999,-0.39790204,0.44120459999999995,-0.9822245999999999,0.7567593,1.0458565999999998,1.0467294,0.74353945,0.7724474
-1.9474363000000001,-1.1199489,0.29259446,-0.33108306,0.066596195,-0.54943997,0.8750298000000001,0.8105227,0.9396306000000001,1.161281,1.4278291,0.8206983
-0.7473699,-2.5373442,-0.9528593000000001,-0.16932496,-0.9068671999999999,-0.0042432034,-0.25219604,0.76702875,1.0512536,1.2840419,1.4469482,0.92066276
-1.0465039,-1.4213408,-1.2967812,0.8972697000000001,-0.9476653,-0.9521871999999999,0.30512607,0.9124302,1.0549582,1.2828743,1.233671,0.9477458000000001
-1.3273208,-1.6246078000000002,0.6831537,-0.65085393,0.14029782,-0.7386630999999999,-0.9162763,0.6950284999999999,0.8869783000000001,1.1435111999999998,1.3429636,0.83721155
-0.9500101999999999,-2.3812356,-0.5660786,-0.23161341,0.3557567,-0.38639545,-0.6084581,0.8633443000000001,1.0064813,1.1877457,1.4917295,0.9090593000000001
-1.8475061999999998,-2.5387513999999998,0.042621642,0.8263845,-0.8177491,0.55104923,0.27140132,0.7383231,1.0181396,1.1766956,1.4849347,0.9471708000000001
-0.6220305,-1.1752456,0.6247375,-0.9869472,-1.6489716,-0.0038519017,-0.8967377000000001,0.7026439999999999,0.9871037,1.1020992,1.297094,0.8692163
-1.5868559,-1.4383376,-1.3792913,-0.53923243,-0.79974496,-0.63120514,-1.114682,0.89204544,1.0171679,1.1066071000000002,1.5619733,0.8944964
-1.291165,-2.1787077999999998,0.17640173,-0.16830511,0.16136707,0.28809409999999996,-1.0779116000000002,0.96318156,0.94919443,1.1700857,1.2591004,0.88964045
-1.9453055000000001,-2.050684,-2.8844364,0.29136768,0.5224232,-0.6059270999999999,-0.392952,0.78114665,1.035367,1.2275323999999999,1.5402551000000002,0.9595955
-1.8416703,-1.3838885,-2.030965,-0.46249837,0.16589765,-0.72059834,-0.75583863,0.77198243,0.99187976,1.3232241000000002,1.4864566000000001,0.89169675
-0.59395725,-2.3634180000000002,-3.113109,0.33762509999999996,-0.3788848,-0.7049611,0.11792966,0.89101005,0.92954576,1.2348263000000002,1.519953,0.9854261000000001
-1.91176,-2.3897455,-1.3526233,0.55704683,-0.44111326,-1.054355,-0.98969537,0.9249229999999999,0.9990952,1.1778387,1.4843578000000002,0.9369613999999999
-2.3301616000000003,-1.2089437,-1.8735167000000001,-0.05066043,0.36659959999999997,-0.28257775,0.085497394,0.86117876,1.0189867,1.1936303,1.5121118999999998,0.9168788
-1.3688726,-2.6209849999999997,-2.0036478,0.4377263,-1.1803436999999999,-0.22659896,0.7596204000000001,0.8081869,0.92599034,1.3510501,1.4622773999999998,0.94696844
-1.3576651000000002,-0.9608761,-2.7014892,-1.4508895,-0.23215668,0.074788675,-0.13028064,0.94971764,0.97000897,1.1743966000000001,1.4818652,0.9181836999999999
-1.4649646,0.3442333,0.5350214,-0.38408792,-0.22597182,-0.39841040000000005,-1.4870112,0.6679844,0.7977958,1.0408323,1.3422403,0.79987794
-0.8909164,0.08592335,0.43404707,0.21198592,-0.67875606,-0.36739653,0.41566893,0.76467216,0.9073833,1.0751319,1.3254226,0.77654016
-1.1277793999999999,-1.8683368000000002,-0.07528627,-0.85745376,0.6442904,-0.83187354,-0.54724085,0.87527895,0.93884796,1.2198309999999999,1.4377058,0.8812283000000001
-1.5173988,0.04173431,0.6357451,-1.0879802,0.39127228,0.6167863,0.5594054,0.83823365,0.80593807,1.2281454,0.37729073,0.8045254
-1.0638514,-2.0461419999999997,-2.3613021,-1.5996528,-0.10618217,0.72376895,-1.2085226999999998,0.86697936,0.9646225,1.227182,1.528946,0.9583025
0.1346064,-1.1463348999999998,0.4715816,-0.8170338,0.35398063,-0.9074981,-1.7106113,0.8338184999999999,0.9689308000000001,0.89532673,1.3467125,0.82062465
-0.8786514000000001,-1.4711092,0.02166698,-0.91811514,-0.25866312,0.6748173000000001,0.37125516,0.81926334,0.99310964,1.2286854999999999,1.3844869,0.88433784
-1.7559409,0.48735455,0.46131802,-0.2089607,-0.8582015,-0.5701460999999999,0.24251963,0.7960569000000001,0.9928161,0.9984856,0.06887219,0.75723064
-0.6605614000000001,-2.0876527,0.38986272,-1.6700308000000001,-0.31593087,-0.91852015,-0.48602545,0.82349706,1.0190874,1.0314002,1.4066416000000002,0.86675155
-0.340037,-1.4344458999999998,-1.3849924999999998,-0.5491579000000001,-0.25480032,0.26980463,-1.4726315,0.8079682,1.0713323000000001,1.2025819,1.4627674,0.91021276
-0.9756545,-0.11721888,0.37352014,-0.14635918,0.70716864,0.12748913,-1.2170156,0.6716109,1.0214788000000001,1.1401438,1.313128,0.8457626
-0.9599825000000001,-1.8475120999999999,-1.2669169,-0.2524706,-0.7262251999999999,0.6920470999999999,-0.27899402,0.8818536,0.99934053,1.1943811000000002,1.4993353999999999,0.90725225
-2.1571352000000004,0.059839442,0.38571447,-0.3615938,-0.068787105,0.053552177,-0.5451901,0.71678007,0.9138293,1.2409663,1.2090065,0.8289089
-0.76855516,-2.293102,-1.5634625,0.33430216,0.19134486,0.79974544,0.09045687,0.9216959000000001,1.0228876,1.2124941,1.3880845,0.93226933
-2.1349072000000002,-2.188319,-0.29065102,1.0476011,0.44680649999999994,0.5066632000000001,-0.27546585,0.78953123,0.9229655999999999,1.2172551,1.5428202,0.93572944
-1.3560318,0.33920226,0.50273913,-0.15312731,-1.352587,-0.8351552999999999,-0.48928708,0.6926749,0.91603875,1.2773736999999998,-0.6951319,0.73045415
-1.4948344999999998,-0.52583826,0.4864434,-1.140974,-1.1986111000000002,-0.07363393,-1.5108816999999999,0.776571,0.9161718000000001,1.1661574,1.3471357,0.8468899999999999
-1.5309793999999999,0.38473648,0.5149837,0.54655826,-0.7168949,-0.6652911,0.28707084,0.8456720999999999,0.87430084,1.0358759,0.7923150999999999,0.8232265
-1.1622056,-1.9369156000000003,0.31206864,-0.060955945,-0.2924157,-1.4107549,0.65626055,0.83427674,0.9560791999999999,1.1397494,1.4129604,0.89963067
-2.0670924,0.012851655,0.37049190000000004,-0.8610129000000001,-0.75688404,-0.7107972,0.0013790923,0.75983304,0.96714705,1.0231858,1.4088713,0.8404024999999999
-2.106362,-1.941257,-2.2743862,-0.08829978,-0.76168615,0.35682859999999994,0.7336739000000001,0.7411758,1.0044744,1.2169415000000001,1.5967627,0.93868774
-1.5178405000000001,0.28202790000000005,0.4396609,-0.27795118,-0.007276792,-0.25160274,-1.0720916,0.8311378,0.86961883,0.962023,1.2823657,0.79482126
-0.46158645,0.18803404,0.46718743,-0.7810909,0.09004663,0.1419176,0.95708334,0.7667415,0.8415862,1.1066464,1.2143096000000002,0.7854251
-1.4260093999999999,-0.23715238,0.5311016,-0.33441213,-0.0023279197,-1.3868357,0.31962809999999997,0.6942138000000001,0.9074277000000001,1.2059551000000002,1.2830901000000001,0.83074397
-1.2773056,-1.4510083,0.13828118,-0.5832516,-0.46992314,0.68102807,0.8223758,0.8229401,0.9249864,1.0934883,1.5377058000000001,0.8679302
-0.9586232,-1.6816845,0.010344096,-0.5702815,-0.12547779,-0.30548754,-0.13478494,0.8714709999999999,0.9767028,1.1577168,1.4506774,0.84487855
-1.0467712,-2.860455,0.61948365,-0.23338374,-0.10277865,-1.4226212999999999,-0.7716246,0.7473607,1.0331736999999999,1.1557536,1.0980743,0.8887783000000001
-0.8314495000000001,0.47933495,0.47383258,-1.5007298,-0.095937304,-0.30649390000000004,0.38249403,0.7729191,0.8913110000000001,1.1358635,-0.0038352099,0.749684
-1.096409,-2.420605,-0.44853646,-0.14374942,-1.7085849999999998,-0.67086124,0.2857317,0.7872110999999999,1.0797771999999999,1.2682511,1.3740932,0.91621614
-0.8462405000000001,-2.256646,-0.07434287,-0.2623116,-0.6973034,0.21306884,-0.44526786,0.8292790000000001,0.9664978000000001,1.2134527,1.4681076000000002,0.89062876
-2.181546,-0.4225170999999999,0.55491126,-1.385314,0.15871483,0.42912912,0.3103683,0.7519338000000001,1.0817968999999998,1.1410797,0.8949046999999999,0.83510685
-1.4027717,-2.2273571,-0.4181036,-0.6578099000000001,-1.3521702,-0.40121427,-1.3613183,0.8849203999999999,0.9065190999999999,1.2721924,1.4705796999999998,0.8682037
-1.2354839,-2.3791667999999997,-2.1495613999999996,0.69796896,0.8017831,-0.13298124,-0.7221234999999999,0.80795115,0.96204185,1.3094723999999998,1.4770799,0.9473582
-2.1330527999999997,0.24352758,0.44381803,-0.85175985,-0.2125183,-1.0364951,-1.8105848999999998,0.8209572,0.9235785,1.1513863000000002,0.9456415000000001,0.8437133
-0.41555908,-2.9745686,-2.856082,-0.4083966,0.71452814,0.018652495,-0.32939559999999996,0.9693453000000002,1.0317171,1.1009572,1.4279218999999999,0.9390870000000001
-1.775051,-1.343911,-3.6463523,-1.2870625,-0.03950729,0.46759644,-0.39506352,0.7646141,1.0626608999999998,1.287819,1.4554068000000002,0.9265608
-0.50601965,-1.9259379,-2.704908,0.12619627,-0.5790273,-0.83343595,0.016788162,0.7420104000000001,1.0108732,1.2821935,1.5227864,0.96231544
-1.6902959,-2.4974842,-1.309847,0.43369594,0.05740156,1.051454,-0.7336164000000001,0.79801273,0.9801127000000001,1.2514788000000001,1.5250806000000001,0.93825334
-1.3729675,-0.7680743,0.52864206,-1.252643,-0.5720486,-1.6128533999999999,0.019914983,0.7671163000000001,0.8773158000000001,1.0996895,1.4498483,0.86160916
-0.9027298,0.09425761,0.54984474,-1.2751888999999998,-0.09735110400000001,0.12572306,0.2811156,0.9083319,0.88363266,1.1246096,0.63489234,0.7916532
-1.9843612000000002,0.3914196,0.6140637,-1.2310075,-0.18722063,-0.16339268,0.30298769999999997,0.6552686,0.8182029000000001,1.1595731000000002,0.92429274,0.81576663
-1.9195084999999998,-1.6278335,-0.30750978,-0.7207640000000001,-1.6278191,-0.43458155,-0.026209258,0.92030513,0.9610702,1.1848111000000001,1.457964,0.8761040000000001
-1.1916153,-0.055072800000000005,0.6083012,-0.07715564,-0.46514142,-0.21168508,1.1094103000000002,0.7153459,0.8905190999999999,1.1761532,1.1060510000000001,0.7881596
0.32265317,-0.53734076,0.53301585,0.017720291000000003,-1.5195233999999997,-1.6491904999999998,0.40764132,0.7819807,1.005882,0.96146613,1.0100974,0.80711865
-2.089092,-0.903445,0.49799967,-0.46190214,0.40871307,-0.84361523,-0.40050325,0.802355,0.94842273,1.2129395,1.2071677,0.83283186
-1.280822,-1.6544243000000003,0.5551724,0.19965695,-0.18697411,-0.65240425,-0.61046696,0.7865989000000001,0.94408196,1.2004828,1.2205303,0.83930904
-2.0395467000000003,-1.3465201999999998,-1.6720171999999998,0.19618325,0.30837859999999995,0.29778117,0.2878438,0.88169533,1.0724732,1.1341465,1.4762005,0.9442251
-1.8572936999999998,-1.9383909,-1.7871933999999998,0.61040884,0.19111209,0.46691108,-0.83622956,0.80808014,1.0964425,1.1667988,1.4931972,0.9305331
-0.6082276,-1.0679836999999999,0.5094332,-0.35924268,-0.7080835999999999,-0.5389341,-0.45464087,0.7429024999999999,0.91620064,1.2347561000000002,1.2793926000000002,0.82617474
-1.4196198,0.27531758,0.44576448,-0.038838778,-0.8482127,-0.45411617,-0.4091931,0.85582864,0.83341795,1.1513316999999998,0.98530734,0.7697227
-1.931613,-0.94223267,0.02112072,-0.39853249999999996,-0.31740096,0.33866727,-0.14276399,0.72079986,0.9822909,1.156771,1.5583742,0.8340665
-1.0022446,-0.21970089,0.39477775,-0.7010026,-0.008388689,0.19884558,0.21797147,0.5886911,0.9386254999999999,1.1337351999999998,1.4962368000000001,0.7969098000000001
-0.65273577,-1.2340688,-1.5218756000000002,0.17755997,-1.2351242,0.23910525,-0.37123459999999997,0.75184524,1.0303144,1.2465852,1.5249615,0.90881014
-1.0659359,0.46928173,0.47048697,0.43048292,-0.32919902,-0.7162229,-0.81727576,0.7961876999999999,0.9324925,1.0633156000000001,0.37731332,0.7221841
-1.1970127000000002,-2.7601628,-2.4008446,-0.43661052,-0.06761496,-0.8121282,1.1974726,0.8475478000000001,0.9583815,1.1980031999999998,1.5637999,0.9739228000000001
-1.2358346000000002,-2.01551,-2.0104685,-0.14231989,-0.07707308,-0.7243460999999999,0.39230254,0.8157854,1.0598177,1.2137791,1.4991564,0.9113559000000001
-0.6806922,0.061196223,0.5078883,-1.0362929,-1.2579206,-0.10912998,-0.10484673,0.72739905,0.8783044,1.131858,1.288257,0.82005143
-1.7132995999999998,-1.5289278,-1.0620846000000002,0.13615505,-0.31850103,-1.1738540000000002,-1.5520477,0.93869376,0.9444186,1.1757435,1.5146201000000001,0.9488109
-1.4101645,-0.8080415,0.591336,-0.46373484,0.34538248,-0.55270827,-0.7351409000000001,0.73656386,0.9848756999999999,1.1214573,1.2714665,0.8617549000000001
-1.9608866999999999,-1.1538332,0.65575117,0.62324816,-0.35401762,-0.5000666,-0.29442787,0.7936348000000001,0.9288436999999999,1.1260691,1.1950726999999999,0.8717982
-1.4990822,-1.7423933999999996,0.3360594,0.13757986,0.32157245,-0.0038239997999999996,-0.47802827,0.74009424,1.007741,1.1754696000000002,1.3996326000000001,0.87488705
-1.050757,0.41829985,0.5118424,-0.01975651,-0.23860298,-0.68172884,-0.28669792,0.6730314000000001,0.9195148000000001,1.2025714,0.40320796,0.72472256
-1.1469850000000001,-1.8305596000000002,0.58491564,0.07011485,-0.7914988000000001,-0.8901319999999999,-0.84139603,0.89043397,0.8465229999999999,1.117216,1.2809594,0.82299143
-0.6924335,-2.6177384999999997,-0.75820535,-0.6510655,0.36213326,-0.11581679,-0.6153901999999999,0.9125398000000001,1.0344543,1.203692,1.3895601,0.91599566
0.053115565,-1.5890187,-1.8966907,0.4035986,-0.013104903999999999,-0.04805669,-0.0328201,0.9142087,1.0330532,1.1354656,1.3889008,0.93309546
-1.8688175999999999,-1.9981217,-3.0980353,-0.38151779999999996,0.25360608,-0.92867476,0.018107785,0.892698,0.9774936,1.2883071000000001,1.4311631999999999,0.9530565000000001
-1.2206811000000002,-1.9504968,0.49920887,-0.5287371999999999,-0.39961399999999997,-1.5130391,-1.4026233000000001,0.7725514,1.0025309999999998,1.1666478999999998,1.2792892,0.89873135
-1.1244379999999998,-1.1808331,-1.6557186999999998,-0.02599306,-0.7093775999999999,0.17622538,-1.3936392,0.90662014,0.9826849,1.1943405,1.5000108,0.923683
-1.226876,-3.0834854,-0.5617236999999999,-0.8420155,0.5389062,-0.09038934,-1.7581761000000002,0.84012824,1.0357710999999998,1.2265598,1.4448829,0.95442057
-1.0679623,-1.0005033,-0.76073676,0.07596983,-0.35507774,-0.4633848,-0.90446675,0.73879975,0.90131414,1.3944466999999998,1.4412681999999999,0.9279246999999999
-1.9997193,-0.58789915,0.07310945,-1.3015093,0.3714792,-0.61741936,-0.54261684,0.6082288,1.0069917,1.3410434,1.3547038999999998,0.89170814
-0.9475879,-1.3549681,0.38472059999999997,-0.6253058000000001,-0.33710086,-1.7183921000000002,-1.0950904,0.6739231,1.0228088,1.1720142,1.4178723,0.87388706
-0.8974850000000001,-2.4330466,-1.9329439,-0.5301538,-0.60744417,0.63246435,0.02959466,0.76680684,1.0863587,1.2527655,1.4562496,0.93922997
-1.4283698,-1.1622264,-0.27075514,-1.2502995000000001,0.5073677,-0.49351183,-0.40804204,0.8172441,0.9597810999999999,1.2282950000000001,1.5013912,0.85379034
-1.4522618,-0.2614199,0.5137384,-0.070778534,-1.0689826,-0.27781996,-1.4335476999999999,0.8738665999999999,0.84199107,1.0217462,1.3787835,0.8384113000000001
-1.2957616000000003,-1.0734643999999998,-2.2484207,-0.21509732,-0.38228923,0.20461949999999998,-0.93495154,0.8124745,1.0019114,1.2586114,1.5108091000000001,0.909416
-1.0451189,-2.1090693,-1.1557621,0.32157272,-0.8268803,-1.5811706,-1.6784555,0.9008243,0.9795906999999999,1.2432735000000001,1.458623,0.9716196
-1.7689196,-1.3492018,0.45739529999999995,-0.15483056,-0.8598504000000001,-0.047511656,-0.956472,0.7373198000000001,0.98885846,1.1068483999999998,1.429543,0.8283458
-1.3736528000000001,0.3548882,0.5282915,-0.05528574,-0.648782,-0.68886817,0.050118632999999996,0.71630776,0.78915536,1.1119335,1.1997901000000002,0.7719919
-1.6794182,-2.2193394,-2.6338,0.98849416,-0.18983766,0.92260176,-0.9112691999999999,0.8790730999999999,1.0473033,1.201196,1.4284803,0.95736104
-1.9449140999999999,0.06512808,0.4547477,0.8993906999999999,-1.1116056,0.23208891,0.34827504,0.88459355,0.90945894,1.1644143,0.80589867,0.8086225
-1.2154162,0.43192208,0.46282232,-0.05876226,0.95905244,-0.36446184,0.055223297000000005,0.69756037,0.9331917,1.1843393999999998,0.1856017,0.7634171
-1.7520168999999999,0.3464672,0.41239598,0.266102,-1.1688541000000001,0.4850979,-0.35691348,0.78075194,1.0215162,1.1463454,-0.31375825,0.7550388000000001
-1.4993193,-2.3229307999999995,-2.5450098999999997,-1.4929712,-0.41530004,-0.418588,0.0782448,0.84939784,0.9838865,1.1267165000000001,1.6182417,0.9498982
0.12592956,0.323996,0.39278263,0.27890122,-0.78142685,-0.9909818000000001,-1.0876521000000001,0.7213843000000001,0.8351902,0.969783,1.2810328000000002,0.7978114000000001
-1.3350239,-2.3901822999999998,-0.986345,0.033097945,0.3342251,-0.9403813,0.3486025,0.9191404000000001,0.8586942,1.2681258,1.4979993,0.93610835
-1.9652202,-1.6867129,-0.8559628,0.174229,0.44682807,0.7133957,0.31204098,0.9309116,0.9133796000000001,1.2036463,1.4881598,0.91830343
-1.4124507,-0.22176817,0.7592535,0.47427538,0.07446902,-0.61394286,-0.24851620000000002,0.6393713000000001,0.93908924,1.1146989999999999,1.0705954,0.82685447
-1.8071696,-1.2802275,-0.59681237,0.03347044,-1.6801848000000001,-1.6676127,-0.82707953,0.9245214,1.0161071,1.0940701000000002,1.5048059999999999,0.87848276
-1.2509593,0.104928546,0.44494483,-0.48861930000000003,-0.7860354,-0.018156294,0.39925498,0.7785174,0.97924197,1.1134821000000001,1.1247448999999998,0.7960195
-0.77241945,-1.2980716,-1.549656,-1.0857223999999999,-1.0262268,0.62806916,-1.0588648,0.89051956,0.8873588,1.1976168,1.5768768,0.923359
-0.9202286,-1.1937891999999999,-2.7040615000000003,-0.9822299000000001,-0.09467214,0.30727455,0.49730965,0.8476459000000001,0.95986915,1.2492077,1.5182395,0.949901
-1.8738452,-1.8594446,0.51175326,-0.30688059999999995,-0.43945125,0.40641734,1.389353,0.77534306,0.9526849000000001,0.9891089,1.4386056999999999,0.90495956
-0.98132914,0.44940993,0.29602718,-0.27152705,-0.41305453,-1.2365658000000002,0.7952825,0.73309326,0.9362014999999999,1.1296828,0.9680511,0.7964852
-1.4594358,-1.3859117,-0.20518994,-0.9613618,-1.6441791000000001,0.50228345,-0.38772014,0.79599273,0.9783120000000001,1.2969878000000001,1.4118358,0.8961895000000001
-1.3246813,-1.5267028999999999,-0.45162228,-0.04414467,-0.33544440000000003,0.4608973,0.7568986999999999,0.9007274,0.9731612,1.1634126,1.4802499,0.87412107
-0.7282649999999999,-1.4026386,-2.5557992,0.60120654,0.06976013,-1.0421889000000002,-0.019950772,0.8519315000000001,1.0145742,1.2516855,1.4542628999999998,0.9194124
-1.4988052,-0.09358896,0.46903604,-0.6776310000000001,0.48023483,0.3619961,-0.060817003,0.78159773,0.9025281999999999,1.1372153999999999,1.285794,0.7855413
-1.218458,-3.0662696,-2.568137,-0.7487796,-0.47820836,0.59596425,-1.2739924999999999,0.888684,0.9365664,1.2511324,1.5145292,0.95292246
0.052338287000000004,-0.5472252,0.5370704000000001,-0.032315355,-0.30177787,-0.0064917332,-1.0760733999999998,0.7762147,0.9879979,1.1165353,1.0444492,0.81187475
-1.4514040000000001,-2.8818023,-1.6174233,-0.4238664000000001,-1.0505081,-0.31772247,-0.025590342000000002,0.76111484,1.0562646,1.2117924999999998,1.5532542,0.9413933000000001
-1.4528321000000002,-1.6242865,-1.7997751,0.5898241999999999,0.47777283,0.94228387,-0.5877207,0.87805235,0.97104967,1.2477038999999999,1.4608397,0.9446471
-0.82237417,-2.5463133,-0.5526599,0.17799598,-0.30487347,-1.0704824,-1.5553988,0.8860931000000001,1.066842,1.1343755,1.4479038,0.92478144
-1.2798386999999998,-2.7548482000000005,-1.2995253999999998,-1.1464809999999999,-0.19192618,-0.5464509,1.3292801,0.91759706,0.9871766,1.1830783999999999,1.4660649,0.9606363000000001
-1.16813,-2.5386452999999998,0.40831158,-1.1389790000000002,-0.0808818,0.0011624239,0.17154178,0.86091566,1.0266479,1.1968756,1.0897821,0.91817725
-1.8397430000000001,-0.6370051,-1.2130272,-0.7078895000000001,-0.66192895,-0.9262528,0.04045598,0.7755991999999999,1.0008701,1.2635776,1.5120833,0.91671145
-1.3107146,-1.862723,-2.5976021,-0.93750423,0.34193256,-1.2327116000000002,1.0337781,0.82017165,1.0461832,1.2062037,1.5038148999999998,0.9550544
-0.85406923,-2.8142647999999997,-1.6683873,-0.5005015,-0.025285795,-0.053703547000000004,-1.1554728,0.86288744,1.0836527,1.158035,1.4759036,0.91971874
-1.8164547999999998,-2.1855607000000004,-2.9887908,-1.4010975,-0.106916755,-1.5546958,-0.7759669,0.80629116,1.0918729,1.1518242,1.541185,0.96873885
-0.464437,-1.8567823,-0.38254273,-0.59369814,-1.372527,0.11297249999999999,0.15843911,0.8492745999999999,1.0253325999999998,1.1836365,1.4501997,0.9106846
-1.8604296000000002,-2.2995078999999996,-2.0765796,-1.1817733,0.28278196,-0.7583313,-1.3371403999999998,0.79011726,1.000659,1.2900223999999998,1.5115610000000002,0.9491550999999999
-0.97158486,-1.5438942,0.49637473,-0.5647956000000001,-1.1454713,-0.95452255,0.5808382,0.84424365,0.8824349,1.1691663,1.3193089,0.8589074000000001
-1.4866483999999998,-1.7876569,0.30866679999999996,-1.6969961999999998,0.022729008,-0.24412467,0.88777125,0.7807714,0.99845594,1.1526845,1.4036427,0.87936276
-1.0832071,-1.9616586,-0.94830424,0.032343376,0.18401238,0.6348699000000001,0.025973344,0.8591042999999999,1.0173923,1.1656302,1.5157001,0.9240433000000001
-2.0533056,-2.1599996,-0.97015125,0.2067071,0.8218816999999999,-1.1791581,-0.9633483,0.80328196,0.9747003000000001,1.2580687,1.5252223,0.9462235999999999
-1.4976254999999998,-2.6353662,0.4472420999999999,-0.7586661,-0.47331998,-0.79310924,-1.6767244,0.8387971,1.0294943,1.113765,1.2655865,0.871706
-2.0791494999999998,-2.1068122000000002,-2.3037236,0.120581895,0.61628115,0.12316572,1.0374406999999999,0.7781309000000001,0.9206226999999999,1.2890116000000003,1.5539001000000001,0.9884196
-1.4532462,-1.1719965,0.032321166,-1.5194702,-1.1419808999999999,-0.23297709,0.7969045,0.80179155,0.9779498,1.2227271999999998,1.4357578000000002,0.84322375
-2.0915939999999997,-2.8380215,-2.8160813,0.36995164,0.41920677,-0.46846592,-1.393614,0.8775957,1.0801063,1.1265498,1.4981989,0.91523916
-1.6439641999999999,-2.1169178,-2.5184252000000003,-0.6035524,-1.5199978,0.12306860000000001,-0.07294286,0.9224701,0.960047,1.2163448000000001,1.5002396999999998,0.94469076
-1.0520867,-0.9687056999999999,0.5526459,-0.69084233,-0.9680187,0.018217308,-0.13978331,0.7402616999999999,0.855237,1.1622698,1.4169916999999999,0.85558677
-1.7641487,-1.9651223000000002,-1.5290405,-0.03404441,-0.3495915,0.29444245,0.30172896,0.8760078000000001,1.0246712,1.1652496,1.5189778,0.9204076999999999
-1.3633289,-1.1859277,-2.677155,-0.15280926,1.1973393,1.0844935,-1.0701673999999999,0.82008845,1.0762806999999999,1.1836228000000002,1.4415652,0.97047
-0.89675766,0.42329702,0.42958254,-0.8942546999999998,-1.5851517,-0.36802134,-0.772532,0.68088764,0.9684946,1.107724,0.9483379999999999,0.8175036
-1.3132262,-1.2543398000000001,-2.1090817000000004,-1.1996464,0.62363416,-0.11276235400000001,0.49284577,0.8414896999999999,1.0082753,1.1853299,1.5402353000000002,0.93178207
-1.3616124,0.28509426,0.41837972,-0.6541916,-1.3541366000000001,-1.2103263000000002,0.7763547,0.74220216,1.0062777,1.0292228,1.1194786,0.83251864
-1.6950740000000002,0.48815513,0.5098431999999999,0.5667033,-0.43886325,-1.4653171999999999,0.018300435,0.6985357,0.875598,0.957893,1.1315451,0.7800321
-1.0735059,-1.7695512999999998,-1.3037324,0.51304865,-0.0972938,-0.824274,-0.46390906,0.8878726999999998,1.0235248,1.2033482,1.4648161,0.9216603000000001
-0.37646097,0.21859217,0.5029779999999999,-0.40320584,-1.1428207000000001,-1.3203486999999998,0.5365338000000001,0.88290936,0.90299964,1.0838568000000002,0.66497684,0.8027812
-0.9693991,0.3422327,0.5156629,-1.7184245999999999,-0.05395218400000001,0.24399957,-0.15158628,0.77691114,0.9414298000000001,1.1029474,0.7131510999999999,0.7561094
-1.1734507,-2.171122,-1.7616892,-0.0773403,-8.26717e-05,-0.46722916,-0.42454958,0.8284459999999999,1.019105,1.251344,1.4950116000000002,0.88591474
-2.45552,-1.4137629999999999,0.32580966,0.32837078,0.017651537,-0.263432,-0.20623179999999997,0.81375253,0.94108945,1.1046154,1.4757770000000001,0.8950872999999999
-2.1141326,-0.88932997,0.50903004,-0.65095323,-0.71320194,-0.7772486,-0.5068629,0.7038137,1.0821091,1.0342369,1.345568,0.85651976
-1.2244985000000002,-1.7178596000000002,-2.634946,0.32036835,-1.1961575,-0.2823063,-0.9802015,0.8003424,0.9886724,1.2688203000000002,1.5321013,0.91803443
-1.8335223000000003,0.32886696,0.47555718,0.5326394,-0.2918574,-0.5807084,0.4720937,0.7115441,0.83667403,1.1901369,1.0596843,0.8065751999999999
-0.88400537,0.102558635,0.4184517,-1.2747263999999998,-0.90498567,-0.8195846999999999,-1.1859467,0.8202828000000001,0.81127185,1.0709878000000002,1.3832114,0.82937485
-1.1107704999999999,-1.2960372,0.03746696,0.35469168,0.82403666,-0.51368034,-1.0822695,0.66709644,1.0281518,1.2189584,1.4805019,0.8579888000000001
-2.2044895,-1.6047373999999999,-1.5352787,-1.5592883999999998,-0.2697167,-0.8856908000000001,-0.6514732,0.8211288,1.0106164,1.2280108,1.5384314,0.95945996
-0.88143355,-1.8715424999999999,-0.84379566,-0.60131794,0.07313449,-1.570103,-0.11160594,0.8433638000000001,1.0229359,1.2122343999999998,1.4908337999999999,0.914544
-2.0301297,-1.2436252,-1.8232607,1.0938517,-0.37605748,-0.90515167,-0.2552567,0.8117813,1.0163342,1.2931325,1.4302780000000002,0.913032
-0.32432467,0.17706473,0.39541218,-0.95439345,-0.47003043,-1.5034589,-0.59331644,0.9096088999999999,0.92602515,1.0559002,0.9399158000000001,0.7986983
-1.3539065000000001,-1.5476325,0.50070506,0.28612593,-0.6498854000000001,-0.52751935,-0.7163385,0.7475798,0.9374433000000001,1.0784193000000002,1.4667431,0.83714336
-1.1417747,-2.2198215,0.42253320000000005,-0.35132858,0.48768163,-0.05536221,0.46152788,0.8016392,0.97852755,1.0915489999999999,1.3989183,0.88572496
-0.71024764,-2.011142,-1.4382317,0.44506472,0.8257065,0.5767118,-0.52741426,0.7371154000000001,1.0753774999999999,1.2541999,1.4571435,0.9273571
-1.4174623,-1.909611,0.53103983,-0.096899584,-0.77209914,0.25966966,-0.5615439999999999,0.82148874,0.9979841,1.0593362,1.310983,0.8718880999999999
-0.18221615,-0.22520828,0.5441428,-0.41228372,-0.06817983,-0.26386609999999994,-1.1776893,0.75443995,0.9756275,1.0628736,1.2093661,0.81129247
-1.6519804,-2.245747,-2.9549317000000004,0.59205025,-0.48853853,0.49890056,-0.76885104,0.8030506,1.0263554,1.2740559999999999,1.4775962,0.96206665
-1.9453832999999998,-1.4373242,-0.81084913,0.47728726,-0.39245135,-1.417232,0.24520649,0.81036717,0.98638755,1.3452578000000002,1.3799499,0.92276907
-1.8230883999999998,-1.4344263000000002,-2.3697798,0.49689946,-0.13874488,-0.7475495,0.38664886,0.7967721,1.064224,1.2529575000000002,1.4615513999999998,0.94584644
-1.3159610000000002,-1.4782791000000002,0.652877,-1.2165813,-0.06632218,-0.09457515,-1.0218008,0.6242345,0.98320764,1.1151975,1.3541651000000001,0.87198967
-1.1508011999999999,-2.7380002,0.34580576,-1.2422383999999997,0.35843322,-1.1588372,-1.3342018999999998,0.7318296999999999,1.0625458,1.2867022,1.1106642,0.91153556
-0.80816126,0.15763092,0.5572703,-0.7407475,0.061089385,0.5367048000000001,-0.6699233,0.729612,0.9282306999999999,1.0730144,1.1593446000000003,0.80689096
-0.58702093,-0.771422,-0.6634484,-1.0888058,-1.2450572,0.7619898,0.43269312,0.8600009,0.95999587,1.2688245,1.4058026000000001,0.8981844999999999
-2.1702924,-1.7201336999999999,-2.6547002999999996,0.08338597,-0.8444847,-0.014980235,-0.15117579999999997,0.9545049000000001,1.0289809,1.2167405,1.3746097,0.95176333
-1.1341416000000002,-1.087934,-0.5149119000000001,-0.4395777,-0.94339097,0.61556536,-0.83231324,0.8559368,1.0579361,1.2418888000000001,1.3504264,0.9006388000000001
-1.5203483,-1.0613093,-3.6593328,-1.1651436000000002,-0.8532533999999999,-0.42199162,-1.2569741,0.76636326,1.0705453,1.2763394,1.4645522,0.99843514
-1.8241895000000001,-2.8316827,-1.8220705000000001,-1.498448,-1.0085965000000001,0.126685,-0.28461257,0.8096656,0.99251574,1.3075364,1.4798391000000002,0.93895406
-0.77963376,-1.1358576,-1.4419051,0.97802526,-0.4709166,-0.9805921000000001,-0.5149783,0.8960565,0.86494195,1.280993,1.4867476,0.9451516999999999
-2.3282712,-1.3670269,-1.0998653,-1.1736656,-0.7833408000000001,-0.98073477,-1.1589317,0.76284516,1.0445791,1.3032416999999998,1.4552906,0.93692684
-1.7665441000000002,-1.048043,0.46436432,0.4815397,-0.6021595999999999,-0.06952263,-0.31597334,0.7520467,0.8874032,1.2517447,1.326773,0.86305004
-2.1700265,-1.7041788,0.5902906,-0.7900441,-0.25849494,-0.8280859,0.3965641,0.8043467,0.96790874,1.0146754999999998,1.3615078,0.8271685
-1.1533247,-0.095121026,0.46853426,0.048301175,-1.4126253999999998,-0.4475576,-0.0780031,0.8227981,0.948973,1.2506138,0.80379033,0.8246536
-1.1632801000000002,-1.3889482,-2.5216112,-0.8833175,0.00556263,-0.24415445,-0.4296624,0.9401050999999999,0.94775945,1.257378,1.4349132,0.8984752
-1.3076375,-2.411365,-3.1979542000000003,-0.90976554,-0.70862365,0.89427096,-1.3569995000000001,0.9594003000000001,0.9211046999999999,1.1871789,1.5042045,0.9977404000000001
-1.0742141,-1.7307009999999998,-1.2371187,-1.1632,0.1619742,-1.8095875,-1.4830408000000002,0.8370699,1.0793948,1.2861377,1.3492498,0.9054549000000001
-0.6478391,-1.1158595,-2.4679036,-0.6700225000000001,-0.19120303,-1.8406038,0.1278896,0.8600895000000001,0.9665403,1.2146008,1.5361271,0.9270681999999999
-1.2749591,-2.3044941000000003,-0.60884345,-0.05785013,-1.599469,-1.0717752,0.46995893,0.85952747,1.0141749,1.2489504999999999,1.4289021000000002,0.9189451
-2.104294,-0.5089822,0.5390383000000001,0.20768198,0.39136875,0.089067735,-0.85436004,0.81193626,0.89296675,1.147815,1.2798228,0.86809903
-0.8150195,0.057329934000000006,0.38655505,0.33915916,-0.29904702,-1.5284711000000002,-1.2772288,0.7504994,0.82956743,1.0830583999999999,1.4536707,0.81145465
-2.2377238,-2.7401917,-1.902204,-0.22563154,0.24381946,-0.87748605,0.6392966,0.7820328000000001,0.99417746,1.211012,1.5879333999999998,0.9489328000000001
-2.1351153999999997,-2.3208256,-1.4316002,0.506099,-0.9499322,-0.031265922,-1.085633,0.8111133,1.0074147,1.268016,1.4993207,0.9701439000000001
-1.9810218999999998,-1.3260047,-2.2732487,0.29214934,0.11147637,-0.64260477,0.11455954,0.7810776999999999,0.95097727,1.3413035,1.4842886999999998,0.96021175
-1.7163428,-1.1204575,-1.6396958,-0.17125963,-1.1367209999999999,0.30692536,0.42559594,0.85980815,1.0281768,1.1574796,1.5299563,0.9055673000000001
-2.3634949,-2.9624994,-1.6327215,-0.080730945,-0.6935899,-1.0455081,0.22352287,0.9003179,1.0423584000000001,1.1975298,1.4558066,0.91634214
-1.1296158,-0.5703208000000001,0.3652307,-0.07716536,-1.0984359,-0.38276362,-0.15317883,0.9336398000000001,1.0194241,1.144051,0.97949296,0.8366183
-1.3868167,-1.4630775,0.22037628,-0.032049943,-1.0841911,-1.0890271999999999,-0.7054863,0.9158489,0.92427486,1.182693,1.3503889,0.8743939000000001
-1.3827266000000002,-1.6661466,0.60238475,-0.64108634,-0.13510035,-1.103646,0.38695043,0.7864874,0.9234741,1.160268,1.2605423,0.8786016999999999
-1.8150394,-2.4540806,-1.8141990000000001,-0.22344373,0.39488533,0.01332434,-0.567129,0.81643367,1.1152126,1.2446336,1.3856372,0.91496587
-1.4713302,-2.7188928,-1.345214,0.27652952,-0.4672704000000001,0.5299864000000001,-0.85044277,0.7113862,1.0746708999999999,1.2300131,1.5353940000000001,0.94211566
-1.2729106000000001,-1.9049778000000002,0.42787835,-0.97611564,-1.3256466,-0.60428685,0.34251022,0.79230225,0.98828536,1.1324495,1.3722701000000002,0.91735464
-1.8249362,-0.19278581,0.6180167,-0.26217103,-0.81787705,-0.47577402,-0.7871491,0.76840246,0.9209884,1.1373236,1.1642731000000002,0.82451236
-0.58481604,0.12286620000000001,0.57204604,-1.6590828000000002,-1.512958,-1.4443728,-0.9511888000000001,0.672899,0.9342453000000002,1.0455405,1.2815546,0.82620174
-1.0994396,-1.2693268999999998,-2.4842713,-0.48745582,-0.10018217,-0.44881833,0.23611818,0.8807351999999999,1.0137402,1.200572,1.4960673999999998,0.9003161
-1.6587214,-1.684139,0.1431044,0.82861745,-0.35654396,-0.9479996999999999,0.40194917,0.8357503000000001,0.95133406,1.1842871000000001,1.4319509,0.89145356
-1.9265192,-1.7718217,-0.74658054,-0.563046,-0.23895794,0.43828875,0.47656409999999993,0.9133669,0.94968396,1.2949382999999999,1.3692037000000001,0.90052325
-1.8172386999999999,-2.0425525,0.41755015,0.022128621,0.31423843,0.83847743,1.0046883,0.8103444000000001,1.0034052,1.1446228999999999,1.2558103999999999,0.8867
-2.0209644,-1.469013,0.43820027,-0.23511498,-1.494165,-0.23130678,0.45497653,0.8541141999999999,0.7227751,1.2654573999999998,1.3615921999999998,0.87743324
-1.7979900000000002,-0.570967,0.5501773,-1.4663106000000001,1.0084453000000002,-1.3954287,-0.43540385,0.77903235,0.9825303,1.2044435,1.0326396999999998,0.8654825999999999
-0.6615946999999999,0.06304742,0.37707633,-0.102325976,-0.42701548,0.79380506,0.32861134,0.75178975,0.8674466999999999,1.098271,1.3816563999999998,0.8353446
-1.900251,-1.7827562,-1.8265558000000002,-0.5778081,-0.5014609,-0.61530006,0.8177886999999999,0.789705,1.0025138,1.3034983999999998,1.4778850000000001,0.93156046
-1.9914290000000001,-1.6803659,-0.8914609,-0.3451287,0.8912633,-0.26827958,-1.267266,0.8784627,0.96900946,1.191327,1.5219457,0.92974883
-1.7635617,-0.42579129999999993,0.49910605,0.031398404,-0.61219287,-0.025426597999999998,0.08653842,0.7440972,1.0376599,1.1572765,1.1554253,0.81420356
-1.8060677,-0.8647449,-1.1658688,-0.19141965,-0.14744145,-1.4852941000000002,-0.12875965,0.8288273000000002,0.9827670000000001,1.150393,1.5930803999999998,0.94118834
-1.7263283,-1.9640228,-1.659923,-0.22913975,-1.6696913,-0.7664498000000001,0.123601615,0.88441956,0.9548703000000002,1.2438095,1.5139915000000002,0.90446603
-1.4808315,-1.2037332,-0.055466767,-0.74949044,-0.7459529,0.80659956,0.21421120000000002,0.73607016,1.0577716000000001,1.202993,1.4401113,0.8854190999999999
-1.743352,-1.2493887,0.54793155,-0.6847671,-0.56969374,-0.21301527,0.5814762,0.7705187,0.99232984,1.1166508999999998,1.2906469999999999,0.87058324
-0.8902578000000001,-2.256729,-2.3020694,0.106331944,-0.5819155,0.14274287,-1.5600703000000002,0.8486071,1.0899996,1.1597435,1.4829948999999998,0.9304822
-1.0352688,-1.728015,-2.1817245,-1.5443407,0.46122890000000005,0.069610454,0.51212347,0.8206539,0.9879329,1.1532485000000001,1.6010058,0.9617034999999999
-1.1562016000000002,-1.7973139,-1.148829,0.24021785,0.9018972,-1.0684711,-0.9976265999999999,0.8587332000000001,1.0508918,1.2405806000000001,1.4030831,0.9494894
-1.3655522,-1.797782,-1.9934547999999999,0.0071281884,-1.5190114,-0.1982497,-0.18039544,0.99702984,1.018449,1.1176133,1.4275209,0.9271455
-1.8786716,-2.4511939999999997,0.44865066,-0.30098444,-1.1168655,-0.21062805,-0.9355281999999999,0.7812096,0.893396,1.2132993,1.3904976999999998,0.8808838
-1.6882473999999998,-1.1406736000000002,-1.714352,0.075017065,0.28174278,-1.4874967,-0.11789902,0.7320696,1.0484082000000001,1.2580189,1.5232348,0.9301761999999999
-1.5561808000000001,-0.21757138,-0.33295357,-0.22473487,-0.62109065,-1.0676881,0.7355979,0.84367466,0.91442764,1.2016592,1.4768704,0.8781652
-2.2880623,-1.8026701,-0.26022077,-0.922217,-0.79577726,0.24917725,0.6844929,0.83822674,0.97528106,1.278267,1.4051234,0.8744894
-0.32609722,-2.2949674,-1.8650461,-0.12004925,-0.13536358,-0.33188072,0.05520198,0.8890501000000001,0.978283,1.211354,1.4837723,0.9637618
-1.3712536,-0.9645743,-1.2369978000000001,0.024459932,0.028170815,0.28277788,-0.92046773,0.9594974000000001,0.9411690999999999,1.1619812,1.4883658000000002,0.9227948
-2.2920580000000004,-0.16633551,0.4330278,0.024060857999999997,-0.9827729,-0.27476487,-1.5772122,0.7344771,0.90174675,1.1295482,1.4196073,0.8173245
-1.3252857,-1.7082881,-2.3503263,0.7200607,0.547501,-1.0917964,-1.420706,0.92640764,1.0360042999999999,1.1870513,1.4207604999999999,0.9720588
-2.2833438,0.3398695,0.5669526,-0.6539715,-1.0887354999999999,-1.2036548999999999,0.46533698,0.7707946999999999,1.0184884,1.0565124,-0.23137036,0.76023304
-0.9657802,-1.8447415,-0.47235063,0.22012225,0.32563594,-0.024482679,-0.094686955,0.8343128000000001,1.0294136,1.1462606000000002,1.5151413999999999,0.8923743000000001
-1.9999982,-1.8324745,-0.49040994,0.29960445,0.34528112,0.631004,-0.36873403,0.8295982,0.92479837,1.2541265,1.5131465,0.93519384
-0.44942507,-1.8453851000000003,-2.7251785,0.456021,-0.29705638,-0.11632579,0.6747255999999999,0.9163754999999999,0.9167531999999999,1.2279103999999998,1.4875603000000002,0.95571554
-2.1457372,-0.41954464,-0.9561434000000001,-0.29896852,-1.0266273000000001,-0.9726707,0.42394970000000004,0.7727018,1.064891,1.2411938999999999,1.4333988000000002,0.92005026
-1.7766979999999999,-0.5154181999999999,0.31276950000000003,0.58817065,-1.3028548999999998,0.3806368,-1.0542798,0.7942104999999999,0.92976457,1.1258208,1.4468348999999998,0.8610620000000001
-1.9645903999999998,-1.2632431999999998,-1.6095165,-0.06893830000000001,0.048282977000000005,-0.04038777,1.0973707000000001,0.87369645,1.0462265,1.1637437,1.4759613,0.9366472
-1.1910676000000002,-2.3003263,-2.054525,-0.67824334,-1.6727352999999998,0.05973878,0.292954,0.87033165,0.88909066,1.3385771999999998,1.4631686000000002,0.9160485999999999
-1.3356941,-0.07478426,0.4809782,-0.5351981,-0.18253127,0.33249772,0.02270273,0.7605076,0.8747665000000001,1.0897872,1.3869280000000002,0.79028255
-1.314389,0.39247063,0.50957054,-0.3540578,-0.35434934,-0.4900589,0.12861992,0.77743214,0.93868244,1.1310118,0.30196482,0.73217064
-0.37355065,-2.7116257999999998,-2.0533803,0.33580595,-0.42384679999999997,-0.90879333,-0.09052021,0.7014961,1.0594616000000001,1.2769979999999999,1.4938626,0.9206972999999999
-1.3895203999999999,-0.7113339,-1.7314058999999997,0.04642644,0.081707075,-1.0943372,0.3814123,0.837037,1.0440985999999999,1.2065426000000001,1.4749376,0.9241661
-2.4894814,-0.9463671999999999,0.4874339,-0.39765233,-1.272368,-1.2248918,-0.1537731,0.84998167,0.8317498999999999,1.105948,1.438712,0.8415101
-0.6584665,-1.3645623,-0.99997246,-1.3156695,-0.26385647,0.57279146,1.0242054,0.9150486999999999,0.97169644,1.2201973,1.4192034,0.89044
-1.3337108,-1.4381858,-2.240012,-0.6779387,-0.2310236,-1.5142016,-0.2996344,0.9079683000000001,0.8997859,1.1726661,1.5935013,0.9615469000000001
-1.5609878000000001,-1.6136336000000002,0.17081878,-1.0896748,-0.3016466,-1.6484026000000003,-0.37888330000000003,0.7480315,1.0216179,1.1456548999999998,1.4924833,0.884999
-1.0773834,-1.766468,-0.014339949,-1.431638,-0.0010414339,-0.7926373999999999,-1.5555586000000001,0.8110493000000001,0.93479997,1.2148143999999998,1.5073613000000001,0.89842445
-1.3251579,-2.8500273,-0.7821116,-0.6591600999999999,-0.19132572,-0.23257549,-1.7780479,0.9007983,1.0191185,1.179532,1.4744062,0.99223256
-1.1653745,-1.3145286,-0.6717472,0.44786987,-0.5032536,-0.24499111,-0.03987839,0.74177325,0.88552445,1.3003354999999999,1.5738562,0.9018341000000001
-1.4088523000000002,0.036029324,0.5698068000000001,-0.37680623,0.1896523,0.12707576,-0.01759192,0.8029763000000001,1.0484269,1.0981789,0.46549442,0.7768189
-1.6500138999999998,0.35960147,0.44519702,0.6448191,-0.8908029000000001,0.6119235,-1.1477396,0.5971346,0.779257,1.1138379999999999,1.3748915000000002,0.8631211
-1.3437212,0.35513282,0.49634832,-0.59019387,-0.06139669,-0.48298606,-0.56683326,0.73675025,0.65864384,1.1455208000000001,1.2833382,0.7757757
-1.0385847,-2.5681605,-1.8481273999999999,-0.19945668,-0.7539062,-0.8651904,0.11866746,0.8094909,1.0348216000000001,1.2711136,1.4738426000000002,0.9516100000000001
-1.8561872,-1.9967223000000003,-1.2258719,0.73464864,-0.8307449,-0.0061348346,-0.35356924,0.7610601,0.9674629000000001,1.2189181999999998,1.6038808,0.9258661
-1.5767639999999998,-0.8344985,0.32169804,-0.99441904,-0.17260359,-0.7212428000000001,0.07251914,0.7816403000000001,0.96667695,1.2197051,1.3490175,0.84203976
-1.0081663,0.22913955,0.44340494,-0.6191791,-0.8504450000000001,-0.13713618,-1.5555892,0.69744647,0.89400685,1.1341916,1.2739187,0.7919941999999999
-0.20021373,-1.0793178999999997,0.48314935,0.6142685,-1.060894,-0.42027524,0.5920443,0.79421884,0.9951628,1.1627239999999999,1.121122,0.8516611999999999
-1.4800531000000001,-0.29602987,0.46445954,-0.8961256999999999,0.45514694,-0.6901916,-1.3551933999999999,0.79510915,0.97217417,1.0645205,1.3400812,0.86177975
-1.0858398999999999,-0.52812475,0.35107216,-0.52675396,0.06881396,-0.71673095,-1.7147583,0.768091,0.92688894,1.080545,1.5018243,0.8089655
-1.3368101000000001,-0.58090764,0.6770636999999999,-0.5830930000000001,-0.33237859999999997,-1.1024915000000002,0.3069345,0.849376,0.89233476,1.1909456,0.8420700999999999,0.8014826
-1.1405421,-0.95588475,0.12587807,-1.287038,0.0047257845,-1.4649131000000002,0.88537836,0.7919203,0.96124226,1.2574257,1.3707247,0.8785898000000001
-2.1954119999999997,-2.0202047999999997,0.36817577,0.892925,0.46451229999999993,-1.7422384999999998,-0.7071515,0.7211073,0.97685295,1.1296556,1.4665961,0.9178997
-2.1986496,-0.09159014,0.5339708000000001,-0.27744082,-0.7981229000000001,0.8416584999999999,-0.7810212,0.5887535,0.9274027,1.1992076999999999,1.3055611,0.8553103999999999
-1.6878432,-2.9497607000000006,-1.1619542,1.0864236,-1.0783145,0.7746339,-0.78685325,0.8912165000000001,0.9930704,1.0870249,1.5573864,0.94060653
-1.8762935,0.43390527,0.6700858000000001,-0.18402676,-0.6989622,-0.6326075,-0.26904859999999997,0.71272886,0.89269334,1.0951433000000002,-0.95790404,0.7336593000000001
-0.82999516,-1.3447447,-0.20387818,-1.3991553999999997,-1.4368743999999998,-1.4191626,-1.8155151999999999,0.8587447,0.9980863999999999,1.1318173,1.512915,0.9006921999999998
-1.7244491999999998,-1.7308468000000001,-2.1648695,-0.41120738,-0.8747199000000001,-0.3150687,-0.44679356,0.89284503,0.94995755,1.2665741000000001,1.4888457,0.9003962999999999
-0.91283077,-1.6172273000000001,-1.9803908,-0.21599028,-1.6479267,0.12741424,-0.51639766,0.8354575000000001,1.0279816,1.2603666,1.4639461,0.9190099
-2.0975580000000003,0.23014353,0.3405328,0.18662249,-0.43876689999999996,0.26124611,0.45180625,0.7577449,0.96576434,1.0949004,1.2128111000000001,0.8140529000000001
-1.6220727,-1.9776915000000002,-2.2743583,-0.13558255,-0.32199565,-0.125684,-1.0660881000000002,0.9070128000000001,0.9171527,1.2879261999999998,1.4743818000000002,0.9106639000000001
-1.539066,-1.9102626,-2.9741294,-0.3034355,0.30431885,-1.1669254,-0.7519883,0.86988074,1.0528766,1.1831056999999998,1.4943027,0.9552221
-0.8492462,-2.2629203999999996,0.026691378999999998,-0.011084631999999999,0.32921788,-0.7392879,-0.02648882,0.8313278000000001,1.0106372,1.2484912000000001,1.3310715,0.87689847
-1.1093212,-0.6351124,0.65545946,0.6563739000000001,0.28657553,-1.7709522,1.3926450000000001,0.61006075,0.85471946,1.1782421,1.3113671999999998,0.80323106
-1.4565941999999998,-1.3441911,-1.4535178999999998,0.14354308,0.34123886,0.86062735,-0.22780898,0.8841295,1.0127249,1.2253512,1.4387243,0.9201608
-2.1632056,-2.0003168999999996,-0.14098987,0.08730092,-0.056016803,0.56762886,-0.58672,0.89856535,0.95583403,1.2380836000000002,1.381995,0.9244924000000001
-1.0443165,0.47966924,0.45787117,-0.2848397,-0.45859733,-1.288408,-1.0064784,0.73848814,0.9494171,1.110693,0.43145472,0.7585301999999999
-0.8658351999999999,-2.2157235,-2.6751025,-0.9017468000000001,-0.17833984,0.70487785,0.6219279000000001,0.8728809999999999,0.9671295,1.189392,1.5433291999999998,0.9260633
-1.2079871000000002,-1.064999,0.45833188,-0.4095527,-0.32281232,0.7522989000000001,-1.6260427,0.7265517,1.013886,1.0675534,1.4170271,0.8870933000000001
-1.7535197,-2.976907,0.44705870000000003,0.020542936,-0.98016423,0.56371176,-0.3030953,0.7673274999999999,0.9544826999999999,1.1026340000000001,1.4459856000000002,0.89706177
-1.0551877,0.2444011,0.51018196,0.03188054,-0.71800095,-0.7329557,-0.5836041000000001,0.73959893,1.0046204,1.1545919,0.6354510999999999,0.7573439000000001
-0.8141786,-0.8880294,0.5073559,-0.2901788,-0.27227825,-0.44252458,0.13232760000000002,0.86302674,0.97302204,1.1350642,1.1572882,0.82956374
-0.8326945,0.19441609,0.4125451,0.20465475,-0.40316940000000007,0.055519655,-0.05368440000000001,0.8038373000000001,0.96936226,1.1228323,0.9969502,0.810265
-1.1189712,-1.1925125,0.55539423,0.009805925,0.51743805,0.48839623,-1.1433243999999998,0.8667306999999999,0.9248496999999999,1.253961,0.8077483,0.88233155
-1.4653376,-1.1096188999999999,0.42937404,0.6779581,-1.7016460999999998,-0.44486347,-1.0008682,0.8585925,0.94237506,1.1375532,1.3145623,0.89571804
-0.9451521999999999,-2.0076702,0.51721793,-0.22294843,-1.2427076000000001,1.1031438,-0.30844590000000005,0.72223496,0.9561671999999999,1.035448,1.4600971,0.88741314
-1.5500345,-0.6217259,0.43714386,-1.3066977,-0.6827960999999999,-1.2371459999999999,-0.0065068122999999995,0.8320552999999999,0.9785116,1.1056757,1.3208356,0.86317337
-1.0666353000000002,0.41958973,0.29908785,-0.45676455,0.06481099,-1.8475572,-0.26865724,0.7093600999999999,0.88367206,1.1895467,1.0870521,0.80119634
-0.6433954000000001,-0.2812415,0.5577305,-0.08567086,-1.211522,0.52308816,0.03225674,0.7390024000000001,0.89014864,1.0933588,1.355561,0.8207566999999999
-0.5545204,0.1735519,0.54412943,0.22664323,-1.5398148,-0.89547044,-0.49111572,0.61123,1.0546231000000001,1.1716064,0.6819163,0.8039996
-0.81357837,0.39068922,0.44003084,-0.87086296,-0.3076449,0.058777932000000005,-0.57473207,0.6090704,0.8724815,1.1524357,1.2016267,0.8130556999999999
-1.2827855,-0.9429770000000001,-0.6600834,-0.566088,-0.38933432,0.68583256,-0.5607143,0.8645179000000001,1.0649242,1.1533451000000001,1.4448841000000001,0.90385956
-0.94411975,0.35384184,0.23448777,-0.87412685,0.26727682,-0.49813214,-0.9010767,0.60692936,0.9822525,1.0214360999999998,1.3972305,0.7958596
-2.2359974,-0.14123261,0.631745,0.125129,-0.6021026999999999,-1.0652754999999998,-0.56956154,0.7220878000000001,0.96218604,1.1862534,0.9842753000000001,0.8171046
-1.3464406999999998,-0.67174304,0.4634879,0.41813734,-1.393462,-0.2834946,-0.012925008,0.90849847,1.0182616,1.1674905,0.8225021999999999,0.85270196
-1.2439141000000002,0.4065045,0.5649583,0.14321788,0.3266317,-0.71323305,-0.21416588,0.5783295,0.8987616,1.2074525,0.72284013,0.79021734
-1.3224001,-1.5500008,0.5129203,-0.33489427,-0.32803214,-1.5979762,0.6599804,0.82487077,0.9536633,1.2083173999999999,1.1617441000000002,0.86591464
-1.1812028,-2.0150793,-3.4107258000000003,-0.8757582,-1.2156268,0.75488216,-0.15332414,0.8252584999999999,1.0380703000000002,1.2053101000000002,1.5200126,0.9628532
-0.52449673,-0.27385506,0.4721867,-0.9283068000000001,0.018131496,-1.0730463,-1.0916936000000002,0.85165393,0.9054005999999999,1.0763698999999998,1.3012937,0.8411824000000001
-1.9997414,-2.3257656000000004,-1.0168791,-0.70241475,0.1753527,-0.5022161,-0.9428708,0.8631985000000001,1.0848163,1.1271870000000002,1.4959208000000002,0.937218
-1.4149681,-1.9493340000000001,-0.21317561,0.38624156,-0.10379522,-0.24011439,0.61196524,0.78045815,0.977125,1.1301798,1.5852144,0.90931433
-1.2810856000000002,0.22005889,0.45814273,0.27308790000000005,0.78799915,-1.4694557,0.018589823999999998,0.5824425999999999,0.85532063,1.1238217,1.3926665,0.79874974
-0.7971184,-2.7054267000000003,-3.3320248,0.42266145,-0.32158083,-0.71763545,0.766552,0.8903846,1.1079444999999999,1.1386094999999998,1.4131223,0.9545575000000001
-0.7793193,-1.7732803,0.38325134,-1.205042,0.12282799,0.7089171,-0.2627244,0.82005537,0.9445455,1.0375867,1.4727143999999999,0.88074374
-2.088625,-2.1001766,-1.8525841,-0.9118198000000001,0.06894821,-1.6424717,0.81865126,0.9694681,1.0103347,1.1894784999999999,1.3963645,0.9675179
-2.4430970000000003,-1.5119628,-2.8166037,-0.030575816000000002,0.36471382,-1.0980611,0.25561884,0.83305675,0.91196406,1.2407629999999998,1.5876391,0.9083601
-2.0456607,-0.32830447,0.58156663,-0.34787133,-0.72495496,-0.42106274,-0.84200877,0.7639469,0.9213606,1.1849148,1.1852329,0.83546567
-0.025003895,-1.1295283999999999,-2.2253096,-0.8757060999999999,-0.5980103,0.043176245,0.11222933,0.8718200999999999,0.95625335,1.1461424,1.5323337,0.9062118
-0.90680647,-1.2306350000000001,0.5572763000000001,-1.3149686,-0.010114281,-1.1493886,0.6609409,0.7421691,1.0650481,1.0595415000000001,1.2394433999999999,0.86464125
-1.9046763,-1.4317737,-1.7703776000000002,-1.0204618,0.1535635,-1.6371653,-0.25853455,0.8343666999999999,0.9558136999999999,1.280082,1.5191143999999999,0.9500629999999999
-1.3008777,-2.4255831000000003,-2.0015218,0.29919845,-0.9266537,-1.6877525000000002,0.85760635,0.85811925,1.0126940999999998,1.2946222,1.4029331,0.9347101000000001
-1.0686711000000002,-2.0470045,-3.3886870000000004,-0.8098266,-0.47313538,-0.49740234,-0.043802798,0.898329,1.045671,1.2337936,1.4145296,0.94107115
-1.3404022,-1.0935819,-2.4250232999999994,-0.6226802,-0.31885317,-0.49325162,-0.29957142,0.9385834000000001,0.96773,1.2006161,1.4794596000000002,0.8664983
-1.7279129,-1.8423396,-0.42355025,0.74917346,0.11657581,-1.7747153000000002,-1.2189701000000002,0.8645629000000001,0.9894424999999999,1.1957645000000001,1.4823451,0.962353
-1.3520676999999999,-2.2365477000000005,0.24614997,-0.30941775,0.43425420000000003,-0.79115033,-0.009953193,0.8882658000000001,0.98313284,1.1878090000000001,1.2859976,0.8775359
-0.68083644,0.28128996,0.36453664,-0.34020296,-0.23082909,-0.16724760000000002,-1.2918744,0.6132565999999999,0.9934055,1.1253233,1.2301866000000001,0.79421747
-1.1898143,-0.10683586,0.6379066,-0.17853367,-0.12473961,-0.7185484999999999,-0.9790776,0.71026784,0.8904651,1.0542998,1.3297533000000001,0.78966326
-1.0646927,0.44597247,0.47739738,0.22872077,-0.5744611,-0.94386524,-0.2385164,0.6762476,0.869395,1.2147558999999999,0.6542918000000001,0.7369324
-1.6905495,-1.7331555,0.07161194,-0.45544399999999996,-1.0635419,-1.5376473999999998,0.1788287,0.8995738000000001,0.9241464,1.1582656,1.4611962,0.91879886
-0.49471226,-1.2982562,-0.4668302,-1.0676496000000002,-0.12889493,-1.2996181999999998,-1.2551593,0.8548474,0.9742864999999999,1.2818073,1.3970274999999999,0.9364956
-1.2846468999999998,-1.6313271999999999,-1.7560099999999998,0.39351636,-1.4103691999999999,0.36440068,-0.09971605,0.8395579,0.90544885,1.1794944,1.6267277,0.9417074000000001
-1.2122146,-1.6448158,-2.2113616,-0.15106511,-0.7441667,-0.3546331,0.24837594,0.8849355,0.939592,1.2934101999999998,1.4643819,0.89529455
-1.307761,-2.3020744,0.13373214,-0.89279103,-0.5686687,0.18395905,-0.14258821,0.7852581,1.0490193,1.1858217,1.3928848999999999,0.89787936
-1.2826663,-0.091404594,0.5362628,-0.97712785,0.32126322,0.02237765,-0.39827642,0.7352299,0.8887813,1.1334583999999999,1.3105793,0.7952554000000001
-1.8565881000000002,0.4662749,0.4300129,-0.97501546,0.3167369,-0.6466029999999999,-1.6421733,0.67314726,0.9501816999999999,1.181567,0.55031437,0.85789514
-2.060588,-1.6307254,-0.2559802,0.4332873,-1.3132116000000003,-1.3530436000000001,-0.22266307,0.88578004,0.96261513,1.2538713,1.4034536,0.910747
-1.5079498,-2.343744,-2.806282,-0.67747337,-0.52888685,-0.6738116999999999,0.8263002,0.93253,0.96697307,1.1566458999999998,1.5275786,0.9537104
-1.3886153,-0.98107886,0.5908633000000001,-1.2142962,-1.1452975,-0.07054564,-1.1142682,0.8193908999999999,0.9624056000000001,1.2128787,1.0064193000000001,0.88355654
-1.8346909,-1.7588857,-2.6228185,-1.4358030000000002,-1.4119039,-1.7833214,-0.72042805,0.80488634,0.9986091999999999,1.3201865,1.4690863,0.9591748999999999
-2.0874214,-1.8009747999999999,-1.8708787,-0.46973473,0.11727853,0.12222979,-0.9966386,0.8732253000000001,0.8641738999999999,1.2214924999999999,1.6043121,0.8958145000000001
-0.98775053,-2.6689303,0.62255585,0.24844632,0.015130595,-0.27275959999999994,-1.4042081,0.6620059,0.8111705,1.2164321000000002,1.4071575,0.8780369
-1.4069258,-1.9814668999999998,-0.59824264,-0.48942983,-0.24160556,0.42765737,-1.8025202,0.7408964,0.977434,1.2248039,1.5864458000000001,0.9295205
-1.8438071,-1.0560962999999999,-1.3947436000000002,-0.17571984,-0.7943739000000001,-0.67780566,-0.8572200000000001,0.8350868,1.0071009,1.2358031999999999,1.5095334999999999,0.93238556
-0.78612417,-0.20386307,0.50461185,-0.10709428,0.07276089999999999,0.012612033,0.11248842,0.7356434000000001,0.8879417,1.1300663,1.3608314,0.80943364
-0.92291033,-1.1812023,0.39124169999999997,-0.6849474,-0.19831507,-0.68182635,-0.094046034,0.8260343000000001,0.8935414,1.0861975,1.483115,0.8406870000000001
-2.2081642,-0.33630064,0.62255454,0.11585295,-0.55519605,-0.52969784,-0.6039008000000001,0.75090617,0.80149114,1.1257555000000001,1.3756431,0.8279844000000001
-0.97154164,-1.6358631000000001,-1.5341233,-1.6477004000000002,0.3203438,-0.10439454,-0.44156128,0.80756503,1.0816059999999998,1.2314112,1.4524186000000001,0.92668283
-1.7263944,-0.7087512,0.5648340000000001,-0.91471756,-0.57111144,-0.41976961,0.40457013,0.6092568,0.9861834,1.2494766000000002,1.2238673999999998,0.83093977
-1.2519983000000001,-2.6516194,-1.9205843,-1.3304506999999999,-0.891949,-0.71511537,-1.732559,0.93096983,0.90461385,1.2132497,1.5414952,0.93748575
-0.6531403,-2.868096,-0.9581008,-1.0387908000000001,-0.025056607999999998,-0.92942756,1.0820036,0.8873495000000001,1.0108919,1.2541518999999999,1.3788733,0.9692947000000001
-1.4555223,-0.41027529999999995,0.5730036000000001,-0.43247756,-0.7455125,0.18574245,-0.2676991,0.7578396,0.88860977,1.1582365,1.301865,0.8153138000000001
-0.8684615,-2.6900777999999996,-0.17192216,-0.61064154,0.5331826999999999,0.6127931,0.09600178,0.8553056,1.0726262,1.1478051999999999,1.3814436,0.9147312
-1.8756008999999998,-1.9676615000000002,-1.3135523999999998,-0.5541281,-0.78686726,0.052653223,0.019578952,0.94180256,0.82616484,1.2024622,1.5745924999999998,0.908323
-0.79070747,-1.0533758,-1.7491922,-1.3870913999999999,-0.93074846,0.08895708,-0.66158986,0.8384264000000001,1.0072379,1.2627378999999999,1.4685358999999998,0.92360234
-1.5401605,-1.1043323999999999,0.45608145,-0.62129205,-1.0872313999999998,0.41667706,0.52982783,0.7659205,0.9906357,1.0986701,1.3868742,0.8813810999999999
-0.5258295999999999,-0.5980081,0.5856594,-0.9811856,-1.1780937,-0.91007817,-1.765844,0.7980795,0.9318273000000001,1.1113466,1.2491151000000003,0.859828
-0.86202216,-0.7696045,-1.2777923,0.80189013,-1.0115191,-0.5680286,0.31707978,0.7926996999999999,0.98097205,1.2428108,1.5202254,0.942208
-1.0679983,-0.2530243,0.41839832,-0.40738583,0.2874689,-0.91568255,0.8009149999999999,0.76856554,0.9404584999999999,1.2091233000000001,1.2248404,0.8235173000000001
-1.046925,0.16456157,0.24852051,-0.3438962,-1.4733866000000002,-0.34728816,-0.38841116,0.6803241999999999,0.8961870000000001,1.1453655,1.4358357,0.8279627
-0.6397096999999999,-1.4569978000000001,0.4497233,-1.1075217,-0.030806612,0.384802,-1.5157628,0.73921025,0.96848536,1.1467427,1.3933936000000002,0.8659093000000001
-0.9651973,-0.6353044,0.5637825,-0.5551946,-0.031377785,-0.2716167,-0.63162434,0.7306626,0.937049,1.1763278,1.2836782,0.7958723000000001
-1.1293243999999998,-2.2502817999999998,-2.7925036,0.27631113,1.1893799999999999,0.88310075,-1.0435392,0.9746298000000001,0.9318881999999999,1.2706008999999998,1.307825,1.0
-1.7824076000000002,-1.2943505,0.21286362,0.23725489,-0.88388073,0.1282376,0.19291179,0.7911554000000001,0.9717950999999999,1.2228417,1.3926163,0.8795037
-0.7730961999999999,-2.1061845,0.46507826,-0.85282576,-1.0626202,-0.6262339,-0.38706234,0.738858,0.93946487,1.1691548,1.4128284,0.8887441999999999
-1.5362878999999998,-1.0682383999999998,0.31977752,-0.91619784,0.021575099999999996,-0.5909785,0.68519175,0.8193259,0.8690353000000001,1.1743463,1.4605201,0.844201
-2.0097766,-1.3743918,-0.1919669,0.29960752,-1.661186,-0.035139255,-1.4722508,0.9645719000000001,0.9659595,1.1220758,1.4247185,0.8553734000000001
-1.4463704,0.40977939999999996,0.39930952,0.68559223,0.17853165,0.5544286,-0.6507637,0.71503824,0.83542705,1.1949788000000001,0.9796673,0.8334311
-0.95676696,-1.3258988999999999,0.32397205,0.53191054,-0.8680059999999999,-0.8759571,0.3967652,0.81563586,0.9757206,1.1615936000000002,1.3669624,0.8828254999999999
-1.3867885,-1.4998068000000002,0.35698813,-0.30910417,0.43675587,0.6188941,0.3621043,0.8541199,0.9300562,1.1752049,1.3298638999999999,0.9046668999999999
-1.4637539,-1.3949312,0.5608683000000001,-0.31253302,-0.23986879,0.44551775,-0.619771,0.7063689999999999,0.9916973,1.1908603000000002,1.2513152,0.8515149
-1.0635271000000002,-1.245328,0.49082264,-0.3835672,-0.7680323,-0.33850399999999997,-1.0651919,0.8193832,1.0460569,1.1053716999999998,1.2034178999999998,0.84015214
-1.1471034,-1.5714438999999998,-0.3900949,-0.55266714,-0.16697332,-0.35665098,-0.3435422,0.91690606,0.9150992,1.2104746000000002,1.4817951,0.8687379000000001
-1.2642877000000001,-1.126615,0.19584215,0.33642787,-1.5178605,-0.27644396,0.52671003,0.8141401,0.8804214,1.2318733,1.4457437,0.87040746
-2.2313522999999997,-1.6016251,-1.9456528000000002,-0.61148125,-0.023184305,-0.026272997000000003,-0.89903355,0.9043571,1.0257505,1.1503775,1.5135098,0.8975955
-1.25266,-2.4650187000000003,-0.28658965,-0.8826492,-1.5987288,-1.4626181999999999,-0.8893114,0.89220035,0.93268013,1.2307293,1.471682,0.93580383
-1.0085508,-1.1956666,-2.8937585,-1.4282323000000001,0.158531,-0.0562999,-0.12399365,1.0228807,1.0341794,1.1126306000000001,1.3492266000000002,0.91840225
-1.731284,-1.4984573,-2.8183925,-0.06541245,0.6677930000000001,-0.52340704,0.07292091,0.9519484,1.068884,1.0471197,1.4748166,0.91413295
-1.8951393,-1.6733054,-2.8784872999999997,0.61271334,-0.41952166,-0.8387595999999999,0.10129647,0.7027904,0.9638908000000002,1.320318,1.5577652,0.9196643
-1.8035366999999998,0.5344479999999999,0.45259145,-0.96724415,0.16347164,0.36310529999999996,0.29057702,0.6566445,0.9143386,1.1780571000000002,-0.15993310000000002,0.78477585
-0.9989927,-0.5265778,0.25328982,-1.3798039,-0.50565326,-0.9166859,-1.6973189999999998,0.7496004,0.9338462,1.1336888,1.5133704,0.878183
-1.3771093,-2.170246,-0.18114895,-1.1435388000000002,0.4922875,-0.9610822,0.5424312,0.80028296,1.001768,1.2300723,1.4610816999999998,0.9199973
-1.6781116000000003,-0.58369476,0.70339906,-0.8694329,-0.66882235,-0.34949863,0.8286646000000001,0.82234836,0.9953486999999999,1.0658495000000001,0.8752261,0.8075324
-2.1822543,-0.3008406,0.37133482,-1.0825782,-0.76224375,-0.16899565,-0.48667952,0.8225116,0.94019794,1.1939269,1.2692198000000001,0.834506
-1.0333393,-1.9283876,-1.7213958999999999,-1.5735871000000001,-0.76883644,-0.7493498000000001,-0.08958616,0.79831666,0.9793255999999999,1.2808813000000001,1.5286965000000001,0.91379553
-1.5300467,-1.8746832999999998,0.29011276,1.0182498,-0.9057869000000001,-0.14596234,-0.71676093,0.71174026,0.93366987,1.186949,1.4946153999999998,0.84801954
-1.0671616000000002,0.37975559999999997,0.42881784,-0.018460643,-1.6586183,-1.6119027,-0.96628904,0.59948736,0.94514704,1.1077503999999998,1.2138021,0.8057291
-1.2664701,0.43854186,0.48604548,-0.21071774,-1.1436727,0.24359663,0.6280728,0.79438645,0.9496889000000001,1.0871078,-0.27661532,0.7041909000000001
-1.018415,-1.5189847,0.4928269,0.21080378,-1.1284732,-0.7627470000000001,0.16838507,0.75400645,0.9540050999999999,1.1356791000000002,1.3908936,0.86770034
-1.1440438,-1.6171323999999998,-0.9372507999999999,-0.0102521125,-1.3754114,-0.32565305,-0.43176425,0.91422635,1.0134947,1.2384313,1.397256,0.9061039000000001
-1.1414553,-2.2810770000000002,-0.20312786,0.19673246,0.43870872,-0.109456,0.6232948,0.6890265999999999,0.99968773,1.1751714,1.584678,0.8977185999999999
-1.0429375,-1.1158682,-1.7530438000000002,-0.4611009,-0.7913736,0.32473709999999995,-1.4046987,0.8318403,1.0690722,1.1835016,1.4931805,0.9330437
-1.3749465,-1.2269538999999998,-1.9532006000000002,-1.1676095,-0.7733034000000001,0.16760564,-1.2291290000000001,0.75554127,1.1351719,1.1567698999999998,1.5075923,0.92519903
-1.8762105,-0.8999997999999999,0.36755836,-1.496234,0.14700337,-0.734434,-1.6962991000000003,0.84084225,0.9701204999999999,1.0952332,1.4007413,0.8433101999999999
-1.1361957,-2.5433316,-1.2191588,-0.6940593,-0.78888065,-0.74188524,-0.29927729999999997,0.83755136,1.0218698,1.2878059,1.4342753000000001,0.91174686
-1.0741279,-2.283071,0.43653455,0.40108442,-1.0558239,-0.6672465,-0.34047043,0.8379216,0.9431151,1.1333493000000001,1.3599713,0.8756466
-1.7783473,-2.2332845,0.5510845999999999,-0.012301146,-0.044547115,-0.7591658,-0.4510875,0.80927557,0.96385115,1.1027063,1.3170239,0.85653555
-1.1341288,-2.3016374,0.41580802,-0.11049783,-0.7224043000000001,-0.56364626,-1.0334785,0.75632024,0.96800685,1.1534153,1.4223732,0.8716474
-2.1023424,-0.009052862,0.49681949999999997,-1.5856179,0.26854340000000004,-1.2360293,-0.6980045,0.8415687,0.89409393,1.1535106000000002,1.1228985,0.87918586
-1.8167488999999997,-3.075079,-0.106521524,-0.625455,0.78660166,-0.8439436,-0.09127102,0.9074734,1.0201111999999999,1.1602486,1.3777785,0.87619513
-1.8097146000000002,-2.6202145,-2.731109,-0.28900832,-0.45065773,-0.32673013,-0.012251841999999999,0.90510136,1.0397743,1.1632583,1.492424,0.9256701999999999
-0.49231499999999995,-0.54243785,0.5365251999999999,-0.3311922,0.20522167,-0.74975824,-1.490867,0.9323287,0.9658447,1.1486528999999999,0.6416223000000001,0.82513285
-0.741476,-1.7108017,0.41950548,-0.92772925,-0.60042167,-0.76852196,-0.88868797,0.7719838000000001,0.96780455,1.1470633,1.4019221000000002,0.8712622
-2.4416173,0.36321977,0.5510558000000001,0.49320109999999995,0.5079463,0.106093906,-0.43748492,0.7541378000000001,0.6842733,1.0818851999999999,1.2288959,0.8505473
-1.8711145,-1.3475635,0.4040396,-0.75912565,-0.21805325,0.39067698,-0.10614463,0.7932256999999999,0.9411914000000001,1.223201,1.318973,0.8707402
-1.0724882,-0.30949798,-0.51239616,-0.39103994,0.9174996999999999,-0.1711556,-1.0884353,0.8660969000000001,0.99718225,1.2889435,1.2452698999999998,0.8484527000000001
-1.4740753,-0.45558494,0.6281621000000001,-0.7655995,0.8574843000000001,0.23131010000000002,-0.7147258000000001,0.69646597,0.8669906999999999,1.1537447,1.320868,0.8362815
-2.0115445,-2.1730794999999996,-2.8519888,-1.4710083999999999,-1.4269292,0.18229496,-0.9584951999999999,0.75301194,1.0873991000000003,1.2205148000000001,1.5251538,0.97414523
-0.9369200999999999,-1.3309195,0.14442034,-1.5677127,-0.20801779999999997,-0.8296781999999999,0.6748659,0.8522622,1.0164258,1.0684353000000002,1.4523528,0.90800166
-0.05455389,-0.39124537,0.13289679999999998,-1.2394205,0.7206479,-1.5890476999999998,0.4069615,0.90828866,0.97141767,0.9841329,1.3546280000000002,0.8473076999999999
-1.2230594,0.250681,0.42992944,-0.3015555,-0.75098836,-0.82252467,-0.35785487,0.82665,0.8684746999999999,1.1383041999999999,1.0915983,0.7563866
-2.1699827000000003,-2.9466433999999997,0.36606687,-0.41245073,-1.380365,-1.5812951000000002,0.36666906,0.83391714,0.97942615,1.2329605,1.236392,0.8955933
-0.9011548,-1.1075331,0.56555605,-0.2235181,0.36896908,0.4560849,-0.3692154,0.73178905,0.9520135000000001,1.1170897,1.3478591,0.85833985
-2.0310202,0.40106290000000006,0.5044564,-1.2158443,-0.23816863,-0.19243339999999998,0.054245100000000004,0.8285566999999999,0.84095734,1.1212393,0.7060246,0.82656795
-2.0045830000000002,-1.7280141,0.6015899,-0.8728495000000001,-0.39261952,-0.8168829000000001,-1.0716028,0.71431714,0.9442992,1.1082591999999998,1.397022,0.8444311
-1.1924287,-1.2099975,-2.1630065,-0.53393036,-0.5511023,0.008191094,-0.67429686,1.0012889,0.9423597,1.2008671999999998,1.4126611,0.8744864999999999
-0.8643383,-1.6925182,0.38467637,0.32589558,-0.03670962,-1.6232444,-0.98049206,0.71278846,1.0180506,1.1556531,1.4023056999999999,0.89253885
-1.6550968999999998,0.16554013,0.41741908,-0.14088857,-0.40163225,-0.16355385,-0.018559182,0.8044425000000001,1.1112932,1.1072696000000002,-0.5738784,0.72857195
-1.7254788,-2.317858,-0.47176224,0.08411165,-1.3491815,-0.43623152,-0.087909475,0.86934465,1.0448207,1.209152,1.4190633,0.9226564
-0.9846295,-1.0988536,-2.8836367000000003,-0.7216686,-1.317659,0.6155023000000001,-1.3282015,0.8411099,1.0090985000000001,1.2269251,1.5068319,0.9629271999999999
-1.1894115,-1.1367592,-0.085949086,0.83618104,-0.4315602,-1.8033675999999998,-1.6594970000000002,0.8873610000000001,0.9513273999999999,1.2284408000000002,1.3841358,0.9146741
-1.0199255999999999,0.44342774,0.30892006,-0.509894,-0.51886576,0.17614520000000003,-0.5022407,0.8331761999999999,0.9400881999999999,1.0477735000000001,0.9038739,0.77144325
-0.7244638000000001,-1.9537523,-1.0593891000000002,-0.5237430000000001,0.06296669999999999,-1.0371642,-0.42413467,0.81442875,0.94972104,1.2666996000000001,1.5338821000000002,0.91253585
-1.1542157,0.31786929999999997,0.5095392,-0.7514564,-0.89992714,-0.28172812,-1.1825753,0.6838631,0.976534,1.051097,1.1119915,0.7988104
-1.467437,-1.2784543,-1.3194898000000002,-0.22690235,0.5230686,0.9619139999999999,-0.26312783,0.813496,0.91870075,1.2644819,1.5438813999999998,0.9093972
-1.2934783,-2.0794551,0.3084889,-0.52853936,0.5994728,0.34818298,-0.0068691373,0.7922383000000001,0.90944433,1.2111299,1.4222347,0.91466326
-1.5743366,-2.665855,-1.9375066000000003,0.52187175,-0.29771440000000005,-1.0564368,-1.0045601999999998,0.8661264999999999,0.9774575999999999,1.2324202,1.5215806,0.9455150999999999
-0.9987581,-1.8121942,0.5277735,-0.53925866,-0.71381986,-1.7345953,-1.6903244,0.7649234,0.8819719000000001,1.1994581,1.3694271999999998,0.8640104999999999
-0.9658287,-1.1194104999999999,-2.3951674,0.24973553,-0.04545256,-0.78636616,0.17114666,0.8162181,0.9646975,1.2891682,1.5001906,0.93118215
-0.88556534,-2.1616104,0.5043693,0.24830575,0.21526164,-1.4456441,0.37055486,0.7415911999999999,0.96546346,1.1060951,1.402836,0.86010045
-1.5053622,0.14443152,0.47287557,-0.29820117,-0.113626294,-0.23981032,-0.48702633,0.75279874,0.9178769,1.0977538999999998,1.2550106,0.78414667
-1.2258573,-2.4813602,-3.0396113,-1.0763687,-0.96892136,-0.6873745,0.35520172,0.85935724,1.0091548000000001,1.2334653999999998,1.5026246,0.93916166
-0.8937058000000001,0.40926403,0.5385185,-0.074742295,-0.77084094,0.068368144,0.53807026,0.86046016,0.8272091999999999,1.0045953,0.7929331999999999,0.7683591999999999
-2.2077205,-1.4222511,-0.5519703,0.33710808,-0.32646134,-0.43936723,-0.6902398,0.83271044,0.9215548000000001,1.2696121,1.5149462,0.8904110000000001
-0.8452235,0.37403566,0.35479316,-0.33268896,-0.57096535,-1.7926090000000001,0.44020867,0.7661859999999999,0.9490719999999999,1.1680266000000001,0.7978048000000001,0.80094564
-0.2692151,-0.09415652,0.43074492,-1.1506718,0.21464613,-0.21874204,0.85734475,0.8830790999999999,0.9637046999999999,1.1183105,0.8873619,0.7978681
-1.6765515,-0.21999681,0.41415825,0.35881045,-1.3968796,-1.1775733999999998,0.5189332,0.731085,0.9502751,1.187689,1.3093218999999998,0.83151007
-0.9114999,-1.8449601999999998,-3.0261686,-1.7214416000000001,-0.9051716000000001,-0.0027484277,-0.19323778,0.9329635000000001,0.9207827,1.1960342,1.5345573000000001,0.9316542
-1.6738988000000001,0.43986496,0.46890444,0.64967644,-0.5016825,0.5782507,-1.3376907,0.7460671999999999,0.9621324,1.1115959999999998,0.22927270000000002,0.8067906
-0.7684736999999999,-1.145942,-1.799643,0.26617917,-0.88463825,-0.1951251,-0.33422759999999996,0.8750300999999999,0.9442966999999999,1.2404162,1.5134268,0.9239586
-1.9463625,-1.4961381,0.05197663,-1.4237138,-0.88627577,-1.2143244,-0.36464134,0.91116744,0.892274,1.2014247999999998,1.4398215,0.8794788
-2.1783748,-2.5479324,-1.9770752,0.028210806,0.36099154,-1.1227089,-1.2494193,0.78931826,1.0922663000000001,1.2250916,1.478091,0.96325123
-1.2660049999999998,-2.6394386,-1.9925307,-0.0069455467,-0.0016628372,0.66229784,0.41682359999999996,0.849924,0.95801693,1.2041568999999999,1.5620341999999998,0.95017624
-1.7083921000000002,-1.5356028999999998,-1.4811728000000002,0.23596810000000001,0.8158426999999999,0.34334309999999996,-0.24395406,0.7357258000000001,0.9576921999999999,1.2443366000000002,1.5973772,0.93037957
-1.7931533,-2.2452834,-1.9571971000000001,0.29403877,-1.5550363,-0.028895222,-1.3908758999999997,0.85090744,1.0396937,1.2124169,1.4975361999999999,0.92818516
-1.8412786,-0.73210263,0.0645961,-0.5460291,-0.5686254,-0.69721895,-0.39294687,0.67028314,0.9880294,1.2569208,1.4800950000000002,0.8371413000000001
-1.433641,-3.0999138,-0.6359655,-0.93944114,0.035689957,-0.23857003,-1.1557924,0.71094424,1.1065718,1.2307888,1.4788799,0.9581052
-2.372776,0.43332613,0.42981538,-0.58923256,-0.1086683,-0.22523870000000001,-1.5163886999999998,0.76731306,0.7193364000000001,1.0619557,1.2880696000000003,0.8480601000000001
-1.5288848999999998,-1.9169861000000001,-3.3649013,0.31241947,-0.20519662,0.51437443,-0.8192276,0.97422606,0.9847415999999999,1.1426558,1.4691066000000002,0.9718981
-1.1212996000000002,-3.0068877,-2.1507560000000003,0.35030162,-0.7006903,-0.27676404,1.0152588,0.8140012,1.0286345,1.160924,1.5616828999999999,0.9671420000000001
-0.31484976,0.2976659,0.49799338,-0.7203518,-0.24890721,-0.95395756,0.121001124,0.8550017,0.7753460999999999,1.1500504999999999,0.81725585,0.7941249
-1.4515935,0.4356945,0.5127735999999999,-0.69488496,-0.8562188000000001,-0.34455663,0.13415888,0.7675906,0.9445445,1.1222328000000001,-0.32296282,0.7487351999999999
-1.3131226,-0.7196835,0.5919354,0.29334974,0.08016905,-0.45780367,-0.8427447,0.9314231,1.0063357,1.1221128999999999,0.39017168,0.8098970999999999
-1.0752827,-2.500659,-1.7764654999999998,-0.45560628,0.54935485,-1.4296358,1.8458636000000002,0.80955607,0.97469103,1.2058346000000002,1.5057545,0.9602908000000001
-1.5596397,0.37513465,0.32110757,-0.18096235,-0.57774425,-0.71732175,-0.12836978,0.6841648,0.8455565,1.2744928999999998,1.0251766,0.775361
-0.36672753,0.35161665,0.5248758000000001,-0.081423156,-1.1242393999999998,-0.4157924,-0.81581837,0.7651223,0.9059790999999999,0.9833700000000001,1.0701131000000002,0.79708165
-1.9087393,-2.7991426,-1.6138335,-0.32539216,-0.046302512000000004,-1.2307769,-0.08053771400000001,0.85129833,0.9971459,1.2550238,1.496412,0.95975244
-1.4097263999999998,-1.8375981,-0.95951563,-0.55649006,0.4760177,0.17962791,-0.66489935,0.88234335,1.0190163,1.1048886999999998,1.5496359,0.9115211999999999
-1.7032663000000001,-2.4361174,-2.1701745999999997,0.6628559,-1.085217,0.45672342,-0.5471238,0.84107405,1.0330998,1.1686572,1.5401251,0.9731168
-1.8619608,-1.5514477,-3.0378354,-0.3942659,-1.3224895,0.035025272999999996,-0.120284446,0.8934627,1.0893655,1.1830385,1.4191225,0.9571648000000001
-1.4253563999999999,-0.029125368,0.50757205,-0.9047395,-0.112348154,-0.60811496,-1.1189129999999998,0.8155256999999999,0.8998707,1.2485438999999998,0.8851760000000001,0.8083541
-0.71788824,-1.9445938000000003,-0.8310542999999999,-1.5934998,-0.48821786,-1.1095593000000001,0.72033596,0.9393562,0.9734169,1.1869755,1.4470432,0.93005043
-2.4354677000000002,-1.0087838,-2.397066,-0.2648006,-1.277277,-0.505142,-0.9788695,0.7924215,1.1497796999999998,1.176666,1.4371667,0.8677403
-1.4864899,-0.40853474,0.5521635,-1.0530623,-0.80007565,0.49057177,-0.36567876,0.62132084,0.9377025,1.1558436,1.3935232,0.84924865
-0.60378385,-1.6191168,-0.54644305,-0.34193867,-0.8686212,-0.33017004,-0.51088667,0.79147476,1.0512155,1.2179315,1.4707718,0.88989043
-0.8198966999999999,-1.3195538999999998,-2.0998092,0.066354394,-0.63690287,-1.6998806,-1.4272869,0.89597386,0.9476315999999999,1.3720317,1.2926959999999998,0.9428645
-1.8253488999999998,-0.24114959,0.38284895,-0.37902918,-0.9840594000000001,-0.78424597,1.2395969999999998,0.762357,0.82617986,1.2018360000000001,1.3913417,0.8698020000000001
-1.5314891000000002,-0.30359137,0.64741933,-0.5028404000000001,-0.61620367,-0.25452673,0.57832325,0.76708126,0.96169984,1.1745529,0.92533076,0.8150058000000001
-1.11789,-1.4269813,-0.10149111,-0.45693716,-0.62753594,0.51609075,0.009371148000000001,0.91179866,1.0591834999999998,1.2289313999999998,1.1769629,0.87441456
-1.3211297,-1.7997323,-2.095285,-0.045840252000000005,0.7031733,-0.17133221,0.8898129000000001,0.95215285,0.93497586,1.2451522,1.4147549,0.97370833
-1.1998775,0.34696627,0.55879635,0.63105863,-0.12136435,-0.62413883,0.33480906,0.82840097,0.83131486,1.1076475000000001,0.68683416,0.77051693
-1.6593813000000002,-1.8769282999999999,0.4860638,-0.03562933,-0.8679389000000001,-0.11315177,-0.48441285,0.6953826999999999,0.96570414,1.0965366,1.4802103000000002,0.8444634
-1.6081834,-1.4460285,0.44289294,0.5425886999999999,-0.9530449000000001,-0.32528844,-0.9954956,0.75291306,1.0445198,1.2406658000000002,1.1120736999999998,0.8665134
-1.2942617,-1.8637816999999999,0.69716364,-0.984135,-0.2721499,0.27152398,-1.1095197,0.7315973000000001,0.93383926,1.0506779,1.3339633999999998,0.8686792
-1.6207441,-0.8486332000000001,0.4670077,-0.50726086,-0.1500545,0.61140424,-0.5682628000000001,0.78909636,0.94591975,1.1351962,1.3610263,0.8524710999999999
-1.199659,-0.44551948,0.44473448,0.22598016,-0.28706729999999997,-0.64543325,-0.194162,0.856276,0.8496431000000001,1.1460976999999999,1.3490046,0.8204374
-0.8817666999999999,-2.6441654999999997,-1.3284963,-0.11348021,-1.4240663,1.0164535,-0.29568008,0.86142457,1.0148779,1.217529,1.4712268999999998,0.93214303
-2.5151584,0.43501899999999993,0.43665725,-0.91031677,-1.2243351999999998,0.6269076,-0.60449815,0.6558388,0.90480804,1.1165774,1.0990319,0.8721148000000001
-2.2745972,-1.9414238000000001,-1.7663294999999999,-0.2738737,-0.6086482,-0.09613209,0.43109849999999994,0.9397939000000001,0.9530844,1.2509472,1.4369135,0.9292722
-0.019763084,-0.88687485,-0.8681863999999999,0.11884798,-0.69396555,-1.1344402,-1.1537936000000002,0.8683245,0.9469564,1.1631802,1.5013995,0.91796136
-1.6278838,-0.7284046999999999,0.5171133,-0.40448114,0.12577018,-0.10358783,0.04509659,0.72549915,0.9721382,1.1119578,1.3780966000000001,0.80558306
-0.61786807,-2.8615227,0.36477709999999997,0.15785411,0.6278433000000001,-1.1241944,-1.591083,0.8210404,0.9423639000000001,1.0879393999999998,1.4464413,0.92625207
-1.437276,0.3516635,0.5268421,-0.62878156,-1.2915541000000001,-0.5880272,-0.82808304,0.7848305999999999,0.96965486,1.1299851,0.04687542,0.73442775
-1.8499174999999999,-1.3679526000000002,-0.9970379,-0.25659284,-0.9289025,-0.31765040000000005,-0.024034752000000003,0.89370817,1.0540915000000002,1.1702709999999998,1.454513,0.91820604
-1.8316828,-2.3212287,-1.683829,-1.2905586000000002,0.58743685,0.20706902,-0.16042146,0.82776004,1.0524053999999998,1.2484473999999999,1.45355,0.8903039
-1.6836046999999998,-1.2465281000000001,-1.9186830000000001,-1.3385719999999999,-0.031283873999999996,0.020476267,-0.7850843000000001,0.80000836,1.0650723,1.1574463,1.555793,0.9320864999999999
-1.0906038,0.16485348,0.6076145000000001,0.018039243,-0.60028523,-1.5177530000000001,-1.1855876,0.72027445,0.9214698,1.1000127,1.0913919,0.82962364
-0.8718523000000001,-2.2850556,-2.2529790000000003,-0.7335973000000001,0.031060332000000003,-0.028907547000000002,-0.9468179,0.8645863000000001,0.9773031999999999,1.3034204,1.4357545,0.92658097
-0.6190664,-0.16288356,-0.50190735,0.14548133,-0.83622247,0.9236241,0.19558023,0.69577336,1.0352656999999998,1.117429,1.5317428999999998,0.8542059000000001
-1.0155125,-0.022501583999999998,0.44552746,-1.0953555,-0.0759942,-0.39426255,-0.8608370999999999,0.7596261999999999,0.8683360999999999,1.1850889999999998,1.2985294,0.79233515
-1.5935749,-1.7997668000000002,0.23850703,-0.10760529,0.026585896,-0.53584146,-0.23890655,0.81729585,0.9731915999999999,1.2364066999999999,1.3431373,0.84747905
-1.6704915,0.3252629,0.5726576999999999,0.026393319,-0.5077039000000001,-1.1842971000000002,0.37697804,0.84361607,0.8002309,1.1733378,0.35919875,0.7658630999999999
-1.455331,-1.2972065000000002,0.5165860999999999,-0.17144018,-1.2576517,-0.014364907,-1.2442517,0.8316289000000001,0.93215567,1.128923,1.3222068999999999,0.86462104
-1.219323,-1.7970004000000002,-1.6151768,-0.55151105,0.050752148,-0.12441053,-0.53724676,0.9649610000000001,0.97584784,1.2024397,1.4332856,0.8900734
-1.0155116,-2.0413892,-1.3207083999999998,0.17571974,0.26784736,-1.4226866000000002,0.52427006,0.80488753,0.8543963,1.2762091999999998,1.5957062,0.9314763
-2.0500343,-1.7624128000000001,-1.5638372,0.27355123,0.6373148,-0.7566238000000001,-1.670173,0.8752768,0.9432181000000001,1.1867292999999999,1.5704205,0.9538254999999999
-2.0374463,-0.15972957,0.5001243,-1.3203323999999999,-0.23137547,0.5329979,-0.19592117,0.8944323000000001,1.0386903,1.1280463,0.38102633,0.8231333000000001
-2.2281213,0.5082274,0.31793728,-0.49616182,-0.27757654,-0.8406591999999998,-0.52175075,0.6668155,0.9147879000000001,1.0953194,1.1300702,0.8291582000000001
-1.6524032,-2.4029446,0.5986619000000001,-0.73327243,0.009562761,1.2015593,-0.21909131,0.8475248,0.9317424999999999,1.0848511,1.2117031999999999,0.87772864
-1.1321782,-1.4549732,0.102278695,0.23009932,-1.428559,-0.19685394,0.06880025599999999,0.87890923,1.0381601,1.1467791,1.3377945,0.8816075999999999
-0.9979452,-0.46638679999999993,0.44348000000000004,0.24898084,-0.2348183,0.22609138,-0.12393013,0.8123581999999999,0.86204714,1.1549061999999999,1.3748907,0.8164760999999999
-1.2800791999999999,0.26699448,0.36411962,-0.17390108,-1.0152613000000001,-0.63620347,-1.1327486999999998,0.6551878000000001,0.97425634,1.1862911,1.1547653999999998,0.7995943
-1.0679214,-1.5309793,-1.3344068999999998,-0.46292147,-0.96575785,-0.03331643,-0.77347493,0.89459336,0.87060046,1.3173723999999998,1.4714351,0.8909296
-1.792432,-2.352551,-0.45329034,0.5237977,0.17931145,-0.62320304,-0.48685724,0.8227399999999999,0.8682216999999999,1.32241,1.4887902,0.91279376
-1.0626284,0.42966499999999996,0.41220394,-1.2998481000000002,0.16988301,-1.6011296999999998,0.7134399,0.72871494,1.0089626,1.1287221,0.12913798,0.7684612
-1.8237834,-0.93927735,-1.5899674,0.17086902,0.17045353,0.088809304,-1.8288256999999999,0.83649284,0.971607,1.2500341,1.5158539,0.9217443000000001
-0.8479983,0.16774032,0.35965693,-0.098020904,-0.5000067,-1.2646754999999998,-0.18721429999999997,0.7495255,0.9386405000000001,1.1145756000000002,1.2815834,0.79891163
-1.0702295,0.1433448,0.5249344,-0.6658691,-0.8530735,-0.38996729999999996,-0.83004975,0.8061263000000001,0.9817860999999999,1.1297106000000001,0.80249155,0.787669
-1.5859861000000002,-0.3161639,0.53009826,-0.028223038,-0.07093202,-0.34357384,-1.2791489,0.8433466000000001,0.7930078,1.1337761,1.3465040000000001,0.81539583
-2.064237,0.26247209999999993,0.47297263,-1.3511738000000002,0.20229015,-0.04012392,-0.19687128,0.7585694000000001,0.8251715000000001,1.0746195,1.3018948000000001,0.8125425999999999
-1.0404898,-0.23616914,0.5459788000000001,-0.33497885,-0.1860914,-1.0062201,-0.05810953,0.82079715,0.8944969000000002,1.1561487,1.1857387,0.79082596
-0.64984816,-2.1985676,-1.5369568,0.43538679999999996,0.6273770000000001,-1.2643585,-0.84511924,0.82164246,1.0025584,1.263072,1.4774868,0.92400837
-1.4832604999999999,-1.6050327,-1.8188705000000003,0.12510842,-1.3159199,-0.8695149999999999,0.9478901,0.85779613,0.9722394,1.2336816000000002,1.5165286,0.9626514000000002
-1.4336214,-1.5657257,-2.8431467999999995,-1.4988052,-0.43176433,0.26994374,-0.13820364,0.7392342,1.085875,1.3133336000000002,1.4142846000000002,0.94796175
-0.9482584999999999,-0.09168893,0.5058768,-1.4512476,-0.47683334,-0.7370025,0.5198286,0.67303216,0.90327346,1.2106742,1.2741209999999998,0.8067052
-0.25455514,0.35407957,0.44336359999999997,0.058591705,0.2610362,0.59173,-1.7709012,0.7917719,0.79571766,1.0415235999999999,1.1639034,0.7879095
-0.88763124,-1.6775335999999998,0.5338371000000001,-0.8032483,-0.053785432,0.22423497,-1.4732983999999998,0.8823338,0.9927806999999998,1.1693399,0.97083557,0.8806323
-0.6330821,-1.4704916000000001,-1.8419828,-0.56935304,-1.2783463,-0.16027851,0.18895306,0.88135296,1.0015675,1.227336,1.4701947,0.9205204
-2.4847436000000003,0.34092855,0.44005412,-1.5379448,-0.7530800999999999,0.44003248,-0.5714566,0.6584151,0.9205964,1.0802903,1.2577667,0.8507646999999999
-0.88716316,-2.5349654999999998,-0.46739319999999995,-0.46036014,-1.5242278999999999,0.7422009,-0.09611217,0.91603297,0.94815725,1.1981828,1.4611266,0.9465210999999999
-1.2212906000000001,-0.29381338,0.38047659999999994,-0.7981393,-0.22362405,-1.4529281,-0.95004374,0.7965009,0.97001743,1.1041775,1.3692790000000001,0.822717
-2.3229146000000003,-1.7478706000000002,0.48297328,0.15482062,-0.71609795,-1.7314088,-1.1593949,0.77176213,0.977671,1.1732557,1.3239961,0.8834812
-1.6504991000000002,-2.0141242,-3.2066462000000002,0.64265466,0.44667774,-1.5973309,-1.1643424999999998,0.8685031999999999,1.031304,1.2394421999999998,1.4491677,0.9501863000000002
-2.0611490000000003,-1.5794282,-1.4234474,0.18665968,-0.2886973,-1.2982316999999999,0.43584290000000003,0.91320467,1.1014542999999999,1.1725611999999999,1.3639195,0.9407847
-1.3759979,-1.5835962,-1.9704576,-1.16466,0.39211490000000004,0.8230153,-1.0958115,0.8628078000000001,1.0175792,1.211945,1.4885763,0.95997566
-1.9840236,-2.347055,-0.008035447,0.48228085,0.46339977,-0.37819085,-0.47303903,0.88497907,0.9402425999999999,1.1960093,1.4333402,0.91328627
-0.6444873999999999,0.28048423,0.42314880000000005,-1.0246671,0.21791375,-0.9695635,0.67144305,0.7864034000000001,1.0264069,1.1180636999999998,0.43498823,0.7908356
-1.2638896000000002,-1.1039902,0.35716474,-0.17267382,-0.0067933644,-0.38033998,0.6617826,0.65496826,1.0633489,1.1341386,1.4112312,0.82037115
-1.8080923999999998,-1.1720016000000002,0.56910044,-0.7838535,0.7882489,0.66153556,-0.89423704,0.85355645,1.0259457,1.1737844,0.72581744,0.82766867
-1.7298326000000002,-0.8681363999999999,0.39376608,-0.20625497,-0.42204618,-0.40426707,0.47252095,0.73306453,0.9967264000000001,1.1282752,1.4199445,0.8282729
-1.235711,-1.8503667000000001,-0.09949521,-0.38158885,0.2129384,-0.6098005999999999,-0.23450606,0.7503781999999999,1.0239825,1.1520468000000001,1.5428659,0.8557528
-0.8159187,-1.0347145,-0.9258834,-1.4683758,-0.45520487,0.5310648,-0.59121525,0.7900834,1.0241787,1.2766737,1.4502162,0.93177503
-1.173574,-1.3752681999999998,-1.4859626,-1.1418631000000001,-9.2049915e-05,-0.27361804,-0.07753380000000001,0.8803472999999999,0.88868403,1.2610246,1.5391034,0.9168361999999999
-1.5735121,-2.7159927,-1.6076468000000002,0.41011590000000003,-0.25705186,-1.8310368000000001,-0.60364646,0.8349146000000001,1.1276597,1.1408445,1.4646866000000003,0.9302524999999999
-1.9267063000000002,-0.06169636,0.45990264,-0.4858438,-1.5319386000000002,-0.83747107,-0.88873965,0.71094483,0.8546278,1.1455563999999998,1.4251499,0.8371636999999998
-2.1102026,-1.6755488,-0.16634914,-0.007941887,-0.058590163,-0.5416498000000001,-0.26857322,0.7782960999999999,1.0314144,1.2950406,1.3646308,0.88933355
-1.5360448,-3.0789883,-2.7530832000000003,-1.7037275,-0.7431318,-1.8140673999999999,-1.5201744,0.8898475,1.0302305,1.2446555000000001,1.4448341999999998,0.9875546999999999
-1.4969807,-0.28257868,0.6942805999999999,-0.7551019,-0.47708324,-0.12199256,-0.6919616999999999,0.70513314,0.94302607,1.0963791999999999,1.1901382,0.7959769
-1.5482248,-1.9208758000000001,-2.7328405,0.17803866,-0.406604,-1.3603016,-1.1378955,0.7559551,1.0781131000000002,1.2262986,1.5247487,0.9671759
-0.8260236999999999,-1.2657423,-1.7753976999999999,0.21323463,0.3126281,-0.6690315,-0.8506466999999999,0.792662,0.9865573000000001,1.2101396,1.576267,0.93152034
-1.4148592,-2.5625324000000003,-2.9037054,0.32962140000000006,0.16149811,-1.0086883,0.057408597,0.8463951999999999,0.8430904,1.3240944,1.5376458999999998,0.9460801999999999
-2.3207150000000003,-0.88241804,0.37033597,-0.20098716,-0.50635815,-0.9689441999999999,-0.830167,0.85309803,0.92882365,1.1401803,1.3858483999999998,0.86680406
-1.5199049,-2.1803632,-1.6300155,0.032881732999999996,-0.43062097,0.727543,-0.27241737,0.8553409,0.9541861999999999,1.2651461000000002,1.5045868999999998,0.9225141
-1.7341357,-0.7590166,0.4317103,-0.69902647,-0.28092328,0.9589200999999999,-1.4400944,0.7763118,0.99659663,1.1211581,1.3346251,0.8444058000000001
-2.0779137999999997,-2.0129135,0.114231296,-0.9279924,-0.82413214,0.45801014,-0.8170586,0.8235761,1.0023057,1.1786125,1.4295284,0.8394881999999999
-1.2302476999999998,-0.6287995,0.4836603,-0.21954028,-0.84385765,-0.07987025,-1.6918995,0.85865116,0.92076826,1.155743,1.2459489,0.8504259
-2.0320675,-1.6515987,0.30758002,-0.65347064,-1.1809372999999999,-0.008332572,-0.3841719,0.84208125,0.9320401,1.1610316999999999,1.4253677,0.878376
-1.315366,-1.6877619,-0.8028899,0.19873217,-0.59048617,-0.4856022,0.35811913,0.8508416999999999,1.0652938,1.2023036,1.4384857,0.90679556
-1.6921345,-2.5143201,-0.5959926999999999,-0.43369973,0.66254145,-0.80355316,0.30392784,0.8704521000000001,0.9337610000000001,1.2885183,1.4410008,0.93646306
-0.8262666,-0.6363287,0.52572554,-0.643027,0.55353576,0.10773063,-0.42516324,0.8125762,0.9400790000000001,1.1271312,1.2583027,0.8242115
-0.71223587,-2.78052,-1.5591186000000001,0.03745823,0.44338614,-0.18719234,-0.12680036,0.8077907,1.0664263999999999,1.2235011,1.470085,0.93598115
-1.4902538,-0.9794103000000001,-1.6795818999999998,0.66811967,-1.7013884,-0.2813184,-0.39729240000000005,0.8467530000000001,1.0286167,1.2805818000000002,1.4040133999999997,0.8902652
-1.2013413999999998,-2.9845154,-1.96585,1.1581601000000001,0.99766266,0.21058762,1.4748925,0.85226,0.89735365,1.2456572,1.4843283,0.9562905
-0.07128538,0.19826297,0.38806382,0.73323405,-0.32848677,0.23944509,-0.35360092,0.7416053000000001,0.88264465,1.0619053999999999,1.2542434,0.7906229
-1.4515133999999998,-0.6955011999999999,0.44373798,-0.21371838,-1.5635544,-0.81908184,-0.7003151999999999,0.747942,0.75211567,1.1441597,1.5536351000000002,0.86219674
-0.90065664,-2.6589202999999997,0.52564865,-1.1747086000000002,-0.83342826,-0.5884944999999999,0.6101024,0.7174095,0.9169395,1.18907,1.3809588,0.8815122
-0.7642188,-1.4907838,0.060768607999999995,-0.29006702,-0.31119052,-1.3959668,-0.23623562,0.8287308000000001,0.9336689,1.0810525,1.5696353,0.8722469
-1.8618073,0.035927854,0.35096148,-0.045191996,0.102263235,0.28562412,-0.012547043999999999,0.89849067,0.91958433,1.0852282,1.1867338,0.8077615
-2.5141845000000003,-2.0375342,0.36033818,-0.08150545,-1.150121,-0.27349398,0.3004506,0.8377771999999999,0.9568671999999999,1.1845226,1.3401777,0.9076273000000001
-2.0016756,-0.9960611999999999,-0.04080405,-0.9699460999999999,-1.2921692,-0.33242059999999996,-0.53727305,0.80110055,0.9690409999999999,1.1976428999999997,1.5023822,0.8635625
-0.6764814,-0.17948808,0.62357277,-1.3310161,0.8819545,-1.5847476999999999,-1.7686473000000003,0.69307584,0.84633666,1.0521061,1.3930388999999999,0.8062288000000001
-1.9323252,-1.33778,-0.14565113,0.11496357,-0.7011381,-0.69453144,-0.54175687,0.9251233,0.9563254999999999,1.1828073000000001,1.4227661,0.8916181999999999
-0.6239351,-1.2654344,-0.44448137,-0.9837594000000001,1.174791,-0.77983314,0.6758903,0.7609429,0.96000105,1.2635836999999999,1.4827609,0.91260093
-1.5879158000000002,-0.78872347,-0.59840643,-1.6137111000000002,-0.43296090000000004,-1.1935078000000001,-1.2599431,0.7883256999999999,0.97667783,1.2153698,1.5552708999999998,0.9084508
-1.8525438000000003,-1.9898683000000001,0.17133810000000002,-0.5566154000000001,-0.9508554,-0.41526213,-0.5504603,0.7708482,0.84998804,1.2690711000000001,1.5015767,0.8798341000000001
-2.347526,0.008013495,0.51582325,0.68066686,0.648126,-0.15292247,-1.1686908,0.64315563,0.8302199,1.1449565000000002,1.402372,0.86293334
-0.8367266,-1.4776318000000002,-1.311231,-1.2375023,-0.46611893,0.034215987,0.024624381,0.90188974,0.9368877,1.3179469,1.3899614,0.94453406
-1.5125737,-2.1734502,-1.4689853000000002,0.19733202,-0.7513207,-0.13207105,-1.8106220000000002,0.8453678,1.0462608,1.3006598,1.3758434,0.94290584
-1.747238,-1.5718045,-1.8768915000000002,0.54601413,-0.028169147999999998,-0.5102346999999999,-1.6181523000000002,0.9410969000000001,0.9491094999999999,1.2395421999999998,1.4487793,0.95640326
-1.377162,-2.9100616,-3.2522242,-1.4028316,-1.0276603000000002,-0.15100063,-1.1713027,0.9575091,1.0259502,1.1130662,1.4919056999999998,0.9994129
-1.2818463,-2.4798267000000003,-3.3870282,-0.27756006,0.50622815,-1.2272133,-0.5158477,0.8941096,0.8661084000000001,1.2708253999999999,1.5413085,0.9373992
-1.7027237000000002,-2.7464882999999998,-1.8640323,-0.1987867,0.49607038,-1.1623193,-0.91702694,0.86170137,0.9347351999999999,1.1926516,1.592897,0.94017166
-0.31958237,-0.025656926,0.77346677,0.11348446,-0.9082696,0.103906594,0.05859273,0.6703395999999999,0.9620780000000001,1.0832586000000002,0.5807213999999999,0.76531625
-1.1771436000000002,-1.5602947,-2.3325424,-0.57140183,-0.41899788,-0.26563000000000003,-0.48275054,0.8767924000000001,1.0750126,1.2085317,1.4287118,0.8600338
-1.9703572,-0.6322346999999999,0.5181692,0.2122351,0.5290766,-0.38900074,-1.5568608999999998,0.8246449,0.8928314,1.1865308,1.2417681999999999,0.84907657
-1.9207300999999999,0.2777058,0.38538823,-1.3863053,0.3826704,-0.17208895,-1.4360108,0.79849595,0.84678715,1.0596983,1.306871,0.83836794
-1.4828055,-0.9237405000000001,0.52578706,-0.36759509999999995,-0.04194935,-0.6694956,0.5209109000000001,0.71850663,0.8420138,1.2200634,1.3952098,0.83095616
-2.148707,0.33770677,0.44358125,-0.8060183000000001,-0.112166114,-1.2670493999999999,-0.092951305,0.8853209999999999,0.87200433,1.0827773,0.85900223,0.83994114
-2.0936754,-0.08786256,0.5315353,-0.50959074,-0.5387509,-0.4855724,0.3079739,0.6808702,1.0175705,1.0560287,1.2924895,0.81138366
-0.8810326999999999,-1.7003384999999998,-2.5439255000000003,-1.1635318000000001,-0.6066739000000001,-0.20856495,-0.22222961,0.67915887,1.151628,1.2605242,1.4325742,0.91721463
-1.7696421000000002,-1.5984393,-0.5008844,-0.40006092,0.25609413,-0.040485967000000005,-1.1429837,0.7394901999999999,1.1147177,1.0762403999999999,1.558311,0.93937874
-1.229267,-0.59677976,0.5217662000000001,0.4118630999999999,-0.5122026,-0.39261809999999997,-0.9540379000000001,0.83638823,0.8733586,1.1479201,1.3028678999999999,0.83839446
-1.4215292,0.37004426,0.49410808,-1.1704408000000002,-1.3739026,-0.38041583,-0.25036728,0.7170846,0.9256770000000001,1.1005263,1.0235235999999999,0.8358764999999999
-1.0790507,-2.3051105,0.44593087,-1.4980938,-1.6275765,-1.610074,-0.935506,0.8779735000000001,0.91425365,1.0891505,1.3936761999999998,0.9132484000000001
-0.74762905,-0.20126258,0.54675454,-0.27533185,-0.06318921599999999,-1.2654219,0.5359771,0.7685156,0.9053998,1.0996178,1.2979578,0.8340019000000001
-0.8073895999999999,0.45219284,0.5141777,0.12797962,-0.8365045,-0.12655842,-0.023110116,0.6517021,0.87731755,1.1150169,0.9754594000000001,0.78348136
-1.1584678999999998,-2.0500786,-1.3503174999999998,-1.5573788,-0.41597927,-0.18576299,0.43158950000000007,0.91967076,1.0019767,1.2580805,1.3902702,0.9510890999999999
-1.4584645,0.15062891,0.3983423,-0.09847186,-0.5546781999999999,-0.023417942,0.40139195,0.76520944,0.9284624,1.1117496,1.257608,0.80459744
-2.331572,-2.0897787,-1.8709354,-0.06144025,0.04373904,-1.020559,-0.04051267,0.70210534,1.0697727,1.2649069,1.5265608999999998,0.9353834999999999
-0.43856490000000004,-1.4865963,-0.62765336,-0.9269831000000001,0.6510412,-0.5118523,-0.100611895,0.80732137,0.9897282,1.2337041000000002,1.4897408,0.90265834
-1.6814988000000002,-1.8747131999999997,0.2702603,0.70436484,-0.29090658,-0.9789228000000001,0.20502436,0.7318408000000001,0.93833137,1.1420086999999999,1.5321132,0.9031068000000001
-0.91798925,-1.3335991000000003,-2.5314605,-0.23641288,-0.0075515867000000006,-0.35803223,0.5372554,0.8251919,0.90847206,1.2480725000000001,1.5797583999999998,0.91323346
-1.2298046,-0.7786163,0.058617048,0.815131,-0.9972723,-0.7062584,-0.97115916,0.8229126,1.1421132,1.046843,1.3179166000000002,0.8411844999999999
-1.4270655,-1.4352168,-0.45527998,0.093158714,-1.4090791,0.58910936,-0.16180253,0.864303,0.83732635,1.281496,1.5140744,0.8848659999999999
-0.9940902,-1.2526853999999998,-2.32743,-1.0638707,0.6140268,0.15726979,-0.788488,0.964291,0.92710024,1.1900183000000002,1.4802333,0.9326802
-1.8990445,-2.7170544,-1.7352396,-0.5698335,0.43090808,-1.4577508,-0.41906142,0.86209106,1.002825,1.2880428,1.4363563999999998,0.93354976
-1.175041,0.21672559,0.40715078,0.13566284,-0.09688759,-0.6212578000000001,-0.9022973,0.81690335,0.90812427,1.1604799,1.0416623,0.77606684
-2.4543424,-0.54054517,0.51861554,-0.28283270000000005,0.1285406,-0.019003235,-0.8995764999999999,0.790752,0.97274655,1.1441958,1.2408421,0.8381678
-0.9995629999999999,-0.70487666,0.49895534,-0.2503531,-0.44068328,0.33138275,-1.8110081000000002,0.9414634,0.96497434,1.2315919,0.11060171,0.83132136
-2.1522968,0.4167116,0.5656161999999999,0.20515312,-1.5174322,-0.79332066,-0.06577718,0.69583005,0.9138453000000001,1.1828742,-0.045474275999999994,0.7452694999999999
-1.1181682,-1.2374352,0.44301748,0.06035501,0.33836526,-0.6176281,-0.71474487,0.8238802,0.9348716999999999,1.0778052,1.4235944,0.84815
-1.6511682,0.30625772,0.62758076,-0.59583306,1.4074625,-0.27449965,-0.7396857,0.8229883,0.8359892,1.0890488999999999,0.16722134,0.78536403
-0.6791085,-0.9482663,-0.86587894,-0.9169695999999999,-0.2639889,-0.40141854,-1.2837763999999998,0.7821263,1.0849832,1.1925336000000002,1.4771731000000001,0.9272693000000001
-1.7800596999999998,-2.3723772000000003,-1.6412894,-1.0945693,-0.798439,0.32040244,-1.0142541999999999,0.8970391,1.0799003,1.0915741,1.5071716,0.9502879000000001
-0.8187679,0.34317827,0.58248806,-1.6039495000000001,0.5923808,-0.89769614,1.1223161,0.7625268,0.94734126,1.082425,-0.053356905,0.74159557
-1.2548827,-1.4291767,0.5027865,-0.95545465,-1.4183649,0.8327023000000001,0.29864877,0.8133465999999999,0.8783786,1.1017339,1.4175539,0.8810943000000001
-0.9905184000000001,-2.9807189999999997,-0.028933076000000002,0.123824954,-0.60517347,-0.6640875,-0.20952761,0.8231845999999999,0.91273654,1.2405738000000002,1.4877013000000001,0.86156756
-1.1338483,-2.4379504,-1.3585058,0.27326614,-0.16173641,-0.2011214,-0.8749689,0.73572046,0.98363197,1.3553568999999999,1.4667226999999998,0.8968805000000001
-1.3279637,-1.1862409,-1.8925456999999999,-0.62218577,-0.63004375,-0.8943073,-0.56834126,0.9583277,1.0190984,1.1629086000000002,1.4386617,0.9069476000000001
-1.4887858999999999,-0.61828846,0.5012147,-1.2907274,-0.7318243000000001,0.7415158000000001,0.23332393,0.757838,0.91972953,1.1115001,1.3976839,0.8211065999999999
-1.6166136999999998,-0.19814336,0.5032045999999999,-1.2931211999999999,-0.040900145,0.21984938,-0.44043142,0.7355571999999999,0.9409450999999999,1.0895177,1.3662893,0.81660926
-0.8764626,-1.298214,-0.2588656,0.028574739,0.38585937,0.41303712,-0.26934728,0.9122874,0.9700555000000001,1.2156646,1.3781896,0.86394054
-1.2154607,-0.9618437,0.5051717,-1.0211550999999999,0.20125905,0.5171892,-0.8702738000000001,0.72102433,1.0426733,1.0932732,1.3178058000000001,0.868058
-1.404012,-1.1130809,-0.43274880000000004,-0.738985,0.45686507,0.30385372,0.46420600000000006,0.7781349,1.0374060999999999,1.1959703000000002,1.4970677,0.88658535
-1.3376871000000001,-1.7686678,-2.38706,-0.9625322000000001,-0.54176956,-1.8290693999999998,0.9239484,0.8373877000000001,1.0083621999999999,1.2491383999999999,1.4933973999999999,0.98049647
-1.7373233000000001,-1.5956081,0.028390598,-0.38900957,-0.33013412,0.5168463,0.6683734,0.8473622,0.91878146,1.2063454,1.4656833,0.90476835
-0.6109085,-1.0303471,0.18794149999999998,-0.89105916,-0.016038873999999998,0.020537758,0.48918873,0.6665496999999999,0.9423822000000001,1.2505723,1.4760588,0.8508466999999998
-1.9003458999999998,-0.2797739,0.49493869999999995,-1.2517197,-1.1961011000000001,-0.8698822,0.052072532000000005,0.6721010000000001,0.8095719,1.1886643999999997,1.4661667,0.8347581000000001
-1.8782383000000002,0.35418215,0.51577747,-1.3339326,-0.85701865,-0.8005643,0.22882614,0.77661556,0.8598853999999999,1.2318356000000001,0.16722351,0.7909621
-1.0274132,-2.8095636,-1.1310084999999999,-0.6544512,-0.33389133,0.9073806999999999,0.25734508,0.8226128,1.0083581,1.2479837999999999,1.4822779,0.91129637
-1.2220052,-2.3530157000000003,0.33032313,-0.20441857,-0.44473544,0.013279643,-0.9736577,0.8891484000000001,0.8811983,1.1018177,1.4582680000000001,0.8727699000000001
-2.2321656,-1.9446607,-1.3155694,-1.5162833999999998,0.32065392,-0.5379252,-1.1911249,0.87645495,1.0317385000000001,1.2475406,1.4330617,0.9323763
-0.8133220999999999,-0.80588746,-0.6670946,-0.25976983,0.22047296,-0.880084,-0.12804469999999998,0.8241821,1.0098618000000001,1.2255559999999999,1.4715573,0.8953703000000002
-1.0378456,-1.9978577000000002,-2.1467047000000004,-0.57258385,0.9735026,0.15037481,0.9599254999999999,0.8355478000000001,0.9064532,1.3141903,1.4748968999999998,0.9640864
-1.183123,0.48465657,0.43963632,-1.4062683999999999,-1.0654908,-0.95778495,0.60419476,0.7942216,0.8108589,1.1833018999999998,0.3991417,0.805012
-2.4849696,-0.92510134,0.10851936,-1.402601,0.1650215,0.42063695,-0.29755053,0.78780544,0.99520624,1.1736303999999997,1.4564471,0.8230835999999999
-1.6467907,-1.6913984,-0.16042818,-0.25794467,-1.508689,0.6028007,-0.7529618,0.8252371,1.0217575,1.1944962,1.4535738,0.92042136
-1.9476429,-0.26302823,0.62050736,-0.7172215999999999,-0.6952434000000001,0.6130529,-0.7364461999999999,0.78343624,0.9450492,1.1942078999999999,0.92191666,0.8514620999999999
-0.73636603,-1.1709200000000002,-1.9767629,-0.89227927,0.44421166,-0.15555865,0.34124276,0.8471671000000001,0.9814293,1.2846386,1.4484955,0.9355722
-0.29704088,-1.1165321000000001,-2.9987612,0.19245869,-1.5325744,1.2336665,-1.0698943,0.8411582000000001,1.0102874,1.2941171999999999,1.3411881,0.9229265999999999
-0.36939675,0.43029209999999996,0.53704584,0.5657904,0.35656965,-0.08207015,-1.189834,0.67546916,0.8264123,1.0891751,1.0031763,0.8054809
-0.96885204,-1.5101876,-2.0458689999999997,-0.026669428,-0.52712244,-0.43201944,-0.27747053,0.89281017,1.0728897,1.1671813999999998,1.4486831,0.8778649
-1.1164318000000002,-0.41404146,0.4495365,0.5295723000000001,0.22584462,-0.4029679,0.39965009999999995,0.68903905,0.9002398000000001,1.2044489,1.3814311000000001,0.8167206
-1.1457442,0.14644507,0.44910118,-0.9564166999999999,-0.6438155,0.43103185,-0.84445924,0.71649086,0.8370703000000002,1.079672,1.4120706,0.8064566999999999
-1.3232073999999998,-1.7085835999999999,0.46386147,-0.5191777,-0.5373901999999999,-0.6764427,-1.1743888,0.7916584,0.98208505,1.1818225,1.295496,0.8502605999999999
-0.8479155,-0.96092427,-3.5907607000000006,-0.4077637,-0.51711255,-0.44107250000000003,-1.5361117,0.93010545,1.1437416,1.1452241,1.2827426000000002,0.949627
-1.6973394,-2.6145186000000002,-1.9265703999999997,-0.71199036,-0.011904363999999999,-0.13584009,-1.0369266,0.8949365,0.95149404,1.2439786,1.5093765,0.91793984
-1.0629455,-2.1482034,0.37760115,0.17823966,0.009792334,-0.7805885,-0.68633074,0.789095,0.8924190000000001,1.2106763,1.4177625,0.8896115
-1.6982538,-0.9253799000000001,-3.069152,-0.21237753,-1.4306957,0.44844744,0.3930366,0.82270634,1.025925,1.2212211000000002,1.5073885,0.9207525
