g2,g3,g4,g1,g5,g6,g7,g8,PseudoTime
-0.95469797,-0.026915442,-0.14707257,0.109615386,1.8677753000000001,-0.97473645,0.04007905,0.62360835,0.4279519
-1.9461567,-0.6448722,-1.3492076000000002,-1.411728,1.9373398999999998,-0.9622845,-0.6862761,0.5587251,0.5222067
-0.79660624,0.15174939999999998,0.26068389999999997,-0.3650369,0.9302315000000001,-0.22734472,-0.51224345,1.1998718000000002,0.35982513
-1.0953888,-0.37267659999999997,0.28943297,0.17627911,1.900795,-1.4998586999999999,-0.08652881,0.5654278,0.4534037
-0.14097205,-0.49870735,-0.99206036,-1.3251297,-0.034534577000000004,-0.4646478,8.667922500000001e-05,1.2612733,0.3730358
0.9596756,1.0496413,-1.0263472,0.6443191,1.5915427,-0.45116827,-0.8071335,-0.08041496599999999,0.5171495
-1.3028593000000002,1.0343804,0.55540437,-0.580951,1.7439921000000003,-0.40837428,-0.5853813,0.4686263,0.44203082
0.90921676,1.076697,-0.29140374,-0.11771381,1.5491434,-1.093759,-0.98839027,0.26341113,0.48528649999999995
-0.30000252,-1.7939768,-0.092212215,-0.58268344,2.0108026999999997,-0.3613119,-0.77341187,0.26829776,0.47060812
0.9674775,1.0820206,-1.0549369,0.031354476,1.6381417999999999,-0.7963521,-1.8295069,-0.023395678,0.5522325
-1.1602062,-0.42215690000000006,-0.120659925,-0.4978112,1.8655406000000003,-0.89555556,-0.39289376,0.6963268,0.430421
0.7740199999999999,1.1537578000000002,0.29397547,-0.98022294,1.4464055,-1.5267249,-1.7635667000000002,0.4147594,0.5002369000000001
-0.35815468,-0.86176497,0.28387246,0.45242998,1.6826371,-0.31857014,0.21271335,0.8430687,0.4375991
1.0111546999999999,1.0921586,-0.48061073,-0.5580484,1.5464854,-0.3919083,-0.9762129,0.08496189,0.5108242999999999
-1.5890117,-1.0390936,-0.33498259999999996,-0.7084372,1.9169063999999998,-0.70699954,-1.3462318000000002,0.60860103,0.50717926
-1.1011077,-0.20562033,0.7612281999999999,-1.0438812,0.11249281,-1.0359392,0.18323503,1.2471731000000001,0.35972372
-1.5953685,-0.07816203,0.8401675,-0.32613692,1.9105578999999997,-1.7369044999999999,-0.34440994,0.5434869999999999,0.46133274
-0.16279644,0.6830799,0.09719144,-1.0018373999999999,1.9019907999999999,-1.2725347,-1.0272364999999999,0.40392873,0.4576298
-2.2159617000000003,-1.8206593,-0.0068999375,0.038804527000000005,1.8657647000000002,-0.6353766,-0.8698667999999999,0.6897161,0.52343684
0.9756974,1.0605175,0.42911103,-0.7544423000000001,1.6907136000000003,-1.2881566,-0.3601197,-0.12159628,0.49586418
-0.39829668,-1.9734828000000002,0.38958275,-0.517721,1.8483803,-0.99183786,-0.99205995,0.726437,0.48960134
0.53979963,0.33120109999999997,-0.78624165,-1.8217176,1.8540566000000003,-0.641551,-0.17085773,0.49551287,0.4744145
-0.85059494,-0.44232398,-0.26421659999999997,-1.6771837,1.8688711,-0.40086752,-1.2904379,0.6964594,0.49376494
-1.0508931000000001,-1.7918279,-0.90767956,-0.61633855,0.57994044,-0.81992096,-0.5201292000000001,1.2729625,0.42562047
-0.6959449000000001,0.7436255,-0.7927896,0.18217361,1.8115263,-0.40164099999999997,0.032900658,0.52954507,0.42629865
0.99808306,0.98319846,-0.17701647,0.7432460999999999,1.5594041,-1.3729898999999999,-0.36387238,-0.04494209,0.5195152
0.46309677,1.1285025,-0.82961804,-1.2861624,1.7393942,-0.66801906,-0.87596893,0.20522258,0.49347147
-1.3006431999999999,-0.30103296,0.56603295,-1.8946146000000001,1.9014113000000001,-0.41922134,-1.4253183999999999,0.60917836,0.49367985
-0.2632009,-1.8110373,0.52000576,-0.20316605,0.70893633,-1.5974971000000002,-0.26865643,1.2389162,0.48298237
-2.0807740000000003,0.06707696,0.85308903,-0.7895835,1.8425547999999998,-0.69814426,-0.550403,0.6860725999999999,0.48020947
-1.0801040000000002,1.0450279,0.046709455999999996,-1.194625,1.8018808000000002,-0.6943271,-1.499126,0.3689735,0.44963592
-1.1107283000000001,-0.4820061,0.6606466,-1.1292512,1.7698883,-1.1491806999999998,-0.49857044,0.84166473,0.47191983
0.112638906,0.018761288,0.7187409,0.24134012,-0.55578864,-0.07513336,0.44597954,1.1578275,0.35122135
0.94352794,0.8866001,-0.63133913,0.9911957,1.6359202,-0.8341533000000001,-0.557067,-0.30027145,0.46625218
-1.1280421,-1.0798427,0.38235977,-0.70118845,1.9361191999999998,-0.39323863,-0.62970775,0.5346218,0.46394929999999995
1.0705353000000002,0.9845258,-0.5249613000000001,0.1201955,1.5173763,-1.2780148,-1.8041741000000002,0.16448379,0.54243517
-0.36159116,0.7138648,0.6129758000000001,-0.4463754,1.8484085,-1.2666041000000001,-0.486497,0.5037742999999999,0.44621962
-0.28732129999999995,-0.858835,0.45286435,-1.1402705,1.853286,-0.084282994,-0.38017806,0.6858949000000001,0.43872738
-0.5708746,-1.3583312,-0.6080776999999999,-0.3675283,1.8956345000000001,-0.38339105,-0.44091990000000003,0.63047636,0.46769740000000004
-0.62017506,-1.6749289,-0.5162089,-1.1501921,1.9005468,0.26786283,-1.3821806,0.59062743,0.46505234
-2.0183234,-0.9037459000000001,0.28870425,-0.15899633,1.9121166,-0.69842917,-1.3993763000000001,0.59480405,0.5004237
-2.0926535,-0.22397663,0.8687582,-0.67227256,1.9774613,-0.27279922,-0.9714195999999999,0.34872147,0.48019728
1.0210389000000002,0.9584335999999999,-0.5538923000000001,0.98753697,1.1993086000000002,-0.16346917,-1.6709702000000002,0.10104964,0.5477694000000001
-0.6407984999999999,-1.3832251,0.21710311,-0.99652964,0.13727053,0.35899654,0.59148353,1.1938065,0.43790615
0.8958639000000002,0.8446425999999999,-0.31646898,1.116837,1.4902935,-0.6667639,-0.6457918,-0.0797722,0.5022121
0.93058443,1.0855361000000001,-0.7013632,0.18205933,1.6565095,-1.1426163999999999,-1.1709458000000001,-0.034337312,0.5245145999999999
1.0163062,1.0960193,-1.6059265,-0.29382464,1.6186405000000001,-1.4169537,-0.7486588000000001,-0.07839914,0.52827126
-0.95044035,-0.5764089,-1.4158778,-0.7599469,1.8604353999999999,-0.663184,-0.30812480000000003,0.71238714,0.46838212
-0.72751105,-1.494383,-0.1714018,-0.67941964,1.9029733,0.30886438,-0.41645604,0.5657795999999999,0.47141528
-0.331287,0.3340344,0.40791023,-0.08630275,1.9043338,-1.7454702000000002,0.12296092,0.4682134,0.44355592
-0.30036756,-0.48150694,-0.672552,-1.1849523000000002,1.7627362000000002,-0.56653124,-1.2810478,0.85644925,0.49596049999999997
1.0113728000000002,1.0378792,-1.3991805,0.97038907,1.3767258999999998,-0.6200255,-0.7347468,-0.16765803,0.5408761999999999
-0.43578425,-1.4503338,0.2567406,0.15024436,1.7876503000000001,-0.38019949999999997,-0.4395737,0.78490317,0.44170135
-0.35023618,-0.91711116,-0.22896187,-0.08665292,1.8327900000000001,-0.6502804,-1.3082552,0.7415398,0.4162077
1.0707072,1.1326791999999999,-0.8778497,-0.7579096,1.4171747,-0.14237931,-1.0706731000000003,0.0543659,0.5391519
1.0411565999999999,0.9984732,-0.35996762,0.6310239000000001,1.6268877,-1.1657648999999999,-1.4706188,-0.23175085,0.53070164
1.0327126,1.0093697,-0.30691358,0.058567364000000004,1.6065078000000002,-0.41157356,-1.2234056999999998,0.0346302,0.50113976
0.7762008,1.0502464,-0.37714875,-1.8237758999999998,1.6920781999999999,-0.49995917,-1.0098892,0.22913848,0.49460486
-1.8681593999999997,-0.6400554,-0.05227817,-0.48159868,1.8635046000000002,-0.72406113,-0.28956679,0.70256615,0.4494026
-1.5475895,-1.3782948,-0.32956427,-0.5086819,1.9732068999999999,-1.642743,-0.025277337,0.42908329999999995,0.49957514
-1.2958763999999998,0.088490434,-0.75922495,-0.3943009,1.9099988999999997,0.19386914,-0.043359853,0.5042128,0.44069132
-1.5066595,0.3417585,-0.77511084,-1.7924976000000001,1.9027724999999998,-1.2294201999999999,-0.2835759,0.55668366,0.49814440000000004
-0.36453065,-0.39178276,-0.51970965,-0.41514426,1.7671151999999999,-0.6171079,-0.042233195,0.82786953,0.4202718
-0.62015414,-0.40687814,-0.018788113999999998,-0.28444818,0.38390398,0.6251985999999999,-0.5120885000000001,1.1911029,0.35888037
-0.21536541,0.5933579000000001,-0.23016539,-0.99975044,1.8986357,-0.8030856,-0.66253227,0.46035784,0.44758278
0.90238106,1.232743,-1.1169354999999999,-1.9013008000000002,0.6709437,-2.0131505,-1.3600415000000001,0.5063409000000001,0.50107855
1.0757705,1.1724994,-0.97948873,-0.5382901999999999,1.0517546,-1.508211,-1.6234908000000001,0.27655646,0.55335176
-0.53534883,-0.019900357,0.45342684,-0.061893348,1.5052052,-0.43319799999999997,0.0072738985,1.0240144,0.38466382
1.0198696,0.9547909,0.14572494,1.0578728000000002,0.8569679,-1.5374712,-0.7368836999999999,0.18449666,0.40222055
1.0097662,1.013401,-0.6433213000000001,-1.9611506,1.6849688000000003,-0.80280375,-0.5805184,-0.036417242,0.52888286
-1.2240843000000001,-1.6128794,-0.561103,-0.6838911,1.9912236,-1.2392239999999999,-0.45272684,0.38797888,0.5045148
0.15167268,0.60465074,-0.65904087,-0.458688,1.795627,0.10614841400000001,-0.9414044,0.6028073,0.439342
-1.206515,-0.7540444000000001,0.45297396,-0.55628705,1.8636226999999999,-0.91546834,-1.1453841,0.70433265,0.47728690000000007
-1.6287405000000001,-0.7052519,-0.45882705,-0.40408576,1.7954823,-1.1400453000000002,-0.19052571,0.8176693,0.46267548
-1.2689576,1.1300492,0.25817367,-0.9444718000000001,1.5423521,-1.7562511000000003,-0.6882222,0.64909184,0.43182546
0.85609055,1.0042806999999998,-0.7249717,1.0501992,1.4825867,-0.7278642,-0.90903026,-0.10208471,0.50967693
-1.1544375,1.020243,-0.48229238,-0.83393407,1.7585203999999999,-0.99507767,-1.1154473,0.49743766,0.461325
0.8785219000000001,0.9613186,-1.5265007,0.96258944,1.5134530000000002,-0.7905262,-1.1473746999999999,0.050497357,0.56879646
-0.7849824000000001,-0.41611433,0.25858760000000003,-1.1509736000000002,1.8733819,-0.07776362,0.01697549,0.64171815,0.43601692
1.0023147,1.0356736,-1.5616766000000002,1.0083579,1.5046844,-1.8246214,-0.33358958,-0.5004028,0.5578383000000001
0.86341715,0.9652985000000001,0.5592403,1.0592110000000001,1.5651034,-0.58554214,-0.49262124,-0.3042863,0.4616262
-1.2114863,1.2666104,-1.4159469999999998,-1.236343,1.5703604,-0.14489107,-0.35798293,0.36917597,0.45032948
0.9785431999999998,0.99269575,-0.9656346,0.64028686,1.6907221000000001,-0.96968853,-1.4634242,-0.25443074,0.5418607
-0.024679378,-0.56941265,1.3447553,-0.21222058,1.3590771000000001,0.011610605,-0.46624449999999995,1.0339185,0.3910018
0.9155462,0.9643533999999999,-0.45310485,1.0936525,1.3190638000000001,-1.5217516000000002,-0.42708063,0.007753778199999999,0.48793086
-1.1429477,-0.0997711,-0.12371909,0.11701748,1.8809898,0.07397892,-1.1436801,0.59172463,0.4613684
-1.5881783,-0.9526109,-0.25158906,-1.5321604,1.8994962,-0.7289937,-1.5642684999999998,0.65250987,0.49609473
0.8149487,1.1380389,-0.27491444,-1.083784,1.6934525000000002,-1.0316626,-0.41673777,-0.0022095563,0.5028511999999999
-0.31070358,-1.7183255000000002,0.0050260520000000005,-1.5028163,0.77251893,0.092393234,-0.08717243,1.2281862,0.40995854
0.99819005,1.1327423,0.5846616,0.4044382,1.5653758999999998,-0.65841645,-0.5587890999999999,-0.22637619,0.4689981
0.9681960999999999,0.9511884,-0.5808934,1.0097729,1.5564171,-0.8221794,-0.6471671999999999,-0.30588350000000003,0.47979212
-1.7274546999999998,-0.562555,-0.1515721,-0.60567075,1.7382376,-1.033692,-0.48320615,0.8965607,0.46250427
-1.3765608999999999,1.16683,0.521131,-0.8110662,0.88491225,-0.58502614,-0.62917346,0.87257236,0.3846472
-1.6714698000000001,-0.47500587,-0.1276343,-0.13969174,1.8844709,-0.42533278,-0.065867126,0.63122874,0.4359589
-1.1769147,-0.14734748,0.14470813,-0.7022034,1.9020298999999998,-1.4943881,-1.6091267,0.6169128,0.50185287
1.0117121,1.1171416,-1.5053245000000002,-0.35584083,1.5635997,-0.100739546,-1.0106245,-0.034941177999999996,0.5038056
1.04633,1.0789045,0.10683422,-1.2769883999999998,1.5361761999999999,-1.8901929,-0.9350881999999999,0.07741092,0.5102856
-0.25769344,-1.1677969,-0.3969433,-0.5652411,1.9515398000000002,-0.60553306,-1.4487163,0.48910200000000004,0.45434323
-0.6078815,-0.14121564,0.35025337,-0.5288864999999999,1.9027275000000001,-0.09239402,-0.07150023400000001,0.5546456999999999,0.417954
-2.191979,0.8618389000000001,-0.23620464,-0.7465753,1.8099211,-0.5380461999999999,-0.26183656,0.52665925,0.46143746
-0.72288424,-1.2199882,-0.13345002,-1.6878626,1.9091191000000003,-0.89934057,-0.2894073,0.6160711,0.4856328
-1.3635007,-1.335706,-1.015911,-0.34476843,1.9410447,-0.23471484,-0.78369105,0.5265089,0.48128727
-0.71468323,-2.1235150000000003,0.08350032,0.18150479,1.4266497,-0.8367744,-1.1709152,1.0998246999999999,0.45717409999999997
-0.7737781,-0.2162064,0.92469513,-1.264681,1.9249749,-0.8161242,-0.8940556000000001,0.5180778,0.48060280000000005
-0.042718165,-1.0776981,0.27278876,-0.5983524,1.8342804,-0.7858984,-1.0128872,0.73191243,0.4268888
-1.1750373,-0.059857994000000005,0.44856372,-0.36730865,1.9212967,-0.16754617,-0.80913293,0.5234976,0.45751435
-0.31522915,-1.6622856,0.11144987,-1.0992571000000002,1.8825538,-1.268261,-0.6979915,0.6678841999999999,0.46330404
0.95175046,0.98329365,-0.35732183,0.9421458,1.5306419,-0.95676583,-0.51859534,-0.13624245,0.49267256
-1.6607478999999998,-1.7984627,-0.29007357,-0.55450785,1.9713365000000003,-0.6506466999999999,-0.750564,0.45306197,0.49633124
-0.5289571,1.1253966,-0.7699646,-0.8166324,1.7455412000000001,-1.5344238000000001,-1.5840204,0.37123865,0.44479063
-0.06556153,1.2067518,0.22179708,-0.69817585,1.7425336,-0.60185975,-0.6331127,0.14250769,0.4369478
0.4349901,1.1268573999999998,0.11056048,-0.5520166,1.6529446,-0.45264670000000007,-0.27618602,0.35741517,0.42007944
-1.3286343,-0.9733632999999999,-0.49836126,-0.1628799,1.8371985,-0.9894409,-0.6863701,0.7548063,0.45582741
0.26800522,-0.93605,0.24063155,-0.9465471,0.24915140000000002,0.11720493400000001,-1.2610033999999999,1.2238388999999998,0.39577705
-1.4346952,0.9077415000000001,0.9296553,-1.1057125,1.742989,-0.06513491,-0.45879790000000004,0.55518943,0.44049153
1.012637,1.0588906999999999,-0.5607595000000001,-0.56638104,1.6120450000000002,-1.1547005,-0.7742394,0.03898811,0.49057376
0.0086652115,-0.7442482,-0.2641507,-0.75299436,1.3204616000000002,-0.6194602,0.03039699,1.1277572,0.41593996
-0.6640189999999999,-0.92352414,0.2553077,-1.1508621,1.942884,-0.89095813,-0.13311754,0.511346,0.46426725
-0.34722659999999994,-0.34789446,0.15864381,-0.34407794,1.8480337,-0.4058735,-0.06976395,0.6870894000000001,0.41493663
-0.26980227,-1.0991958,-0.06462625400000001,0.3088117,1.7030517,0.1742848,-0.10185712,0.8369974,0.4379088
-1.2135247,-1.8361060000000002,-0.83750683,-0.89511234,1.8187066000000003,-0.74603283,-0.39283162,0.7970998,0.47170308
0.98452693,0.9744389000000001,-0.89301413,0.9219046000000001,1.5569024999999999,-0.6694641,-0.7284925999999999,-0.21718028,0.5138995
-1.2786883,0.8795690999999999,-0.75464773,-1.0907272,1.9098159,-0.64653885,-1.2949684,0.26837113,0.45086047
0.9660576,1.1123832,-1.229299,0.61395395,1.5245898,-1.0839908,-1.4487629,-0.056770507000000005,0.5719757
-1.6056458999999998,-0.36883256,0.31078684,-0.48555583,1.8477826000000002,-1.4150116000000001,-1.2782596000000002,0.7313519,0.47708490000000003
0.83688205,1.1559525,0.047300815999999996,-0.789409,1.6303450000000002,-1.1992675,-1.1839075000000001,0.08042139999999999,0.49894124
-0.9002988000000001,-0.7456624,0.05272453,0.68960917,1.6157361000000001,-1.1601902,-0.10477847,0.8898528,0.43726724
-0.44204637,-1.506001,0.1771063,-1.1362463,-0.18624519,0.13216734,-0.47187683,1.2632378,0.39552724
-0.0288125,-1.2979454,-0.52406824,-0.7319828,1.9123157,-0.9695295,-0.49430470000000004,0.5785828000000001,0.4775318
-0.7066779000000001,-1.3428373,0.053483135999999994,-1.1860001,1.9869086999999999,-0.76723176,-0.53248215,0.3912228,0.45869958
-0.485343,0.13641003,-1.0797985,0.62494457,1.8491601000000002,-0.6877288,-0.60713637,0.55280757,0.40949443
0.97700006,1.037007,-0.8304726999999998,-0.15125565,1.6857761000000002,-1.3033363000000002,-0.9965745999999999,-0.043099545,0.52436554
0.9667474,1.0195082,-1.1325611,0.8462639000000001,1.5902826,-1.5709333,-1.6634889,-0.21638544,0.5521583999999999
0.8740268,1.1214452,-0.5222803,0.83340096,1.515933,-1.801304,-0.19948304,-0.12764996,0.5224321
0.9649651,0.9308200000000001,0.10256783,1.0207213,1.4533613,-0.67975897,-1.6588906000000003,-0.07012495,0.52402353
0.5528868,1.1320493,-0.384495,-1.0365024999999999,1.6856389999999999,-0.78328156,-0.68626237,0.26655865,0.46936953
-0.9660405999999999,-1.5569539,-0.46934646,-0.7580581000000001,1.8995490000000002,-0.16200489,-0.5656845,0.6294994,0.48167
1.0060697,0.9739814,-0.095645145,-0.11328457,1.6086378000000001,-1.7366218999999998,-1.4850013000000002,0.17802079,0.52689207
-0.9482360000000001,-0.5334350999999999,0.052691527,-0.8161604,1.7221767,-0.7704168,-0.6586156,0.91160697,0.42664567
0.9130971999999999,1.0639178,-1.6379312,0.38454852,1.6150388999999998,-1.4202021,-1.5423021000000001,0.08499107,0.5771896
-1.7216771,-0.6823035,0.24142137,-0.52545786,1.9209783,-1.1089532,-0.6455126999999999,0.58288413,0.47770706
1.0652839,1.163386,0.16620776,-1.3541464,1.2567198,-0.7914532,-0.90082806,0.18277612,0.47707054
-1.8446476000000003,-1.1358438,0.9186759,-1.2411181999999998,1.9197109,-0.11530193,-0.2053203,0.5290049,0.50867856
-1.8384321,-0.7369148,-0.52307624,-1.6798095000000002,1.9412982,-0.0039447187,-0.86209154,0.51980543,0.5065598
0.029837682999999997,-1.2568777,0.06823023,0.10253658,-0.27123228,-0.10622089,-0.04976147400000001,1.2321126,0.31789207
0.38474253,-0.541076,-0.24817728,-0.76125544,1.8914449,-0.26859775,-0.756739,0.53616816,0.45042104
-0.34169775,-0.29132992,0.047677826,-0.14771414,1.3224664,-0.70019746,-1.0053053,1.1367604,0.39435604
0.97306013,0.93991303,-0.2367574,1.1450931999999998,1.2818713,-0.39847276,-0.06198739,-0.20868991,0.46256
-0.70172393,0.20254704,0.32673344,0.43257433,0.5709512,-0.46198198,-1.3435476,1.1902196000000003,0.30882550000000003
-0.08501133,-1.330066,-0.014368573999999999,-0.4657023,1.8421656000000002,-1.0141538,-0.50006646,0.7223725999999999,0.4702093
-0.029030679,0.80547094,-0.7559357,-1.4465407,1.760782,0.082927585,-0.09947064,0.5829991,0.46494365
0.99199617,0.9537235999999999,-0.26280722,0.7822024999999999,1.5879405,-0.30009764,-1.2002073999999998,-0.09011262,0.5290708000000001
-0.99338305,-0.6949265,0.23096462,-0.30623525,1.8664192,0.007901653,-0.9440940000000001,0.6694208,0.44639809999999996
-0.34982340000000006,-1.0581586,0.9366174,-0.15521793,1.9000877,0.2555243,-0.5282653,0.5054117,0.42052895
-0.40626478,-1.1318625,-0.8770817,-0.5345127,1.6872575,-0.6207384,-0.11804991,0.93599415,0.46405026
0.95278656,1.0179663,0.22488801,1.1314704,1.1022215,-0.8650437,-0.28667414,-0.08469242,0.43192520000000006
0.14176032,-0.54575855,0.27902836,-0.7365599,1.1128033000000002,-0.75806296,-0.16613473,1.1719108999999999,0.43121415
-0.76208997,-0.00018098265,0.5572375,0.91602576,0.93691933,-1.7176118000000002,0.10470092,1.0342889000000002,0.36795047
-1.7950282,0.40853497,0.14841706,-1.0138610000000001,1.8955047999999999,-0.21375929,-1.2078673999999998,0.5420564999999999,0.46881503
-0.37496337,-1.2141713,-0.108817175,0.18271133,1.8070085999999999,-0.34795812,-0.36190322,0.7522723000000001,0.44224593
0.9404458,0.7546229,0.35862258,1.0484175999999998,1.5819436000000002,-1.0758566,-0.7467596,-0.09435205,0.4563385999999999
0.8478290999999999,0.9887775,-0.11220514,1.0190393,1.5500082,-0.36282322,-0.87552994,-0.15222056,0.5276989000000001
-0.44785202,0.66027856,0.79470146,-1.1304023,1.8512025,-1.1625948,-0.62341964,0.52689356,0.4576808
0.5137417999999999,1.241815,0.5032087000000001,-0.8757481,1.3892058999999999,-0.3607406,-0.6423403,0.42715588,0.43390164
0.86869055,0.9945539000000001,-0.40917270000000006,1.1603595,1.3815438999999998,-1.0728571000000002,-1.8390852,-0.2132525,0.5310345000000001
-0.44075462,0.7457889,0.06013029,-0.41961256,1.7971069,-0.2254045,-0.17325303,0.5864897,0.43076915
-0.8097393,-0.68431956,0.27586928,-0.04408419,1.2048208,0.22827774,-0.6997375,1.1500286,0.38308054
-1.6071326000000001,-0.7641956999999999,-0.51657885,-1.1416601999999998,1.5017955,-0.534047,-0.19972625,1.0842603000000002,0.49306350000000004
-1.6310211000000001,0.45437276,-0.14583972,-1.1623136,1.8747851999999998,-0.65178174,0.016707676,0.57154506,0.48962212
-1.5439701000000001,0.096664056,-0.19429435,0.40149066,1.8688658,-0.8104207,-0.19240792,0.57994705,0.4304779
-1.2698167999999999,-0.5049239999999999,0.09579549,-1.7421575,1.8956861,-0.3321868,-0.46769097,0.6338263000000001,0.48528537
0.9795064,0.9158673,0.32363725,0.9119343000000001,1.5766517,-1.6641872,-1.5364906,-0.12936164,0.5310935999999999
0.9315370999999999,1.1286857,-0.6844395000000001,-0.6088979,1.5521672,-0.7243781,-0.24530102,0.1350606,0.49359763
-0.34701163,0.055323616,0.5739923000000001,-1.4212040000000001,1.2907323,-0.6080107,0.14057992,1.1171086000000001,0.40420026
0.97469854,0.93008274,0.32085496,0.9895044,1.4312336,-0.89200974,-1.0780374,-0.0046051242,0.464614
-0.11485618,0.050103474,-1.43502,-1.1476071,1.877725,-0.7125183,-0.26796943,0.6208313,0.45520633
1.0552903,0.9035470999999999,-0.61954916,-1.3898851,1.5551978000000002,-0.55846274,-0.99577224,0.29082468,0.50142485
0.94510514,0.9940635,-1.0358423,1.1791142,1.2345378,-0.9780039,-0.9064948,-0.23751323,0.5287798
0.9804198000000001,1.0329441,-0.25588733,0.49445015,1.6111879999999998,-1.3538795,-1.0079216,-0.02358444,0.5315446
-0.07430342,1.2226561000000002,0.0019636424,-1.4222114,1.7338481,-0.85969985,0.12387573,0.097576305,0.47233549999999996
-0.08898349,-0.16551754,-0.21341723,0.13846329999999998,0.31729823,-0.3543848,-0.26952222,1.2266151,0.31793514
1.0369436,1.0563247,-1.143098,0.9597187,1.3681885,-0.5893832,-1.4734668,-0.24725154,0.55611247
1.0195271000000001,1.1217393999999998,-0.5686134,-1.5060964,1.5269645,-0.036373,0.073036514,-0.032096025,0.5001310999999999
0.92055964,0.8242510000000001,-0.41485438,1.0300276,1.5348438999999998,-0.867547,-0.5516833999999999,0.011352214,0.49437470000000006
1.0648625,1.2102423999999998,-1.3525589,-0.36333516,1.2389468000000001,-1.157957,-1.488958,0.08538274,0.5507426
-0.6863118,-2.1829313999999997,0.15017268,-0.45973134,1.8935256,-0.20146956,-0.8566795,0.6328299,0.47992328
0.7756224,1.06336,-0.58871555,1.0177884,1.4703366000000002,-0.62218773,-0.8463715,-0.027181108,0.49672732
-1.0907624,-0.9851120999999999,0.26174915,-0.1611422,1.8403669999999999,-0.2682906,0.04650471,0.7086676,0.46221247
-1.4715091,-1.1806446000000002,-0.8811427,-0.06700668,1.9162703999999997,-0.58807445,-1.6135708,0.5904753,0.47534907
-0.9111749,-1.1054399,0.7202907,-0.13021976,1.9017509,-0.6267755,0.33946544,0.5373891,0.4689018
-1.8483042,-0.7978575,-0.8236813000000001,0.030253692999999998,1.9033417000000001,-0.15354607,-0.468376,0.59030294,0.46668893
-0.76942605,-1.5187551000000001,-0.69120836,-0.28283247,1.8754058,0.09644209599999999,-0.18780607,0.64320433,0.45789742
-0.12002883,-0.74888194,-0.23430592,0.48190168,1.3365871,-0.59926575,0.20566998,1.0629429,0.4169678
0.91479754,1.0766714,-0.3092074,0.85794073,1.5375291000000002,0.12616979,-0.6906671,-0.24512874,0.5152662
-1.3884523000000002,-1.4224818000000001,-0.111056425,-0.81634825,1.8502465,-0.9351652,0.09152094,0.7235944999999999,0.4721425
0.965527,1.0564407,-0.07031824,-0.7420629,1.6148827,-1.3991407,-1.0516707,0.13022172,0.50034416
-0.029776277,-1.4663161,0.060774792,0.11309446,1.9143505,-0.7110354,-0.50314826,0.5279015,0.43348909999999996
-0.10936886,-1.6196986,-0.1285021,-0.3772652,1.8869365000000002,-0.37892404,-1.0839294,0.6314913000000001,0.45709646
-1.8195122,-0.65495163,-0.39718607,-0.91805756,2.0170848,-1.2742256,-0.4822014,0.28062615,0.47774809999999995
-0.027101312000000002,0.8460416,0.4653742,-0.90061474,1.4109690000000001,-0.61991704,-0.9313809999999999,0.9220787,0.41067612
-0.92283624,-0.665926,-1.0012511,1.0211571,1.7327067999999999,-1.3663635,0.12948705,0.5530772,0.41995436
0.007615815,0.6000103,-0.50057524,-0.92093724,1.7791317,-1.2360792999999999,-0.54468167,0.68954104,0.44632658
0.23598261,1.2152828000000002,0.61633974,-1.7165810000000001,1.7430526999999998,-0.39050105,-1.1705927999999999,0.030896494,0.47798845
-0.9847431999999999,-0.12499995,0.17850348,-0.22418764,1.8020601000000003,-0.861189,-0.7104335,0.7837255,0.43245444
-0.4480589,0.58645344,0.05310344,-0.20723255,0.46925932,-0.14932358,-1.1035194,1.1769284,0.33246526
-0.86349815,-1.5598378000000002,-0.24290370000000003,-1.1557823,1.8821883000000001,-0.36506906,-0.25682962,0.6687930000000001,0.463658
-1.8726685,-2.2182607999999995,0.71521664,-0.33594865,1.9686335,-0.23619124,-1.176949,0.41316440000000004,0.5218777
1.0448029,1.0517228,-0.44519040000000004,-0.19308345,1.6111485,-0.006178414399999999,-1.3879796,-0.09523884,0.51623154
-1.1451358,-0.35580865,0.17199920000000002,0.16887954,1.9416705,-0.2791712,-0.48894474,0.45569402,0.44389209999999996
-0.67445505,-0.43071356,0.40898418,-1.0002986999999999,1.8545183999999997,-1.2093049999999999,-0.3674598,0.7093519,0.46030846
-0.9118609000000001,-1.0182944999999999,-0.22658177,-0.87286943,1.8287011000000002,-1.8432955000000002,-0.5380050999999999,0.77991486,0.5069981
0.9568296000000001,1.2283155000000001,0.6880126999999999,0.32757372,1.4211094,-1.004601,-0.7100776999999999,-0.12052647,0.44385070000000004
-0.38782045,1.1789025,0.12279346,-1.0392685,1.7525547,-0.8239018,-1.5133448,0.23415594,0.4448452
-0.6091382,-0.8158894,0.38437393,-0.92690015,1.8840014999999999,-1.5631169,-0.07464996,0.64866835,0.47195148
-0.44759616,-1.0939121,-0.019947117,-0.0651139,1.6183018999999998,-0.68869525,-1.0654331,0.9930704,0.41524659999999997
0.9235779000000001,0.9222991,-0.7046724,0.9821556,1.5142431,-1.7604368000000001,-0.57014334,0.0024321605,0.52879333
-0.55585647,0.9817931000000001,-0.21107070000000003,0.13248354,1.8222672,-1.9941624,-0.40065944,0.33598372,0.45801216
0.3506038,1.2532463,-0.6905238,0.11016355,1.6832403999999999,-0.18191257,-0.58740836,-0.021589387,0.45857352
-0.33270767,-1.2775587,-0.0032104803000000005,-1.037601,1.9149534,-1.2497995000000002,0.31385840000000004,0.5456929,0.47113565
-1.4789795000000001,-0.9067763000000001,-0.8806891,-0.59474045,1.8758209,0.21992277,-0.69670904,0.64964706,0.47369698
0.22637728,1.053939,0.87472886,-1.136994,1.785884,-1.3355463,-1.0131649999999999,0.25188994,0.4502566
-1.1657188,-0.5323939,-0.11478392,-0.16031192,1.840928,-0.49198014,-0.120968066,0.72146285,0.43155697
-0.668721,-1.1124964,0.20535456,-0.7706263000000001,1.8673836,-1.9703807,-1.2177463,0.7068515999999999,0.4901144
-1.2322817,0.08790384,0.1488698,-0.7628449,1.7673828999999999,-0.39765668,-0.63542753,0.8234559000000001,0.4467816
-1.3275316000000001,0.18822958,-1.5248705,-0.79524493,1.9225359,-0.5349017,-0.610966,0.53029305,0.47651768
-0.38373265,0.24207364,0.9832989999999999,-1.291385,1.8945787,0.10593530000000001,-0.025766763999999998,0.46561316,0.43900257
-1.1350633999999997,-0.10600114599999999,-0.21321990000000002,-1.0030596,0.18367809,0.092569545,-0.39671174,1.25353,0.36585984
1.0498701000000001,0.95674807,-0.8637754000000001,0.6801799,1.4363667,-0.21310028,-1.1725626,0.13034727,0.5320741
-0.73689234,-0.9112139000000001,-1.2103736,-0.51981544,1.9591557000000002,-1.2159238,0.009749019,0.46283078,0.46133825
1.0912235000000001,1.041776,-0.36945054,0.47687903,1.527687,-0.7505536,-0.77172583,-0.13943993,0.50247264
0.7842631999999999,1.0195261,0.61733675,1.089213,1.4853686000000001,-0.8168244,-0.6031397,-0.17344603,0.45973417
-0.6176086999999999,-1.6559851000000003,-0.19201964,-0.7554489999999999,1.8281918000000001,-0.9909186,-0.23509535,0.7697411,0.4793577
-0.38634557,-0.5053802,0.35073823,0.5157326,1.8675436,-1.0986041000000002,-0.48463735,0.5763424,0.43166393
0.8534746,0.9283518,-0.5678224000000001,0.9408594000000001,1.5623468999999999,-1.3299530000000002,-0.52971697,0.07575582,0.5036742999999999
1.0344806,1.0335555,0.39863572,-1.3026196,1.6611725,-0.15494964,-0.789687,-0.13476770000000002,0.48380870000000004
-0.8212706,1.2459303,0.20684907,-0.99138874,1.6008798,-0.9283679,-1.1640853,0.38773575,0.44637346
-1.1978471000000002,-0.8597719000000001,0.4089822,-1.3664275,1.8833078999999997,0.028103187999999998,-1.5689481,0.64655614,0.49226743
-1.0026115,-0.78883255,0.20972654,-0.6793688,1.8627124,-0.6885038,-0.5125274000000001,0.70648026,0.43547103
0.3400123,1.1627134,-0.61511755,-0.024362925,1.7074226000000003,-1.7086982,-1.1816316999999998,0.22676633,0.5014557
0.90752184,0.9914386000000001,-0.47513590000000006,1.0053292999999999,1.4661411,-0.73837554,-1.5057101000000002,-0.045302815999999996,0.54802775
0.78096247,1.1983024,0.7912392,-0.7434797,1.3909521,0.03074886,-0.12999731,0.27839193,0.40722346
0.98810625,1.0382584000000001,-0.018555194,-0.57242614,1.5956978000000002,-0.8689258,-1.0280185,0.14987652,0.46751422
0.9285251,0.99303347,-0.6424970999999999,0.9195851,1.5533639,-1.5011533000000001,-0.71578807,-0.10559783,0.5246957
-1.8773324,-0.41059327,-1.4482509,0.50322914,1.8149264999999999,-0.6083487,-0.6056643,0.7057031,0.4476019
-0.80984396,-0.17332742,0.07342113,-1.2729656999999999,0.9056071,-0.39093074,-0.07971288,1.2226639,0.40573934
-0.37439808,-0.3058749,-0.33626053,-1.534872,1.8204226000000003,-1.1915452,-0.6347001999999999,0.7725685999999999,0.4693611
-0.42655864,0.3014662,0.44572327,-0.20484091,0.7257698,-0.613579,-1.064188,1.2045841999999998,0.3375473
-1.1311214,-0.6782411,-0.3340281,-0.9491273000000001,1.85607,-1.5083486000000002,-0.71290165,0.73357373,0.49992529999999996
-0.7225857,-1.2707636,0.1404931,-0.98049545,1.9427128,-0.5421273,-0.30294546,0.51894075,0.45031953
-0.77076805,-0.79004663,0.2640743,-1.0884272,1.8122063000000002,-0.36935532,-1.2106113,0.79137856,0.48071405
-1.4803495,-0.40801594,-0.6602735,-0.3510626,1.7740363999999997,-0.09845151,0.13330144,0.80812144,0.4536081
-0.8996231,-0.525358,0.50375444,-0.7753835,1.9022067999999999,-0.87424666,-0.079616725,0.5991734999999999,0.44092650000000005
-0.24961494,-1.0513513,-0.6766270000000001,-1.1799473,1.9222026,-0.29840696,-0.32930982,0.5576615,0.4832869000000001
-0.50196975,-1.7528304,-0.58948755,-0.7393271,1.8259096000000001,-0.84978974,0.06492021,0.7593736999999999,0.46710277
0.7992664,0.8994613000000001,-0.4256056,0.89790916,1.5612485,-0.8734610999999999,-0.7272272,0.23046026,0.47634572
-1.2470165000000002,-0.8238163000000001,0.48662603,-0.34368312,1.7419658,-1.777002,-0.4006941,0.8799823,0.48996660000000003
-1.7708596999999997,-0.82095855,-1.1319132,-1.2266777,1.8314235,-1.2993472,-0.3183164,0.7775162,0.49219945
-0.8292274,-0.46575728,-0.9464322000000001,-1.6359901000000001,1.8903351000000002,-0.733402,-0.8092859,0.65958476,0.48513156
0.83777255,1.1151175,-1.277963,-0.9285131999999999,1.6408751,-0.52248687,-0.73654425,0.14675374,0.52270055
-0.8307380999999999,-1.1895148000000002,-0.14627111,-0.73931295,1.9374776999999999,-0.723032,-0.95829535,0.54960966,0.4581523
-0.007973641,1.204821,0.25794926,0.13162658,1.5822428,-0.6030930999999999,-0.14624156,0.37559745,0.42594638
-0.9127799000000001,-2.0836433999999997,0.3159802,1.1465415,1.7330497999999999,-0.28909796,-1.0512686000000002,0.40716112,0.41602328
0.9678508,1.0101186,-0.5112809,0.07011465,1.6739004000000002,-1.4890537,-0.48008415,0.019065421000000003,0.53536826
-0.98694575,-1.5477604999999999,-0.0006179369999999999,-0.41990720000000004,1.9162970000000001,-0.78255796,-0.25273877,0.58931625,0.46956447
-0.9645100000000001,-0.31765407,0.33720383,-0.048343655,1.8557261999999999,-0.62884146,0.1125928,0.66130614,0.4299302
-1.1927497,0.7784909000000001,0.07125158,-1.5790024,1.7506775,-0.9921962999999999,-0.84911186,0.69498914,0.45236164
1.0575485,1.0904690000000001,-0.16409448,0.38147625,1.5378195,-0.49230483,-0.8096919,-0.14926578,0.5119344
-1.3334591,-0.2207328,0.111819945,-1.6198458999999998,1.9691732,-0.16890329999999998,-1.1772995000000002,0.42029673,0.49461442
-0.746525,1.2007667,-0.6054315,-1.5394506000000001,1.6758064,-0.4261629,-0.036879357,0.33685902,0.46410385
-0.45698735,-1.0440544,0.3993882,0.02900828,1.8800467,-1.1208577,-0.33101052,0.63329405,0.45607352
-0.24412641,1.1498369,-1.5266553999999999,-0.37988323,1.7037064999999998,-0.60758686,-0.5408742,0.37215197,0.45203787
-1.0709288000000001,-2.0801256,0.016095318,-0.28157836,1.9409313999999998,-1.8005457999999999,-0.5552436,0.5331143,0.49444449999999995
-0.9484865,-1.164231,0.0541141,-0.7018199,1.8050102,-0.5372591,-0.42936945,0.80571747,0.44309565
0.92619383,0.8483638000000001,-0.6999224000000001,1.0684519,1.5070598999999998,-1.2758353999999998,-0.2266701,-0.06352708,0.48402077
-0.23660032,-1.5947243999999998,-1.5607896,-0.66049755,1.9229466,-1.1017823,-0.7216104,0.5743805000000001,0.5016752999999999
0.32677326,-1.1613513999999998,-1.2723153999999999,-1.1421113999999999,1.8254699,-0.051892287999999995,-0.5183092,0.68845356,0.4744372
0.9719253000000001,0.9163929,0.264567,0.9045549999999999,1.5568302,-0.98498076,-1.5854588,-0.05878987,0.54409355
-1.7593813999999999,-1.3627325000000001,0.6445993,-0.59229875,1.3861259,-0.024718551000000002,-0.37410575,1.1145747,0.506885
-0.81447405,-1.6842095000000001,-1.0304726,-0.78185964,2.0169566000000003,-0.87824845,-0.939415,0.2886267,0.4798459
-1.2115391000000002,-0.9381475,-0.5906749,0.10294919999999999,1.8581889999999999,-0.6220507,-0.9308934000000001,0.697821,0.478969
-0.83804935,-0.27146742,0.2852505,-0.1382344,1.9752215,-1.1653548,-1.4067097,0.39015209999999995,0.45990859999999995
-0.49297467,-0.7571994000000001,-0.934464,-0.53621423,1.9372202,-1.8455508999999999,-0.69200045,0.5414747,0.50286907
1.1088031999999999,0.97286737,-0.7739738,-0.5604614,1.534356,0.023970695,-0.48387918,0.059420068,0.5199037999999999
-0.6971206999999999,-0.8703128000000001,-0.34582007,-1.0331373,0.47888407,-0.9138662000000001,-1.2774780000000001,1.2769747,0.41727343
0.6934304,1.0820748,0.4615705,0.8272265,1.420118,-0.85766983,-0.7600897,0.29865545,0.4355303
-1.0046226,-0.26265353,0.5877276,0.09601039,1.9013697,-0.33066085,-0.7311474,0.5582689000000001,0.43103358
0.8426292999999999,0.93387717,-1.193818,1.0594018,1.5463556999999999,-1.4886646000000001,-0.66719973,-0.08548903,0.57731485
0.93669266,1.0029571,-0.706281,1.023156,1.4500451,-0.7587189000000001,-0.45230332,-0.14629596,0.48338909999999996
0.75036097,1.1117146999999998,-0.10110723,-0.7988135999999999,1.6005511000000001,-0.023083938,-1.3690658000000002,0.28171277,0.48308933
0.8753892,1.1007649,-0.7734565999999999,1.0231539,1.3978864,-1.2334355,-0.27133796,-0.17697196,0.46960029999999997
-0.42113662,-1.0284746999999999,0.93658876,-0.20228685,0.12081727,0.15008508,-0.0720383,1.2223792,0.34164038
0.23612866,1.1341857,-0.75111437,-0.93352246,1.7326266,-0.6239066,-0.5313338000000001,0.2817888,0.46984386
-0.023213767000000003,-0.5189517,-0.35250178,-0.27401325,1.8464185000000002,-0.27710053,-0.07222686,0.67434365,0.43818668
-0.3144362,-1.2302243,-0.99635446,-0.65850604,1.9343822,-0.7725632,-1.1186209999999999,0.54693514,0.47912002
0.96330893,1.1027672,0.3654605,-0.73508394,1.5101308999999998,-1.0826619,-0.8980029,0.20621723,0.50711805
0.9497863999999999,0.95729256,0.17581451,1.0749106000000002,1.4508379999999998,-0.13799767,-0.84576625,-0.2534215,0.52238053
0.39756677,1.1759247,-0.031774435,-0.5026752999999999,1.6826949,-0.51967144,-0.97021693,0.24013093,0.44909403
0.98320776,1.0212284,-0.71956134,0.2954623,1.6425911,-0.66720194,-1.8601289,-0.002446947,0.537319
-0.7846687,1.0450575,-0.19401164,-0.06267606,1.7871608,-0.11073588,-0.19116464,0.32798138,0.43125778
1.0127667,1.0955198999999998,-0.07597509,-1.0352086,1.501994,-1.7915990000000002,-0.7183003000000001,0.16602881,0.5120037000000001
0.82589394,1.0902851999999998,0.22501913,1.1323511999999998,1.2753725,-1.1829046,-1.146199,-0.15921363,0.47177142
-0.37503248,-0.8547219000000001,-0.044484094,-0.52764535,1.9253255,0.06823398,-0.11717378,0.51033366,0.43279853
1.0188514000000002,1.0495297,-0.878717,0.70139486,1.4102736,-0.8239097,-0.111719094,0.05332306,0.42465964
1.1096215,1.0570407,-1.1222286,-0.75812614,1.5372576999999998,-1.0043362,-0.62803376,-0.03911916,0.51619095
0.08535881,-1.0389031,-0.41873279999999996,-0.23692717,1.8928906000000003,-0.90958756,-0.20939967,0.5894356,0.4475938
-0.62609476,-0.09388873,0.040280677,-0.96566844,1.855025,-1.1624906000000002,-0.7064146,0.70414877,0.45468682
1.0461514,1.1008446000000003,-1.2861308999999999,-1.1758031999999998,1.4657941,-0.36446285,-0.8179725,0.13263056,0.5226073
0.91871387,1.106113,-1.0901261999999998,-0.7096688,1.6229395,-1.4832809,-0.8650264000000001,0.09942150000000001,0.5273404
-2.2210882,-0.50161165,-0.9948705,-1.0538641000000002,1.9004674,-0.4186758,-1.2080493,0.6386661,0.5057797
-0.05433486,-1.6543995999999999,0.6318494,-0.8411690999999999,0.55031216,-1.6897968999999997,-0.167323,1.2434915000000002,0.47766346
-0.7120324,-0.27439263,0.33187622,-0.38566849999999997,1.8657397,-0.8311997999999999,-0.64045817,0.67844164,0.44150499
1.1151853999999999,1.0995691,-0.14020368,-0.58343834,1.5020083,-1.6772508999999998,-0.74248016,-0.09612563,0.4980173
-0.29426154,-1.8218189999999999,-1.2451388,-0.08855652,1.9076526000000003,-0.84287816,0.06778202,0.5692816999999999,0.47650698
-1.8775967,-0.5244303000000001,0.6040982,-0.91852695,1.8833567,-1.0963662,-0.067700505,0.6437702,0.49658630000000004
-1.7301226000000003,-0.8243729999999999,0.046120558,0.030454205,1.9548729999999999,-0.38012087,-1.3805279,0.46120396,0.48466876
-1.7570833,-0.795802,0.55843747,-1.3817184,1.9078165,-0.7191988,-0.7405333000000001,0.6112057,0.4948153
-1.241575,1.2640744,1.05592,-0.81596494,-0.25309828,-0.42014298,-0.44466856,0.775885,0.32539135
-1.5594223999999999,-0.7690526999999999,0.5524439999999999,-0.58145654,1.4308795,-0.15224038,-0.8996071,1.1037537,0.4715286
-0.74836224,0.06406736,0.3219417,-0.70871586,1.2298715,-0.18844004,0.13650937,1.1368885,0.38006353
-0.67920554,-0.55983377,0.5995706999999999,-1.9853619999999998,1.8741261999999999,-1.6858463,-0.6543829000000001,0.67511904,0.46314362
0.95068413,1.0018601,-0.31476796,0.9453745000000001,1.3837317,-1.2649766000000002,-1.7283276,0.078258365,0.55083466
-0.20177682,-0.49735993,0.7444385,-1.4611361,1.8763188999999998,-0.5290248000000001,-0.716934,0.63584834,0.45954993
0.012906918,-0.115901805,0.37745214,-0.35689,-0.11713325,-0.051643137,-0.1401427,1.2281818000000002,0.33717015
0.9468247999999999,1.1830666,-0.021553949,-1.5833017,1.4671148999999999,-1.2677413,-0.030935612,0.108829595,0.5019819999999999
1.005436,1.1528827,0.03781746,0.898961,0.8313241,-0.89661604,-1.1207713,0.08788219,0.39212856
0.9981949000000001,1.1300521000000001,-0.30006146,-0.2627684,1.5358524,-0.6066753,-0.92081887,0.036103174,0.48133323
0.13942905,1.2467456000000001,-0.88794786,0.3175673,1.1258233999999998,-0.63999736,-0.22060485,0.6094427,0.39907587
0.41202945,1.1271527,0.32320338,0.06294342,1.7144096000000002,-1.1404558,-0.43536493,0.2159834,0.44641358
0.9762931,1.1208719999999999,-0.16039495,0.55132675,1.5672266000000001,-1.4110345,-0.6321674,-0.16769737,0.5251781
-0.33172354,1.1707537000000001,-0.3768413,-1.2413883999999997,1.7994612,-0.8418947,-1.6420568,0.1316558,0.45852754
0.9788479999999999,1.0849799999999998,0.26962298,1.028558,1.1672071000000002,-0.81083524,-0.72797483,-0.094417036,0.44597965
-2.2175605,-1.8720514,0.741149,-0.24101686,1.8223789000000001,-0.5070834,-0.7020081,0.75663286,0.53100455
-0.8892921999999999,0.013611093000000001,-0.7163751,-0.33026722,1.8973968999999997,-0.5328421,-0.604121,0.59933525,0.43305364
-0.83331805,1.0787227,0.011846161000000001,-1.9983343999999996,1.742443,0.085176885,-0.95317036,0.40615144,0.44846743
-0.31133315,-0.7619522,0.2312226,-0.18258221,1.9151573,-0.67438173,-1.0376406999999999,0.565342,0.42614722
-1.0134429,1.1886796,-0.16515526,-1.4502442,1.7374968999999998,-0.3462422,-0.49611712,0.25405079999999997,0.4669934
0.9968129000000001,1.0021155000000002,-0.5024,1.1149365,1.077104,-0.51012313,-1.2612786,-0.059864096,0.52277
-0.29523036,0.2441451,0.15269642,-0.7157285,1.8976886000000002,-0.65692717,-0.18824948,0.5443781999999999,0.42708379999999996
-0.84837073,1.0826312,0.55517346,-0.67567575,1.7001967,-1.1029108,-0.034844644,0.47331044,0.4377816
-0.027429488,-0.93983346,-0.21921404,-0.49616197,1.7929063000000003,-1.6465956000000002,-0.23610933,0.7943059,0.47731063
0.23655535,1.1795405,-1.4999788,-1.3146198,1.7191988,-0.37643987,-1.1510636,0.2228558,0.5022384
-0.9640945,-1.8226695,-0.07328421,-1.0855503999999998,0.2865085,-0.69920176,0.44614914,1.2493383,0.4300866
0.96125686,1.0018108000000001,-0.29015312,0.9596421,1.4785643,-0.39588198,-0.8540743000000001,-0.13448256,0.52891135
1.021724,1.1508726999999999,-0.8355023000000001,0.99585265,1.1161491000000001,-0.24888547,-1.696396,-0.28215238,0.5576935000000001
0.8651061999999999,1.0185488,-1.0084605,-1.5147034,1.7414318,-0.5207514,-1.0437529,0.058723368,0.51708484
0.93989784,1.0394292,-1.158639,-0.27661932,1.676164,-0.9576993,-0.557401,0.05052786,0.5242220000000001
-1.6846517,0.27558428,0.122311845,-0.85270983,1.8725637,-0.51849777,-0.5887509,0.6271714,0.48168358
-1.9249752,-1.5096564,1.2548631000000001,-1.1733108,1.8430481,-1.4183896999999999,0.13053559,0.6569076,0.49187717
0.85238975,1.0505685,0.4021783,1.1363276000000002,1.4225527,-1.1522887,-0.6980528,-0.3654394,0.45148838
-1.8204639999999999,0.12108815,-0.02873988,0.07725514,1.8009369999999998,0.08229825,-0.8348901,0.72695774,0.45475763
0.9780635,0.9213728000000001,-0.74801123,1.0031021999999998,1.5076388,-1.3005444,-1.3434533000000002,-0.12415586,0.5488526
-1.3076848,-1.3198538999999998,0.43492349999999996,-0.42069864,1.8461473000000002,-2.0077844,-0.44538945,0.7362164000000001,0.51653343
-0.06722135,-0.07483077,0.086612515,-0.830729,1.9162853,-1.166572,-0.6813376999999999,0.5385076,0.43638069999999995
0.9566851999999999,1.0056821,0.07941349,1.150252,1.1998612,-1.0743688,-0.18313229,-0.2047281,0.45673844
-1.0357738,-0.24305349999999998,-0.6757318,-1.3302914,1.429054,0.331596,0.31881390000000004,1.0490088,0.44890565
0.105720624,1.1547631,-1.4055605,0.8261915000000001,1.6698369,-1.4583819,-1.344286,0.059235725999999995,0.56048065
-0.65719974,-1.2154608999999998,-0.33214775,-0.9709264999999999,1.882298,-1.2837671999999998,-1.5858605,0.6852274,0.4790023
-1.7280967,-1.2381923000000001,-0.4878781,-0.46562478,1.9278334,-0.22573015,-0.16440146,0.55113214,0.47024718
-0.5437303000000001,-0.5799493,0.3195382,-1.4124553999999998,1.8944106,-0.94528353,-0.23437004,0.628167,0.47225705
-1.1141325,-0.5347758,-0.72142416,-0.46959709999999993,1.9082063000000002,-1.7887978999999998,-0.9356662,0.62043875,0.49517912
0.98802406,1.0277345,-0.30115178,0.9731377,1.3902366000000002,-1.6876956000000003,-1.4392201,-0.098646306,0.55149364
-0.23990887,-0.9801943000000001,-0.250307,-0.53741384,1.2166218,-0.2922462,0.3682457,1.144966,0.40832177
-0.759045,-2.1087713,0.28347418,-0.629567,1.8854929,-0.6446845999999999,-0.86987185,0.6639506,0.4830585
-0.4984928,0.48750907,-0.35048786,-1.022426,1.8498226000000002,-1.2669023000000001,-1.2530776000000001,0.6324674,0.45979319999999996
-0.36153153,-1.1892148,-0.61634904,-1.3683778999999998,1.9807418999999997,-1.0786481,-0.040396432999999995,0.39087355,0.49571000000000004
-0.80749506,-0.13198067,-0.96035284,-0.5823425,1.9436843000000001,-0.88537115,0.0104702,0.48179373,0.45501098
-1.1928290000000001,-0.7666228,-0.75960857,-0.3832902,1.9002949,-0.6528686,-0.19490839999999998,0.6239054,0.4518438
-0.6046832,-0.8597858,0.850567,-0.017452536,1.9062991999999999,-1.1547585,-0.65082467,0.5596517,0.45240065
-0.4611523,0.9813395,0.52064526,-0.7969967,0.36497929999999995,0.014171878,-0.20213339,1.0302935,0.32683718
-0.8734685,-0.2989991,-0.5553704,-0.08608097,1.8771741000000002,-0.5459595,-0.8686313,0.6552170999999999,0.45325872
-0.29460767,0.8464749,0.8223685,-1.531191,1.8226291000000001,-0.39769638,-0.5158451000000001,0.45542437,0.4721519
-0.38938338,-1.5760456,0.0012602975,0.35852188,1.8280113000000002,-0.2609251,-1.091297,0.6984602,0.4384777
0.9147081,1.0215883,-0.9572389000000001,0.95696974,1.4576975,-1.6915984,-1.0500898,-0.010318856999999999,0.5519937
-0.2653563,1.3085666999999999,0.6766989999999999,-0.24544242,0.54034686,-0.751763,-0.07922853,0.6684606,0.32993594
-0.4742229,-0.38615862,0.84326637,-0.46785352,1.8623435000000002,-1.1805955,-0.8295132,0.6650443,0.44666937
-1.2369621000000002,-0.24608243,-0.46488050000000003,-1.7572029999999998,1.5534306999999998,-0.68982345,-0.58732057,1.0516012,0.48675108
-1.3267381999999999,-0.85219544,0.89747417,-0.2559711,1.8243523999999998,-0.07017633,0.049632274000000004,0.70190394,0.49027377
1.0428654,1.0277895000000001,-0.5285118000000001,0.9788452,1.2337856000000003,-0.8113183,-1.1907827,-0.057725374,0.5182632
0.84330297,0.9585146000000001,0.28728837,1.05712,1.4910754,-1.5667784,-0.7809609000000001,-0.039076283999999996,0.46606657
-0.29591936,-1.0898709999999998,-0.454726,-1.429058,1.839461,-0.62053555,-1.8249272,0.7514014,0.47386715
0.8999229999999999,1.0231779,-1.5193146,1.0433685,1.565445,-1.339618,-0.8891226999999999,-0.41120848,0.5988111999999999
-0.46192226,-0.50822496,0.39321056,-0.659396,1.7391656999999998,-0.12567882,-0.30096069999999997,0.858519,0.4267048
0.37375194,1.2530807,-0.41943246,-0.38237697,1.6444234,-0.9662763000000001,-0.36666566,0.13473347,0.45231882
0.9197681000000001,1.2770628000000002,-0.80963403,-0.7418499,1.0593324,-0.45607528,-1.6821165,0.26841003,0.51338917
-0.166687,1.1173525,-0.1006895,-1.5498134,1.6859195,-1.330835,-0.51513696,0.4638661,0.45563585
0.15418446,1.0928532,0.6113496,-0.001004999,1.7641858,-0.37930040000000004,-0.60513216,0.22169493,0.42272659999999995
-1.3973064,0.8917974,-1.5591301000000002,-1.529302,1.7985451000000001,-1.6870446,-0.10760479,0.53525925,0.48785007
0.87427944,1.0261854,-0.8797461,0.37521014,1.6665425999999999,-1.8790169999999997,-0.26827404,0.083870865,0.5485645
-1.1628903999999998,-0.3266223,-0.46898052,-0.8070304,1.8996203,-1.5876242,-0.4315115,0.63211465,0.49500707
-0.619616,-0.021917941,0.32091537,-0.20489873,1.9603006999999997,-0.6400358,-0.8980775,0.41011414,0.43676963
-0.1800328,-0.95429575,-1.4818029,-0.12714906,1.9134740000000001,-0.38503975,-0.44926742,0.5594501000000001,0.4581339
1.160458,1.1022788000000001,0.4391655,-0.35002872,0.9125853,-1.1835618,-1.4796916000000002,0.25242928,0.47885123
-0.6665099,1.0586773999999999,-0.12736683,-1.366696,1.796109,-0.9433041,-1.0060036,0.36132926,0.45396927
-1.071912,-0.18994182,0.8918851999999999,-0.7861803,1.6197202,-0.52594155,-1.7512468,0.97348773,0.4700833
0.9889973,1.063468,-1.2691041,0.21076803,1.6850349999999998,-0.8437803,-1.2488328000000002,-0.20160754,0.52781665
-0.6068748,-0.45550427,-0.41030464,-0.29666388,0.93040055,0.0026386327000000004,0.26798803,1.1952786,0.38565555
-0.17163703,-2.0805491999999997,-0.94124866,-1.0768939,1.9558213,-1.1159956,-0.3844628,0.47731382,0.48053005
0.9842668,1.1469857,0.3837781,-0.2692236,1.668791,-1.3325396,-0.9101396,-0.3365038,0.47950837
0.9114187,1.0432216,-0.7259062,0.27419207,1.6180038,-1.6975581999999998,-0.6082156999999999,0.14338563,0.55440605
0.6460929,1.2087252,-0.85936755,-1.7088009999999998,1.668139,-0.96210015,-1.1591917,0.07827428,0.5097202999999999
-0.59494406,-1.8118067,0.41928119999999997,-0.48287833,1.9415814999999998,-1.0876603,-0.18721542,0.5077343,0.4727679
0.49050959999999993,1.2320782,-0.77592206,-0.47328636,1.6114362,-0.8267434000000001,-1.2183757,0.21863581,0.4836393
-0.44070607,-0.4126135,-0.16246964,-1.8625467,1.92651,-0.38877568,-0.74629825,0.55201983,0.4705758
-0.7120936999999999,-0.35359812,0.18882388,-1.4330785,1.8685603,-1.7449968999999996,-1.6631286,0.6967051999999999,0.49957544
-0.28497916,0.91128,-1.2981132,-0.10098629,1.8398902,-0.27684772,-0.22382425,0.35834970000000005,0.4469777
-0.25649798,1.1807303,-0.30901286,-1.4657147,1.7296218,-0.07194872,-0.61211365,0.24560992,0.46857962
-0.9408193000000001,-0.43623728,0.42411187,-0.090656765,1.7692193999999999,-1.3388332,-0.92338365,0.83463407,0.46914873
-0.32343334,1.0934287,-0.23404135,-0.54960376,1.6401156000000003,-0.58780676,-1.134403,0.5656638,0.43488009999999994
-1.7659018,-0.49551090000000003,-0.54574484,-0.23232856,1.8564991999999998,-0.72939235,-0.24028824,0.70746696,0.44956999999999997
0.30191794,-0.1405823,-0.013052836000000002,0.08284993,1.7747283999999999,-0.7766398,-1.5573472,0.741027,0.37819606
-0.71125937,-0.7323405,0.1473801,-0.63622385,1.8578436000000003,-0.8680082,-1.2990005,0.71856195,0.46221337
-0.8302393,-0.40576068,0.25296979999999997,-0.8116803000000001,1.8809894,-1.6191043,-0.5166744000000001,0.6652424,0.47494552
-0.7366931,-0.42727068,-0.5368693,-0.62669027,1.8950756000000002,-0.11177584,-1.4771521,0.6241131999999999,0.44075862
-0.5505366,1.1754988000000002,-0.38251942,-0.854434,1.770334,-0.9764174999999999,-0.9945896999999999,0.21154328,0.45554579999999995
1.008683,1.0104114,-0.16924511,0.733798,1.5098338,-0.56569487,-0.6481875,-0.018680578,0.5120583
-0.5212894,-0.7296128000000001,0.33032477,-0.9219809999999999,1.8204231,-0.71149933,-0.19484042,0.7653194999999999,0.43786055
-0.34661818,-0.9708962,0.6952044,-0.17281033,1.8834034,-0.6623795,-0.7314265,0.62291694,0.44613633
-0.88424486,1.237023,-0.79726136,-0.36377909999999997,1.6973349999999998,-0.7493486999999999,-0.6361011,0.23095538,0.4427875
-1.9175353,-1.3786223999999998,-0.53263867,-1.3154242,1.8665824,-0.40412596,-0.29529172,0.7085615,0.49329653
-0.699936,-0.77972496,-0.0984234,-0.20215537,1.3365979,-0.43706247,-0.11536971,1.1368,0.41047442
-0.8795315999999999,-0.18848094,-0.5520142,0.69908655,1.663919,-0.6282291999999999,-1.3300011,0.84055775,0.41481277
-0.42752144,-1.6532814999999998,-1.0904241000000001,-0.022662542999999997,1.9435868000000003,-0.44736037,-0.29683137,0.4856132000000001,0.47437033
-1.3852351,-1.1366152,0.21795984,-0.2691886,1.8968009,-0.9244568000000001,-0.21455312,0.6272289000000001,0.47620028
0.39334762,-0.53658825,0.24077073,-1.2171162,1.2336347,-0.15047492,-0.52565235,1.1138063999999999,0.4318218
0.970086,1.1109518,-1.6168803,-1.5565057,1.6497102,-0.59018624,-1.6285008,-0.06749818,0.500563
0.9811827,0.9143241,-0.16234714,0.878867,1.4989008999999998,-1.2462777,-1.5686018,0.080885574,0.5631024
0.8513037,1.0602556,0.11676574,0.81112355,1.6220518,-0.19397226,-0.78675497,-0.17912395,0.543383
-1.1137496999999998,-1.296981,-0.7310977,-1.9586345,1.461455,-0.41462618,-0.19583955,1.1059153999999998,0.47042486
0.9868338,1.0680393,-0.86784434,-1.9326078999999998,1.5345086000000001,-0.46168178,-0.88189703,0.21125062,0.50798255
0.54459417,1.2761028,1.1406306,-0.8019984,0.6933888000000001,0.03839838,-0.05582748,0.508973,0.35126182
0.8426446,0.91857785,0.78441566,0.8660708,1.6491019,-1.3347421999999998,-0.68008447,-0.041400235,0.44768104
-0.1964825,0.29293898,-0.5895876999999999,-0.9547822,1.8493737000000001,-0.22177339,-0.5012825,0.6426191,0.46294257
-1.5644265,-0.27553552,-1.1508046,-1.6000531999999998,1.9779377,0.13688736,-0.14274026,0.35554257,0.489846
-1.1525561000000002,-1.0815742,0.9333171,-0.9026798,1.8989743000000001,-0.40664715,-0.046707715999999996,0.57985246,0.5008999
-0.39023978,0.4374749,0.2632534,-0.43101674,1.8976766,-1.0830135,-0.20764479,0.50209177,0.4408665
