	g1	g2	g3	g4	g5	g6	g7	g8	g9	g10	g11
cell_0	0.0397735	0.26531792	0.56197214	-0.39312834	-0.85272706	0.30399486	0.43606004	0.72201985	0.9970955	1.0513933000000002	-0.0007864942999999999
cell_5	0.5824261	0.49134302	0.48252280000000003	-0.15355667	1.0986718999999998	-0.64980614	2.495207	0.7383746	-1.1570071000000002	-1.3461334999999999	-0.43839982
cell_8	0.5036464	0.47664905	0.5658786	0.9323459000000001	0.23653297	0.75516194	1.3749118	0.6920399	0.8650683000000001	-0.41493067	-0.5288843000000001
cell_10	-0.57840604	0.40478020000000003	0.53500414	0.096850805	-1.5681678	1.0984673999999999	-0.38583627	0.7655479000000001	0.9879299000000001	1.0144212	-0.55452067
cell_12	0.35690162	0.5098755	0.45627449999999997	-1.3521482	0.17676134	-0.3122116	0.38631892	0.6870068	0.9469495000000001	0.8041983	-0.21949832
cell_14	0.6120708	0.3453914	0.537162	-0.50452036	1.5722129999999999	-0.16280457	2.422515	0.7430234	-1.7244836	0.0343819	-0.007843169
cell_16	0.5057427999999999	0.39397457	0.5816017	2.1083133	0.039326652999999996	2.4055772	0.38778013	0.48193988	-1.0972321000000003	-0.37197638	-1.3875626
cell_17	0.5412958999999999	0.40354362	0.5010260999999999	-0.3354321	0.08647019	2.4061842	0.5420913	0.81501436	-0.7988158000000001	0.13237375	-0.6593831
cell_18	0.21759453	0.416733	0.5581397	-0.23227994	-1.140878	-1.1241615	0.57881624	0.803347	0.8916669	0.87617666	-0.5647045999999999
cell_20	0.4903552	0.32888925	0.510548	-0.41889504	-0.7699726	-0.844665	-1.4848566	0.90669125	0.8341703000000001	0.5213623	-0.88859355
cell_29	-0.07780102	0.39588353	0.592213	-1.353164	-0.061689597	-1.4304196000000002	-0.5712602	0.82372266	0.7682566	1.1099217	-0.7430277
cell_32	-0.006329979	0.34562868	0.52919674	0.3033143	-0.68671733	-0.75498945	-1.5637215	0.82052016	0.98551357	0.9471773000000001	-0.65964425
cell_38	0.5193455	0.45239666	0.6011674	-0.2797389	-1.1121862	1.4617467	-1.311704	0.6373555999999999	0.9311913	-1.0887125	-1.0522543
cell_40	0.60453755	0.48079967	0.5577478	0.11321241	0.64471847	0.26367587	-0.06972304	0.8713581	0.5259887	-0.59861577	-0.8225865
cell_43	-0.65044606	0.39587885	0.5236282	-0.72474784	-0.51538795	-1.2829133	-0.22098985	0.66527456	0.9781661	1.1772915000000002	-0.11121465
cell_51	0.58841735	0.40194646	0.49813676	-0.735459	-0.6420366999999999	2.4271896	-0.27388063	0.8000943	-0.53887373	-0.91762656	-1.3603135
cell_55	-0.62474364	0.5226449000000001	0.49767107	-0.0017025258	-0.90841824	-0.65294564	-0.039451297	0.7744127	0.88213515	1.0867492	-0.57205623
cell_61	-0.08607446	0.2882623	0.5267668000000001	-1.6249772	0.19965166	-0.7930524	-1.1924008999999998	0.8113383000000001	1.0138321	1.0048549999999998	-1.7505988000000001
cell_62	0.26339653	0.5106339	0.41594407	-0.9546165000000001	-0.5789191	0.8561844999999999	-0.54567796	0.7291621	1.027201	0.64988905	-1.0021756
cell_64	0.66308254	0.40762514	0.6076592	-1.6405513999999999	-0.21616605	2.1567945	0.82345116	0.75077164	-0.6220481	-1.0615620000000001	-1.4170854
cell_74	0.5700488	0.4353292	0.60071635	-0.69217414	-0.86410433	0.6979635999999999	1.3627774	0.6851986	0.8558811	-0.74026275	-0.54659986
cell_75	-0.36975121	0.48038843	0.48517272	-0.24515991	0.8842518	0.20771794	-1.1231568	0.7678275999999999	0.9752718	0.9864613999999999	-1.4411523000000002
cell_76	0.51802975	0.35780847	0.67470413	0.08395704	2.4053977000000004	-1.480034	2.4965357999999997	-2.0538065	-1.8680346	-1.8073905	-0.63765967
cell_77	0.08074081	0.37610429999999995	0.5142609	0.6068536	-0.09581744	-1.1261464	-0.27743676	0.7449992	0.9611430000000001	1.0240911	-0.28646544
cell_80	0.5148946	0.43963858	0.56471413	-0.53469044	0.5889453	-0.19574206	2.5250787999999997	0.7795433	-0.2957323	-1.173036	-0.89264894
cell_81	0.5830663	0.40856087	0.5160922	0.7108257	2.4359498	-0.6146162	2.4704096	-0.89143896	-1.4111623	-0.84333974	-0.3702785
cell_84	0.61724603	0.5474215	0.37322503	-0.07364437	2.3904192	-0.47147659999999997	2.4394536	-1.3253641999999999	-0.8854732	-0.9115056999999999	-0.6214401999999999
cell_85	0.52157855	0.3650288	0.5264484	1.9101317	-0.20907162	2.4865892000000005	-0.38587487	0.62900907	-0.6609998	-0.92104024	-1.2385839
cell_90	0.45833787	0.47980684	0.5937058000000001	0.33220676	0.3246886	2.201175	-0.58309394	0.81594074	0.20095433	-1.2174975000000001	0.057105377
cell_96	0.54762787	0.43650064	0.5701135	-1.0061802	-0.059048153	-0.49468693	0.027024614	0.7898666	0.84712183	0.017982783000000002	-0.76993376
cell_97	0.6089889	0.35738522	0.42139438	0.28604236	-0.54289764	-0.8641752	-1.2402093	0.8438603000000001	0.92465264	-1.067323	-0.76413274
cell_98	0.22848886	0.52351594	0.5636346999999999	-0.21633759	-1.1601812	-1.8056332999999998	-0.7965435000000001	0.73577595	0.9061973	0.78838307	-0.89843196
cell_105	0.6390028	0.47987708	0.48208955	0.12362650000000001	-0.65100515	0.34743670000000004	0.44518557	0.7651817	0.7810288000000001	-0.20071101	-0.8224607
cell_106	0.48987532	0.4802049	0.4850746	-0.92079926	-0.05609928	-0.62425	0.030865429	0.77002764	0.8954489999999999	0.46013632	-0.19990847
cell_110	0.54324627	0.40734905	0.63603264	-0.2928958	2.3914158	-1.1066691	2.4185212000000003	-0.29424279999999997	-1.3885143	-1.3744916999999999	-0.3770958
cell_112	0.56212986	0.4997674	0.48383059999999994	-0.7572565	-0.5829278	-1.0304596	-1.1403614	0.85563606	0.7637845	-1.288471	0.09951981
cell_113	0.06457499400000001	0.44707057	0.43476704	-1.4860631000000002	-0.036373034	-0.07056108	-0.6190465999999999	0.76059675	0.9528518	1.0439359000000001	-1.0216996999999999
cell_115	0.5283413	0.4723831	0.59822863	-0.7069965	0.4583805	0.46770018	-0.0022256158	0.7182745	0.8592698000000001	0.06835655	-1.3191568
cell_116	0.5555545999999999	0.43016967	0.49764308	-1.0998101999999998	-1.5607771000000001	2.2469409	-0.47630563	0.7850693	0.5150235	-1.6459502000000001	-1.2915928
cell_121	0.43412029999999996	0.5021295	0.38224304	0.84328204	0.31227556	-0.47321668	-0.74180186	0.81936973	0.91953933	0.44621608	-0.9136546
cell_122	0.64351565	0.41228980000000004	0.58728063	0.23082066	2.4252636	-1.2724886999999998	2.0335646	-0.18768632	-0.12301728	-0.37737224	-0.14251377
cell_124	0.58382475	0.5884421	0.47270736	-0.20098755	2.4910192	-0.09150853	2.0491946	-1.4543293	-1.6910709	-0.8351134	-0.38689244
cell_125	-0.73495144	0.47914115	0.42175516	-0.95197165	-1.4211379	0.5731866999999999	0.6629618	0.7945146	0.92071426	1.1151286	-1.0180086
cell_128	0.6817454000000001	0.3628092	0.49346814	0.5780331999999999	0.18643749	2.4324436	-0.5078476	0.6969179	-1.6130633	-0.46022472	-1.1273351999999999
cell_130	0.42537805	0.47062582	0.49372113	-1.1175187	0.013107599	1.2614923	0.59799564	0.8340231	0.86608243	0.11586797	-0.33417594
cell_132	-0.44155735	0.47544970000000003	0.46999827	0.42497793	-0.59819084	-0.9323164	0.6229269000000001	0.7882416999999999	0.93852514	1.019583	0.28129604
cell_137	0.62732774	0.4040057	0.48781323	-0.7546881	-0.9816273999999999	-1.3089351999999999	-0.024339918	0.7641898	0.914438	-1.0694734	-1.4896287
cell_151	0.6219776	0.5699415	0.63286704	-0.44346863	-1.5253780000000001	0.732597	-0.59915984	0.83275956	-0.14095815	-0.39890647	-1.5873568
cell_162	-1.1817349	0.45223096	0.41019708	-0.044611853	-0.00069829385	-1.3182603000000002	-0.31641662	0.81832683	0.9276359000000001	1.1439295	-0.88790077
cell_167	0.538378	0.37851409999999996	0.44623172	-0.15603697	-0.92479867	-0.8680945999999999	-1.5703827	0.81620365	0.99612886	-1.169563	-0.8285707
cell_172	0.68578964	0.27167296	0.60509586	-1.3519793	-0.25995820000000003	0.47262713	-0.006547501	0.7848785	0.77616394	-0.46684483	-1.4532181
cell_175	0.5544928000000001	0.48372529999999997	0.5714328000000001	0.22638102	-1.1148161	0.116479725	-0.5993503000000001	0.8053201999999999	0.78495836	-0.8458814	-1.1239313
cell_178	-0.14216007	0.49489868	0.3998903	-0.49340895	0.23291978	-1.7034014	0.017189516000000002	0.76757497	0.92258877	1.0995023000000002	-1.3663905
cell_182	0.59741294	0.3938022	0.40238172	0.59489065	2.4113688	0.575713	2.5696695	-1.4468671	-0.3351348	-0.25985923	-0.31473774
cell_184	-0.091128714	0.40260947	0.56734765	-0.2804357	-0.25216517	-0.9534321	0.42621332	0.8437589	0.8731260000000001	0.9942216	-1.2086527
cell_188	0.5525321	0.47370377	0.3001231	-0.25484398	-1.6064696000000003	1.3389897	0.6645265	0.81771266	0.9176483	-0.42640302	-0.86579484
cell_191	0.55626416	0.35317862	0.58346915	-1.2448975	2.2018828	-0.41514334	2.6152182	0.23212202	-1.6531055000000001	-1.7312516	-1.1574559
cell_194	0.67604357	0.5961963	0.5716146	0.051256076	2.1121209999999997	-0.40541255	2.2348871	-1.9516258000000002	-1.6187541	-0.7279578	-0.8914926999999999
cell_195	0.31425879999999995	0.45160678	0.71916926	-0.5714329	-0.048165694	-0.43750107	0.34861106	0.6983695	0.8852766	0.44944364	0.05323944
cell_197	0.6170977	0.394345	0.48531112	-0.39713147	2.4309213	-1.285269	2.5044131000000003	-1.2401332	-0.8365603000000001	-0.7090976999999999	-0.622899
cell_198	-0.29672813	0.3530281	0.52396226	-1.5436728000000002	-0.59568197	-0.11244122	-0.40946147	0.86250234	0.9934096	0.94425946	-1.6923541000000002
cell_206	0.504499	0.40928096	0.5867131999999999	-0.591673	-0.19991334	-1.2019141000000002	1.3185338	0.80579114	0.86744577	-1.8808796000000003	-1.4395455
cell_208	0.68647254	0.36064136	0.64397615	-0.10632284	0.016493905	1.8713055	-0.44321459999999996	0.8194254000000001	-0.4918233	-0.5632594	-0.74052167
cell_211	0.6512217	0.42203033	0.70428073	-0.32879826	2.4510287999999996	-1.3769301999999999	1.6767439999999998	-1.4928881999999999	-0.6018558	-1.1430216	-0.45542790000000005
cell_212	0.6205736999999999	0.41320747	0.5661575	-0.3602012	-1.6741749	-1.5821482	1.8887453	0.63221675	0.8082763000000001	-0.06435196	-0.8825272
cell_216	0.70469475	0.557873	0.59981066	-0.34086079999999996	-0.36354962	-0.68659824	0.24146199	0.7949371999999999	-0.8426662	-0.8680247999999999	0.108805604
cell_217	0.44686213	0.50370884	0.5264840000000001	-0.21063085	-0.40853384	-1.4953698	0.22513756	0.6929911	0.9397610000000001	0.517838	-0.91596085
cell_218	0.50892276	0.4964622	0.42725754	0.66430527	2.3590226000000003	-0.058726676	2.6236143	-0.40539712	-1.7762603	-0.7554366	-1.5354961999999999
cell_222	0.51747435	0.48945504	0.43899718	1.2618093000000001	-0.46988654	2.410772	-1.1467332000000001	0.78462094	-0.45135814	-0.7396743	-0.28767857
cell_223	-0.16173667	0.5211603	0.48718825	-0.76889664	-1.6020236	-0.7059514	-1.2010671	0.75339055	0.9437506999999999	0.9993656999999999	-0.5077628
cell_224	0.5209053	0.45004818	0.51640457	-0.9636219000000001	1.3760655000000002	-0.7190674	2.5402262	0.7642579	-1.1755852	-0.96794957	-0.81044436
cell_232	0.5896656	0.43280452	0.5017115	-0.007368004399999999	0.35763659999999997	-0.8588495999999999	-0.60728145	0.70422435	0.95439696	-1.5548669	-0.06011287
cell_236	-0.45168257	0.38256216	0.40656945	-1.6927991999999998	0.06301860000000001	0.016640315	-1.0903563	0.8644681999999999	0.909824	1.1401358999999998	-0.7814941
cell_238	0.5718255999999999	0.4522303	0.50774395	-0.12871309	-0.26646376	-0.54893947	-1.5753301000000002	0.781972	0.87856764	-0.083937176	-0.6388694
cell_240	-0.10133584	0.45768663	0.49295983	-0.65195584	-0.61834294	0.08734	-0.37479004	0.7745803000000001	0.8783919	1.1020448999999999	-0.98464006
cell_241	0.4151247	0.49684688	0.43026066	-0.95950127	-0.058059584000000004	-0.27934873	-1.2440928	0.80057	0.93732375	0.5248655	-0.42727914
cell_243	-0.18292373	0.35815638	0.6165687	-1.1406803	-0.66048115	-0.47215235	-0.02330678	0.76814276	0.96936876	0.99275756	-0.9194075999999999
cell_245	0.52752465	0.492463	0.5647749	-0.14208336	-1.2068290000000002	0.48633882	0.43627304	0.8968328999999999	0.58987886	-0.6557393	-0.028913817999999997
cell_248	0.19084771	0.41963009999999995	0.51323897	0.17378137	-0.44714075	-0.28977529999999996	-0.90390027	0.86682814	0.9160855	0.78064513	-1.3533538999999999
cell_253	-0.58264434	0.32037657	0.3851771	0.52465105	-1.4439082	-1.1687626	-0.99274766	0.8504248	0.960256	1.1667285	-0.77477825
cell_263	-0.5894675	0.51367885	0.41272929999999997	-0.3424782	-0.9702765999999999	-0.39695668	-1.8289123999999999	0.8468825999999999	0.8441318999999999	1.116695	-1.0085996
cell_264	0.5415736999999999	0.46469042	0.4990155	-0.8081183000000001	-0.95603883	0.49258015	-0.030132693999999998	0.69768304	0.9318705	0.36917216	-0.57013804
cell_268	0.58285236	0.42153302	0.38903755	-0.08413641	2.4731753	-0.9358030999999999	2.5556917	-1.1271495	-0.6490464	-0.5525804	-0.54122275
cell_270	0.57789147	0.47930372	0.5136457999999999	-0.44780526	1.0625826	-0.06941454	2.5537092999999995	0.69294864	-1.5015020000000001	-1.4138754999999998	-0.8225483
cell_272	-0.52712756	0.2539416	0.44849133	0.5148512	0.6275175000000001	0.062106505	-0.8693806000000001	0.82599425	0.934535	1.1783706	0.18978362
cell_281	0.47639620000000005	0.50165004	0.47043833	-0.99944663	0.27573904	-0.50692934	1.8825174999999998	0.73213756	0.87267935	-1.1189969	0.03521116
cell_286	0.67759734	0.40914157	0.47392413	0.10662304	-0.30071479999999995	1.4004444	-0.3607017	0.69841343	0.83096266	-0.52936584	-0.6025645000000001
cell_289	0.47849178	0.3924666	0.6287243	-0.8560697	0.42584243	2.3072186	0.3359211	0.77828443	0.3243225	-0.65510195	-1.0026128
cell_299	0.5235327999999999	0.47537386	0.6068636	-0.45161736	2.5469772999999996	-0.16344577	2.087814	-0.8231188	-1.5201646999999998	-0.67747366	-0.43854204
cell_300	0.32984555	0.35640642	0.48902637	-1.0362184	0.77921754	-0.21329632	0.34732965	0.8324529	0.9639798	0.6965674	-0.8672325000000001
cell_303	0.34579393	0.32208326	0.51230395	-1.0505954	-0.9412263000000001	0.33536783	-0.7626506	0.8689245999999999	0.92999625	0.72478455	-0.51750356
cell_304	-0.14786911	0.40567538	0.47089982	-0.13214335	-0.17902343	0.7009550999999999	-0.28763628	0.8311596	0.9754370000000001	0.96578896	-1.0914454
cell_311	0.4848853	0.48204359999999996	0.43586585	-0.89334744	2.4434543	-0.016705133	2.555409	-0.5431031999999999	-0.85588187	-0.8243729	0.33327398
cell_314	0.5552726	0.29817972	0.6051469	1.8827264	-1.4449723	2.1803317000000004	-0.13766015	0.778857	-0.41568637	-0.94275934	-0.24599099
cell_320	0.5471736	0.56153613	0.5189823	-1.0644704	-0.84596294	2.3016193	-0.6458258000000001	0.73409355	-1.0141301999999999	-0.086977266	-0.14093626
cell_321	0.50726646	0.36166963	0.5850383000000001	-0.56507146	0.28297877	-0.44637775	-0.040793754	0.64733803	0.9556468000000001	0.6702296	-1.2920961000000002
cell_323	0.65951043	0.41643820000000004	0.63069195	-0.48232526	-0.9337815	-0.64292955	0.84146667	0.69716215	0.7630022	-1.5492808	-1.4135505
cell_326	0.5908888000000001	0.5182996	0.59289867	0.53978	-0.1263059	1.3355101	-0.3950386	0.7733817	0.5742424	-1.2453513999999999	-0.7393574
cell_329	0.584608	0.5220626	0.69485956	0.3491145	0.0006019381700000001	-0.87228775	1.8308346999999998	0.74508554	0.06697357	-0.91523653	-0.5884736999999999
cell_333	0.5969424	0.37811738	0.28683335	-0.74150157	-0.34636617	-0.038282	-1.3307756000000002	0.79194903	0.9863584999999999	0.43834409999999996	-1.5324868
cell_335	0.28319287	0.5431090000000001	0.5451491999999999	0.042478394	-0.27980998	0.18837647	0.31481794	0.67365086	0.8926675999999999	0.82247406	-1.1354540000000002
cell_339	0.5854453000000001	0.40441024	0.53099144	-1.3903988999999999	0.58721304	-1.2056347	2.574535	0.7482131999999999	-0.9427338	-0.5269071	-0.8931614999999999
cell_344	0.80111015	0.53124607	0.44570902	0.25034544	1.4437888	0.707259	2.4507708999999998	-0.62648976	-1.2119678	-0.36697490000000005	-0.15085292
cell_346	0.33693463	0.3841136	0.67049575	-0.15010329	-1.5177108	0.52646834	0.35172087	0.8088266	0.9463652	-0.48518994	-0.9569594000000001
cell_349	0.590208	0.43768638	0.7465257	0.23716277	-0.38429874	0.48529074	0.15585287	0.7935492	0.43277916	-0.80505586	-1.7401955000000002
cell_362	0.5087775	0.41930205	0.47388148	1.3922217	-1.2919406999999998	2.3962847999999997	-0.8546029	0.84016526	-0.92091334	-1.122847	-1.1482397
cell_363	0.5884136999999999	0.44870654	0.40484014	0.18462509	2.385764	-1.0374705	2.612205	-0.90318155	-1.0884931999999998	-0.9209735000000001	-1.481701
cell_364	-0.6603945999999999	0.30383140000000003	0.55177784	-0.30329123	-0.35252804	-0.63998157	-0.32509694	0.77621394	0.93406594	1.1717657	-0.15241268
cell_365	0.66263413	0.5850706	0.5230463	-0.9365713999999999	2.3754504	-0.8065996999999999	1.8937805	-1.4226501	-0.6009502	-0.48806700000000003	-0.17293477
cell_371	0.50754267	0.50029546	0.5855537	-1.0147917	0.24591439999999998	2.210945	0.7774685	0.6825514	0.45624974	-0.3420724	-0.26790157
cell_373	0.56580716	0.44976607	0.57358724	-1.233863	2.4795113	0.3647355	2.303481	-1.0941967	-1.0508393999999999	-1.1144937	-0.68168324
cell_374	0.50507575	0.45005509999999993	0.52926785	0.7377597	0.53984916	2.4291503	0.31588775	0.7702182	-0.603154	-0.30164504	-0.63488287
cell_375	-0.49257725	0.43970773	0.44209683	0.13168693	0.11237269999999999	-0.22769743	-0.951203	0.7967103	0.93625385	1.1185268999999998	-0.71192455
cell_378	0.48365959999999997	0.5002175999999999	0.46908838	-0.91262895	0.32317266	2.425078	-1.5497999	0.8128434	-0.9503701999999999	-0.0234247	-0.5698103
cell_379	0.5690205	0.4710433	0.59301615	-0.7336891	-0.8192966999999999	-0.37663704	-0.1847807	0.6962118	0.877516	-0.119003266	-1.0416814
cell_382	0.60468626	0.45111927	0.40880343	2.1592658	-1.5172237	2.2672207	-0.45045087	0.5855108	-1.1577183000000002	-1.5863068999999999	-1.5167413
cell_384	0.59831876	0.4544218	0.5928147	0.12314935	-0.5766763	-0.85209453	1.3436754	0.76402694	0.7046543000000001	-1.2263371	0.10924674599999999
cell_388	0.61616373	0.45415175	0.6519483	-0.97636	2.4704683	-1.2523023000000002	1.9509851000000002	-1.7527648999999998	-0.748326	-0.44044808	-0.8807588
cell_390	0.58554375	0.47325152	0.42390200000000006	1.5242058	-1.342935	2.39718	1.1001941000000002	0.69417083	-1.9558363	-0.5864416	-0.48891488
cell_394	0.52319837	0.40140364	0.41533843	-1.3114299999999999	-1.1949818	2.0249302	-1.4430082	0.7709823	0.8763982	-1.096518	-0.62163275
cell_396	0.63658905	0.50997734	0.39181727	0.21016817	-0.1346001	0.13415848	-1.4950212999999999	0.76713115	0.8488539	-0.7592161000000001	-1.1038501
cell_397	0.5822172	0.47919312	0.5897613	-0.572116	0.50797814	-1.7220376	2.403902	0.7493261999999999	-1.5184387	-1.2121013	-0.541786
cell_399	0.5234375	0.49563593	0.52976966	-1.219126	-0.06565324	-0.38846955	-0.7942756999999999	0.8093588	0.8498138000000001	-0.7025628	-0.45663062
cell_400	0.56383973	0.3437514	0.5196385	0.34075072	-0.450233	2.3283452999999996	0.17499937	0.80965793	0.35931772	-0.65212697	-0.970901
cell_401	0.5178965999999999	0.37609938	0.49129984	0.30030507	-0.6955057	-0.70717484	-0.99137104	0.7851418000000001	0.8678295	0.73985076	-0.7601043000000001
cell_409	-0.040424265	0.33828166	0.5088722999999999	0.16491641	1.1076611	-1.2987883999999998	0.15912363	0.7775918	0.9743073	1.0166202	-0.8626629000000001
cell_412	0.58602965	0.43555197	0.41888833	-0.8246003000000001	-1.7114555	2.2633429	0.18272972	0.8769249	0.0038505413	-1.4341375	-0.28791690000000003
cell_413	-0.022703312000000003	0.38729194	0.3015531	-0.61333054	-1.0133193	-0.22612585	-0.8839985999999999	0.7970457	1.0420254	1.0528712	-0.5770029999999999
cell_415	0.54260546	0.3740196	0.4610161	0.012647098	-0.85900337	1.8969721999999998	-0.048167724	0.7851085	0.85956186	-1.0952188999999999	-0.33832493
cell_419	0.6564772	0.38202137	0.42888767	0.13316937	-0.17313339	0.41523322	-0.5811413000000001	0.8560232	0.8051967	-1.1138017	-0.8644509
cell_420	0.5507273	0.40036175	0.55004174	-0.20293193	-1.0356207	-0.37049770000000004	-1.24472	0.7834810000000001	0.9256554	-0.4172008	-1.1631801000000002
cell_421	0.273044	0.40907893	0.56390786	-0.7029029	-0.27892366	-0.40592468	-0.107577875	0.73450583	0.9941455	0.749649	-0.8310829
cell_424	0.5412041	0.37532020000000005	0.35471335	-0.6079468000000001	0.4800447	1.5281938	-0.25495723	0.80779505	0.92907625	0.3200691	-1.5588825000000002
cell_425	0.49029735	0.45400968	0.57554966	0.28091893	-0.53436935	-0.1334912	0.24227729999999997	0.7694439999999999	0.90689117	-0.32762858	-0.39906636
cell_429	0.59271145	0.49124490000000004	0.4203751	-0.86027753	-1.3999985000000001	-0.5944188	-0.818543	0.7651106	0.9124068000000001	-0.27587584	-0.79408205
cell_430	0.5509364000000001	0.5153084	0.5716871	-0.5173905	-0.5831960999999999	-0.64600146	2.1386168	0.8701018	-0.9187414	-0.8458976	-0.99601376
cell_431	0.6499826	0.31601322	0.53539133	-1.0627466	2.4440672	0.20797285	2.412832	-0.9142394	-1.1301302	-0.41249865	-0.011970936000000001
cell_435	0.59205526	0.5411639	0.41418573	1.243167	0.14303792	2.1482894	0.050242912	0.81577414	-1.0982152	-0.93731177	-0.19103923
cell_436	0.49899864	0.49013809999999997	0.5075438	-0.837299	-1.0622011	1.3943206	-0.7041859	0.75284135	0.8918105	-0.3045649	-0.5353991
cell_438	0.026620712	0.43875146	0.51569766	-1.5256536	0.6309281	0.73488444	-0.68724555	0.78591543	0.8768594000000001	1.0179874	-0.3251268
cell_440	0.46922132	0.41843188	0.5618470999999999	-0.26029450000000004	0.1895743	1.0395703	-0.6026252	0.6139963	0.9598184000000001	0.6163962	-0.005556534
cell_445	-0.08284518	0.45280879999999996	0.4937112	-0.46328247	0.68413883	-0.70025116	-0.96041054	0.6214678000000001	1.0055021	1.059266	0.16322568
cell_446	0.5108659000000001	0.40804216	0.6507168000000001	-0.9056162	2.3745205	0.061806085999999996	2.417169	-0.12823166	-0.8436889000000001	-0.53735864	-0.30565873
cell_447	0.54427207	0.31118733	0.5218771	-0.05266487	2.4638684	0.7901348000000001	2.5323074	-0.15244803	-1.4503267	-0.44946218	-0.72273666
cell_448	0.46386987	0.38379225	0.5783524	0.37346050000000003	-1.2089074	0.55838984	-1.0111345999999999	0.8101849	0.86452615	0.5170051	-1.221155
cell_451	-0.0043085488	0.55106103	0.5458778000000001	-1.456908	-0.8369469	-1.1530433	0.4715072	0.69935906	0.9052406	0.9524252000000001	-0.5091064999999999
cell_453	0.6195258000000001	0.62091094	0.46840632	-0.11561052	2.461325	-0.9976203000000001	1.8407966	-1.0106698	-1.0315642	-0.8680876000000001	-0.66573185
cell_454	0.4459142	0.40968192	0.41009268	-1.0155689	-0.26235327	-0.27752227	0.22295213	0.7780804	0.94637096	0.7867706	-1.1547025
cell_457	0.49851838	0.4882767	0.47007704	1.5193941999999998	-1.2612729	2.3998117000000003	-0.14203823	0.77269304	-1.0300907	-1.1250528999999998	-1.2849088
cell_458	0.6337519	0.50528973	0.46626234	-0.17479813	0.03153053	2.1664622000000002	-0.38813132	0.8143366	-0.67555386	-1.3647127000000001	-0.30954790000000004
cell_460	0.5050874	0.36519295	0.53922147	-0.6591754	-1.4931698	-0.08885244	0.99428296	0.84845144	0.7656498	0.6626378	-1.0693728999999998
cell_463	0.6282405	0.42057340000000004	0.44886859999999995	-1.1029031	2.4975235000000002	0.25348794	2.2768314	-1.9519619	-0.116123706	-0.9956875	0.25111079999999997
cell_466	0.5543308000000001	0.46953732	0.47700864	-0.9667216999999999	-0.6161194000000001	-0.9424861999999999	-1.4340198999999998	0.70526487	0.9439866	0.04633257	0.3438933
cell_470	0.63418466	0.4495375	0.35420766	0.5797816	-0.90493643	2.0867605	-0.19411923	0.7468756999999999	0.65544164	-1.2803427	0.12566896
cell_473	0.22056058	0.44299442	0.5747894	-1.3322736000000002	-1.0114187	-0.63817936	1.4124998	0.7748473000000001	0.81830555	0.90778804	-1.7200751
cell_485	0.58686846	0.48991132	0.5957854	-0.75337446	-0.86688834	-0.9530584000000001	-1.1107506	0.7071614	0.83564293	-0.45947987	-0.55913174
cell_488	0.54956156	0.46433318	0.54749334	0.44006655	-0.36986977	-1.1512040000000001	0.090187415	0.7458956	0.8668345999999999	0.14783179999999999	-0.6614135
cell_490	0.6412246	0.5430169	0.6633401999999999	-0.31016618	0.32584867	0.45634090000000005	0.17660935	0.8186836	-0.5513734	-0.21172652	-1.443973
cell_495	0.16246188	0.45558077	0.26769486	-1.3463223999999998	-0.6211585000000001	-0.50744534	0.59085184	0.8203252000000001	0.99953336	0.94852483	-0.835375
cell_496	0.5121353	0.5228686	0.5396755999999999	0.15479289	-0.20309384	-0.8777466	0.8538643	0.7496901	0.8716815999999998	-1.3526756000000002	-1.712243
cell_498	-0.71107537	0.46220836	0.47714362	0.34985259999999996	-0.37560782	-0.34575167	-0.29853868	0.8295254999999999	0.9097183000000001	1.0681016	-0.26991448
cell_504	0.57844085	0.38229632	0.5683488	-0.9901039	2.4581437000000004	-0.9124281999999999	2.462485	-1.7099429	-1.1557876	-1.1207132	-1.0216405000000002
cell_505	-0.11088527	0.46874785	0.41202894	-0.31736496	-0.8664894000000001	0.48259646	-1.2335511000000001	0.7661953	0.90722376	1.121202	-0.37118709999999994
cell_506	0.585806	0.54229146	0.46114272	-1.1959349	2.1882262000000003	0.116700634	2.4023252	0.2586805	-0.72579855	-1.4231721000000002	0.16782294
cell_511	0.5356453	0.40910456	0.37497708	0.25174558	0.35536295	-0.6682159000000001	0.5181100000000001	0.8093342	0.9473472	0.38404182	-0.6146264
cell_512	-0.20454118	0.3111581	0.38037065	0.0061056525	-1.539194	-0.30364913	-1.055088	0.8008868	1.0438721	1.0922698	-0.31648564
cell_520	0.79939836	0.529225	0.6642577	-0.76171434	0.39326880000000003	-0.9297801	2.2859700000000003	-0.45030420000000004	-1.7216043	-0.65135324	-0.72925204
cell_523	0.5921642	0.48549888	0.51637185	0.09283963	0.80019444	-1.4581133	2.3688326	0.7810321	-0.34157178	-1.6504903999999998	-0.47363204
cell_525	0.42658454	0.50134695	0.50995356	-1.0081493000000001	-0.44550034	-1.3767653	-0.88013446	0.81218624	0.86823225	0.46400017	-0.24858914
cell_528	0.59425783	0.32796934	0.34928477	0.45422283	2.4803414	0.4078899	2.6094873	-0.7834783000000001	-1.0975193	-0.3558779	0.12981676
cell_530	0.30226144	0.50482297	0.41943118	-0.19767739999999998	0.31640917	0.8440810999999999	1.0354828999999999	0.7497203	0.91426015	0.79299486	-0.26753363
cell_531	0.591972	0.3417062	0.46644393	-0.44546655	-0.28017148	-0.23138304	2.1187055	0.7465068	0.8149699	-0.23133759	-0.32180086
cell_536	0.5743233	0.40934318	0.40377432	-0.29598117	0.09352684	2.3535814	-0.26246256	0.7720175	0.5279335999999999	-0.8941292	-1.0863687
cell_543	0.6471342	0.37408559999999996	0.56563634	-1.0202685999999999	0.10088374	-0.42065978	0.8004328	0.753718	0.8247078999999999	-0.56859034	-0.575937
cell_546	0.6048303	0.61765635	0.60239387	-1.6163416000000002	-0.26163203	-0.31410959999999993	0.18720093	0.83367485	-0.9798049000000001	-1.1418513000000001	0.35323283
cell_547	0.53720313	0.48197046	0.48116368	-0.86081237	-0.31814042	0.9492171	0.45854179999999994	0.83618236	0.7914078	-0.33864877	0.07399709
cell_548	0.59382826	0.51775676	0.5001117	-0.43140903	0.26358038	2.2233080000000003	-0.17235176	0.71264404	0.1830275	-0.060789435999999995	-0.19351718
cell_551	0.19645095	0.40144625	0.43873844	-0.16373385	-0.06541519	-0.6720246999999999	-0.96650213	0.8074137	0.7479373	1.0870525	0.73508596
cell_563	0.527921	0.34939373	0.55008024	-0.90941036	0.1957304	0.38769838	-1.5465231000000002	0.9219710999999999	0.78635514	-0.73241603	-0.2716489
cell_566	0.46817634	0.662274	0.53425306	0.48874933	0.37784293	-0.5538869000000001	-0.19468541	0.7655721999999999	0.6365141	-1.0726444	0.1495243
cell_573	0.50694287	0.44360012	0.4609253	-0.52879107	2.4680583	-0.40181756	2.5841992	-0.7733953	-1.5813742	-0.6713583000000001	-1.2707763
cell_574	0.61771965	0.46263206	0.51339203	0.37418285	-1.4477525	2.2843316000000002	0.60802424	0.7711531	-1.4660327	-0.42955822	-0.32909685
cell_575	0.68915886	0.49130177	0.6020911999999999	0.537213	2.4368556	-0.041854236	1.6174567	-1.0966125	-1.8640645	-1.18862	-0.581603
cell_579	0.26814136	0.45456764	0.6174145000000001	-0.5412056	0.58046687	0.6611154	0.4331173	0.78963363	0.83723193	0.70692456	-0.43180484
cell_590	0.66643995	0.54848504	0.61260855	-0.60130304	0.087913014	1.9145563	-1.003955	0.7074144	-0.91068393	-0.9560350000000001	-1.4620094
cell_595	0.43618909999999994	0.292588	0.36571604	-0.6955498999999999	-0.55653846	-1.0943846000000002	0.12552992	0.8926495000000001	0.9526101	0.7477553000000001	-1.3724364
cell_601	0.62577975	0.38572997	0.5048915	-0.39038327	-1.0413811	0.5732593	0.92628235	0.7544072	0.8398486	0.14090638	0.0076999236
cell_602	0.54491365	0.5174339	0.5290866	-0.6510019	1.6944778000000003	0.376913	2.4841064999999998	0.61428654	-0.9149758	-1.1134095	-1.3500972
cell_603	0.618846	0.32152238	0.5254647	0.08610944400000001	-1.4655434999999999	0.13168673	0.16548495	0.73760694	0.95513403	-0.23979114	-0.83204454
cell_604	0.5283714	0.39627802	0.60061616	1.5302025	-0.5097649000000001	2.4403224	-0.93365604	0.67181355	-0.4926592000000001	-1.639748	-0.53093547
cell_605	0.08721296	0.48875815	0.5876448000000001	-0.7667748000000001	-0.56293154	-0.49083987	-0.41949780000000003	0.8003267	0.8628608	0.85425824	-0.024684496
cell_606	0.5784597	0.5338786999999999	0.48792365	-0.3271143	-1.1175848	2.1427302000000004	-0.26969022	0.8325876	-0.19699669	-1.1631008	-1.3729149
cell_607	0.68159455	0.42453092	0.6179668	-0.5553948000000001	-0.46606368	0.91786474	-1.0712108999999999	0.63254344	0.7752266999999999	-1.0534221000000001	-0.16126029
cell_612	0.41407663	0.30870679999999995	0.5533965000000001	-0.47490963	-0.40520895	0.30047503	0.3267759	0.8190953000000001	0.9016924999999999	0.74465644	-0.3264155
cell_613	0.51777023	0.39631059999999996	0.55464524	0.065278314	-0.38881788	2.5779798	0.15874982	0.7015853	-0.82846993	-0.74008554	-1.7229283
cell_615	-0.11018758	0.41998067	0.59310824	-1.6742234	-0.29732528	-0.17806779	0.57417524	0.83401895	0.8678302999999999	0.96521497	-0.98506963
cell_616	0.34651744	0.48406762	0.49109474	-0.9008678	-1.2609125	-1.207745	0.73730105	0.7392307	0.9046723	0.8181123	-0.24003747
cell_620	0.5908158	0.48260334	0.565453	-1.07023	0.30361715	2.285819	-0.37844706	0.66905004	0.21289216	-1.2026707	0.033288904
cell_621	0.57559323	0.48451832	0.31377047	-0.5430961	-0.010844112	-0.32710814	-0.09320042	0.75708914	0.8793936	0.6822946999999999	-1.525317
cell_623	0.31829527	0.3518031	0.45526466	-0.3714685	0.08388565	1.3737485	0.09243887	0.84835255	0.84851396	0.8947238999999999	-0.8440101999999999
cell_626	0.5223407	0.5081041000000001	0.46394989999999997	1.8419238000000002	-1.6993976000000002	2.4308537999999995	-0.41727665	0.60392874	-0.72222656	-0.92796373	-0.39031544
cell_627	0.36745700000000003	0.42511073	0.53921676	-1.5307953	-0.42698133	-0.6574691999999999	2.1413889999999998	0.8146518	0.83266664	-0.9711833000000001	-1.328147
cell_630	0.21331154	0.5505133000000001	0.47240806	-0.31776940000000004	-0.9518824	-0.4142646	0.15515922	0.57177925	0.99847865	0.9111611999999999	-0.65953314
cell_634	0.5275679	0.50384355	0.5445300000000001	-0.23086433	-0.72553676	-0.3283384	-0.16768983	0.7616289	0.8208136	0.30550040000000006	-0.46616316
cell_635	0.53151315	0.5098001	0.58305734	1.4604287	-1.6125711	2.106107	0.6728163	0.73996806	-0.53120476	0.07735534	-0.3516411
cell_636	0.6018992	0.26391809999999993	0.43618423	-0.37222168	2.207194	-0.7045456	2.5530922	0.60439783	-1.5845790000000002	-1.425802	-1.0964037
cell_643	0.5333412	0.48978487	0.4782903	-0.1550308	-0.31354895	-0.8454695	1.6339481000000002	0.81132805	0.78740543	-1.1148975	-0.19993277
cell_644	0.601324	0.4295138	0.5161861	-0.09892217	2.3905902	-1.0071094	2.5000386000000003	-1.4150015	-0.8027901	-0.5326063	-1.2040111
cell_647	0.5145118	0.43281165	0.6002481	0.41122583	-0.41483626	-0.84733367	-0.29858685	0.7323674	0.9265625	-0.45127887	-0.5134965
cell_653	0.5370022	0.38025603	0.49611127	-1.1803071000000003	2.3226016	-1.1816252	2.4618943	0.49182224	-1.3998382	-1.1769475	-1.3721566
cell_657	0.6219687	0.5477665	0.45511448	-1.1348358	2.2585819	-1.6407101000000002	2.5012116	-1.315289	-0.9321364	-0.61583555	-0.6002542
cell_660	0.5613786000000001	0.44447273	0.5006629	-0.7461135	-1.5278242	2.5108979	0.42148897	0.72937167	-1.0745356000000001	-1.2059989	-1.0396155999999999
cell_662	0.63468647	0.4070404	0.52607036	-1.5610548	0.83962816	-0.25412282	0.8061491999999999	0.71952873	0.8298858	-0.46642172	0.3413335
cell_665	-0.59521884	0.55135274	0.47447145	-0.7323675999999999	-1.3175063999999999	0.104149856	-0.027672121	0.65217704	0.87768745	1.1812987	-1.2366973999999997
cell_670	0.6150547	0.46691024	0.44720522	0.23433922	-0.6814984000000001	-1.3684313	2.1550214	0.71830595	0.6803076	-0.64878273	-0.81688875
cell_673	0.60181105	0.51127994	0.44471252	0.31447235	-0.7047394	-0.3394643	0.29886925	0.78918254	0.82172984	-0.57326114	-1.0152086
cell_674	0.258907	0.60228866	0.44801309999999994	-0.28029516	0.1897128	-1.1560818000000002	0.3059577	0.75318646	0.90151316	0.6763548	-0.9905816999999999
cell_675	0.5634194	0.40385340000000003	0.50444806	0.15669459	-0.5477793000000001	2.2803419	0.021712909	0.8744778	-0.5825923000000001	-0.46532488	-0.07674494
cell_678	0.47788748	0.45214936	0.59098464	0.40147495	-0.72281724	0.45994133	-0.81845415	0.75262105	0.88961744	-0.20632923	0.3110616
cell_679	0.22381392	0.41994319999999996	0.5566979000000001	-0.23184802	-1.0637586	-0.6108319999999999	-1.4146329	0.6739663	0.90023446	1.0302284	0.18196823
cell_685	0.6277181	0.44850942	0.4950028	-0.5169843	-0.20134795	-1.3202116000000002	2.100688	0.75930345	0.5860316	-0.69166565	-0.8798898999999999
cell_689	0.5886505	0.23115198	0.5933764	-0.4664665	2.601766	-0.41957173	2.2314265	-0.8649212	-0.20679969	-0.7408161999999999	-1.6914555
cell_691	0.57021016	0.5510144	0.6213231	0.7054022	1.5179884	-0.3043571	2.5234087000000005	0.29510966	-0.4779871	-1.2982951	-1.0688388
cell_692	0.5842759	0.31233979999999995	0.6193531	-0.9884149999999999	-0.574893	0.7795944	0.6361674	0.7902147	0.849273	-0.55999756	-0.32946807
cell_693	0.6835886	0.5273614999999999	0.5928618	-0.7879809	0.55371124	-0.27856925	0.69253904	0.7330369999999999	0.42748959999999997	-0.44855390000000006	-0.26069883
cell_694	0.50449336	0.4410442	0.6295248	0.27741036	-0.96486074	2.3792987	-1.6243326999999999	0.7729564	-0.71112025	-1.5623661	-1.0858
cell_697	0.5730470999999999	0.46170926	0.47831359999999995	-0.5300283	-0.12226286	-0.515143	0.23073894	0.8805664000000001	0.7536049	-1.5184852	-0.058487155
cell_698	-0.24309920000000002	0.3342013	0.56638694	0.5617441999999999	-0.49385238	-0.11648589	-0.45534185	0.86849964	0.9101457000000001	0.9886439	-0.07318248
cell_700	0.28777114	0.42242706	0.50578547	0.54028016	-0.8198656999999999	-0.74595153	-0.031246657999999997	0.8418144000000001	0.9155383	0.73332685	-1.0761348
cell_701	0.60944486	0.50058514	0.34024686	-1.6094447	0.31876016	-0.318621	0.42637579999999997	0.8289824	0.8363659999999999	-0.20252526	-0.6385558000000001
cell_704	0.57293916	0.3717824	0.45416090000000003	2.1716259	0.63529915	2.3905118	0.0060670404	0.54186213	-1.6757258000000002	-1.8166395	-0.9974437
cell_710	0.68048435	0.47137579999999996	0.7020460000000001	-1.5593243	2.2888937	-1.4242635000000001	1.9486400000000001	-1.107809	-1.7565734	-0.80182004	-0.93306434
cell_716	0.6567232	0.48806548	0.35331553	1.5746341	-0.13837104	2.5250013	-1.1438771	0.47684655	-0.34308887	-1.1677867	-1.0092944
cell_720	0.5268848	0.43665162	0.4901482	-1.315907	1.8447292000000002	-0.9068402	2.568959	0.6650689000000001	-2.0410569	-1.1233298999999999	-0.18484668
cell_725	0.5961917	0.47199753	0.43483663	0.8148426999999999	2.3816757	-0.7264227	2.501091	-1.4663838	-0.42446232	-0.957463	-0.22666438
cell_727	0.50748193	0.42149934	0.5647873999999999	0.14423670000000002	0.15352508	2.3116605	0.1984625	0.8143581999999999	0.14576806	-0.9455237	-0.41676724
cell_734	0.5855878000000001	0.41024905	0.56662345	-0.80432224	-0.26974446	-0.8444149	0.40134186	0.73183346	0.91227645	-0.5429529000000001	-1.0940618999999998
cell_738	0.5087166	0.49134994	0.5708456999999999	0.5593853	-0.051105186	-0.75536656	-0.80290717	0.81292343	0.8074196	-0.9010738000000001	-0.25286904
cell_741	0.4063922	0.35464978	0.66045165	-1.2097188	0.37582532	1.1103839	0.74275416	0.84060764	0.83474934	0.021397205	-1.0477836999999999
cell_743	0.46804976	0.41332209999999997	0.5384256	-0.17088139	-1.5085311000000001	0.26326007	-0.7332141999999999	0.96229595	0.6706215	0.06542577599999999	-0.03309316
cell_744	0.49958956	0.41861987	0.45277274	-0.16191342	0.18458034	0.10897739999999999	0.6823449	0.80977637	0.88822603	0.55354476	-0.63550436
cell_751	0.6254158000000001	0.45892835	0.53766143	-0.08971781	0.06066531	-1.0817987	-0.055906374	0.6796068000000001	0.8586142	-0.2025304	0.21242581
cell_752	0.5687303000000001	0.42459759999999996	0.58256656	-0.96631736	-0.10521364	-0.10856179	-0.59992355	0.8344695	0.770591	-0.5479061	-0.11557390000000001
cell_753	0.47789273	0.3552316	0.6573791999999999	0.06116223	-0.7569680999999999	-0.55213994	-0.08340366	0.83156335	0.87113345	-0.51047605	-1.1590561000000001
cell_756	0.45878902	0.44049227	0.4951561	-0.29458305	2.437982	-0.7756505	2.6184652	-0.5432266	-0.54130507	-1.4410486	-0.32279432
cell_760	0.58458924	0.46576756	0.34776843	0.8407271000000001	-0.08560880000000001	-0.8813620000000001	2.551713	0.81408834	-0.3926797	-1.3861159	-1.3289389999999999
cell_761	-0.08019439	0.45712286	0.5742321	-0.29090974	-0.38087323	-1.0171793	0.69562143	0.76718646	0.8479871999999999	1.0463693	-0.4022203
cell_764	-0.7326022	0.37825543	0.5631232	-1.2686476	0.20340115	-0.47827718	0.19601259	0.70596063	0.9064074000000001	1.1989802999999999	-0.396253
cell_766	0.36121044	0.34587508	0.49918193	-0.79938143	0.31989646	-1.1262847	-1.0046206	0.8498796000000001	1.0095967	0.39520505	-0.67015505
cell_767	0.4963059	0.48607892	0.5234462999999999	-0.6645781	-0.35643938	0.5002924	1.8835064	0.76793927	0.78924876	-0.8269945	-1.1315811000000002
cell_770	0.38623090000000004	0.33859992	0.45379463	0.8577062	-0.2726562	0.4240735	-0.21824266	0.8111816	0.9586143	0.7602673000000001	-0.7690701
cell_776	0.57354987	0.51824427	0.5473081	-1.5248278	0.77956337	0.08072443	2.180819	0.8275679	-0.40582278	-1.2615733999999998	-1.7311866999999999
cell_777	0.5917251	0.35165077	0.49305767	0.50263166	2.6539947999999995	-0.35189143	2.0900128000000002	-1.7275227	-1.0693694	-0.5412908000000001	-0.7690596
cell_783	-0.0064812030000000005	0.3274968	0.46940517	-0.47544557	-0.38156903	-0.33607695	-1.4395143999999997	0.7822345	0.9869059000000001	1.0790868	-0.5148613000000001
cell_789	0.65888983	0.4792192	0.6469474000000001	-0.38200057	0.20181276	1.531549	-0.7990505	0.73870844	0.30679578	-0.45731809999999995	-0.30077007
cell_793	0.6516247	0.46762878	0.48355929999999997	-1.1131996000000002	-0.5992042	-1.0266322	-0.58076304	0.8026389	0.77264106	-1.7723217	-0.8175849000000001
cell_795	-0.30919218	0.29922828	0.55094254	-0.15266627	0.8142236999999999	0.25669622	-0.02586866	0.85628194	0.8680473	1.0966505	-0.27078208
cell_798	0.39352924	0.47271785	0.42280920000000005	-0.057809237	-0.40797552	-0.43493409999999993	-0.36187670000000005	0.77578545	0.97789556	0.6249138000000001	-1.2925711000000002
cell_808	0.5744273	0.41942492	0.5004529000000001	-0.45837834	0.45141798	1.5345488999999999	-0.77020586	0.839559	0.7516016	-1.2907135	-0.87408894
cell_809	0.5811367	0.44308987	0.55504966	0.67350143	2.432793	-1.4405091	2.3537161	-1.7062608	-0.4134179	-1.0726591	-0.14807674
cell_813	0.58265454	0.35146233	0.56631184	-0.39083856	-0.75722843	2.0540223	-1.2989146999999999	0.8762344999999999	0.29075363	-0.06311755599999999	-1.0037929
cell_815	0.54642624	0.46483025	0.54758126	-1.4687552	0.5445234	0.5835623000000001	2.5732868	0.71568155	-1.9939118999999998	-1.6714631000000002	-0.73103017
cell_816	0.51279265	0.3836018	0.5882099000000001	-0.23280832	0.48481908	0.14805287	-0.32334718	0.82135975	0.8901563	-1.1881888999999999	-1.0256319999999999
cell_817	0.41663793	0.61952	0.43831983	-0.5288184	-0.36973566	-0.75866616	0.92201	0.7712898	0.88409734	-0.7100608	-0.35169098
cell_823	0.620266	0.5960384	0.57147074	-0.935407	-0.20166309	1.9953191000000003	-0.9328856	0.71100247	-0.5720441999999999	-1.5678649	-0.13356648
cell_825	0.67706233	0.5078476	0.48428348	-0.7665138000000001	-0.010885607	1.9397651000000002	-0.49726847	0.7908673	0.028460614	-0.40916228	-0.88895077
cell_826	0.6252276999999999	0.52908784	0.60900813	-1.3504180000000001	2.4514825	-1.5294133	1.8410656000000003	-1.9036263999999998	-1.1372252	-0.40614292	-0.546525
cell_828	0.6886277	0.38110077	0.6568510000000001	-0.27447224	2.3425176	0.54488105	2.01295	-1.111441	-1.3325553999999997	-0.29806295	0.38160494
cell_838	0.67151886	0.48346618	0.44232259999999995	0.36130902	-0.6881427	0.8361245	-0.5489151999999999	0.65260476	0.88384587	-0.99021983	-1.1959176999999999
cell_839	0.5824556	0.3858417	0.47171423	-1.4054322	1.9991755	0.7192691999999999	2.5248013	0.62413347	-1.5745937	-1.8700246999999999	-1.5584606
cell_847	-0.27472904	0.081547715	0.44818604	-0.609079	-0.11038066	-1.4714042999999999	0.03746188	0.84177476	1.0553373	1.1223197	-0.8592173000000001
cell_849	-0.8007460999999999	0.55802447	0.45937836	-0.73143685	-0.75254244	0.028286593	-1.3231131	0.7679696	0.8754815	1.1000674	-0.49940786
cell_856	0.16146582	0.34332368	0.41438794	0.114397354	-0.53997576	0.39512202	-0.95025307	0.7298939	1.0753144	0.93850076	-0.7042383000000001
cell_858	0.5969439999999999	0.542126	0.348356	-0.72317326	-1.6282733999999999	0.8148781999999999	-1.1879892	0.8643919	0.73781574	-1.7629411	-0.13593642
cell_861	0.42267522	0.53198427	0.57092005	0.24398623	-0.6723779999999999	-0.4378776	2.1547104999999998	0.70179707	0.7160878	-0.16469038	-1.2332994
cell_864	0.09796907	0.41981320000000005	0.47655183	-0.3290513	-0.196961	-0.23058295	-1.7225523	0.69794333	0.9186434000000001	1.1146314	0.06321709
cell_865	0.6553024000000001	0.5263031	0.59997994	-1.1421137	2.4114084	0.05965291	1.789875	-1.1864393	-0.9178129999999999	-0.1585581	-0.59151655
cell_868	0.5343623000000001	0.3161653	0.5856584	2.099275	-0.5269958	2.373452	0.20565753	0.6009348000000001	-1.516099	-1.5740903999999998	-0.95149505
cell_874	0.6650079000000001	0.3798593	0.51289445	0.15045050000000001	-1.0838374	0.6646343000000001	-0.32138082	0.7626425	0.8366135	-0.74417067	-0.6282854
cell_876	0.53922206	0.44169787	0.41225209999999995	-0.41062212	0.11652223	1.9679624	-0.07218112	0.6871366	0.91380894	-0.99735534	-0.742067
cell_881	0.44206956	0.54740167	0.54897857	-0.6262054	-1.2273015	-0.822224	-1.0399557	0.7168453	0.9395167999999999	-0.20933643	-0.635139
cell_884	0.27405676	0.42791396	0.45601629999999993	0.15631609	-1.3735267	0.84036636	-1.0263095	0.83879495	0.9659815999999999	0.6386502	-0.16516036
cell_888	0.4757688	0.5077735999999999	0.6555416000000001	0.054832782999999996	-0.17313533	2.2877016	-0.48636398	0.7627673	-1.4409423000000001	-0.93030405	-0.55205613
cell_895	0.21147588	0.4622505	0.39255607	-0.05724481	-1.0543953000000001	-0.13834217	-0.23654217	0.84333867	0.90761137	0.92467934	-0.7923934
cell_899	-0.07608572400000001	0.400341	0.49505618	-1.0120666999999999	0.15315162	-0.051515423	-1.6640816000000003	0.81995195	0.92236763	1.0440899	-0.59454435
cell_902	0.57130015	0.42268997	0.68518883	0.37899053	-1.6504042	2.2322943	0.33815318	0.7284065	-0.42943698	-0.78381515	-0.7359472
cell_904	-0.32750502	0.44499679999999997	0.53480375	-0.34476644	-0.1067405	0.08979819	0.12891456	0.76854277	0.9243521	1.0675748999999999	-1.3276068
cell_905	0.5132958	0.49926004	0.5201504	2.204281	-0.851599	2.385008	-0.67881614	0.31027237	-1.6230643	-1.0827051	-0.5655025
cell_911	0.4910127	0.55606043	0.46626052	-0.88441217	-0.032546464	-0.22584386	-0.41087076	0.68491685	0.97619486	-0.91269445	-0.31253284
cell_920	0.6549955	0.58583957	0.5419401999999999	0.81654483	-0.042523477000000004	0.9319318000000001	-0.9852698000000001	0.84674984	-0.7592017	-1.261371	-0.87093896
cell_925	0.6292257	0.46581215	0.47515243	0.4608771	0.7858003	0.55565625	2.4836879	0.6904843	-0.26727378	-0.90488476	-0.4256567
cell_927	0.5786292	0.48999852	0.5349118	-0.10304132	0.5228502	-0.90677893	2.499245	0.7177356	-0.43901542	-1.6779380000000002	-1.240801
cell_928	0.54493403	0.32340503	0.47893703	-0.96438557	0.11187937	-1.644162	0.63266486	0.8387404	0.9529206	-0.11949832	-0.40005875
cell_937	-0.16248484	0.431047	0.45609844	-0.69626045	-0.17292670000000002	-0.67319554	-0.71529835	0.7886637	0.9542735000000001	1.0745803	-1.2050875
cell_942	0.38395068	0.3631937	0.5862457	0.011197631999999999	-0.33755475	-0.9899921999999999	0.9731369000000001	0.8483811	0.9066658000000001	0.3781329	-0.96075684
cell_947	0.5098775999999999	0.38529557	0.52924985	2.2471097	-1.2539034	2.3149040000000003	-0.17696096	0.54887575	-1.3642793	-0.87022185	-0.26047447
cell_953	0.69787276	0.3730591	0.47085926	-0.87862515	-0.034927633	0.19709821	0.06839696	0.7179111	0.8814576	-0.41000515	-1.1363530000000002
cell_954	0.6239515	0.4957693	0.3034425	0.39100143	-1.6723553	2.502381	-1.2021867	0.74299306	-0.80239785	-1.3372903999999999	-1.6224543
cell_957	0.17382191	0.49130958	0.56077915	-0.43703005	-0.34898075	-0.9185785	-0.1789096	0.8288059000000001	0.8403434000000001	0.8314974	-1.5509043
cell_960	0.6002693	0.44122574	0.45130637	-1.0646394	0.7850374	1.6092405	0.8432902	0.6791785	0.85390586	-0.22561520000000002	0.057119064000000004
cell_964	0.5208172000000001	0.49551508	0.49292266	-0.494799	-1.3195290000000002	2.371171	-0.40160668	0.7965223000000001	-0.08653898	-0.68139607	-0.40739787
cell_965	0.54258704	0.45420972	0.43558043	-0.15679896	-0.6005291	-1.6215632	2.6573142999999995	0.72471184	0.010224637	-0.6131979999999999	-0.7298722
cell_966	0.24961925	0.35760440000000004	0.5892758000000001	-0.37410077	-0.31279805	-0.28943902	-0.96329665	0.77886987	0.8912101	0.9405450000000001	-0.35765034
cell_967	0.29462746	0.45389238	0.5473256	-0.7613647	-0.9029504999999999	-0.33661290000000005	0.25677267	0.6475010999999999	0.90159523	0.98724145	-0.14078085
cell_969	0.46620247	0.46216062	0.5371282	-0.85433245	-0.58864576	0.0710516	1.6179065000000001	0.95313555	0.51275855	-1.194199	-0.11624731
cell_970	0.082587525	0.42421648	0.6189965000000001	-1.0964901000000002	0.4220232	-1.8167021	-0.059963367999999996	0.8463171	0.82166433	0.88205665	-0.45258805
cell_971	0.57058907	0.3133931	0.39838052	-0.6726924	2.3345873	-0.45451003	2.5204895	0.553854	-1.2877446000000001	-1.3037946000000002	-1.7271633000000002
cell_973	0.5916705	0.5091471	0.45097855	-0.25108567	-1.3899218999999998	-1.0642466999999998	2.5494392	0.71708953	-0.28578836	-0.7295187	-0.9723924
cell_976	-0.09217505	0.39100257	0.56928724	-1.4401796	-0.46128145	-0.750918	-0.83880734	0.86365676	0.85076684	1.0004959	-0.07072248
cell_978	0.51417714	0.43197381	0.52289927	-0.45967406	-0.45381638	-1.1965016000000002	-0.8186604000000001	0.7520138000000001	0.9688709999999999	-0.017579498	-0.80136853
cell_981	0.6751158	0.5957074	0.6384895	-0.23584591	2.1893146	-1.7372450000000002	1.9394723000000003	-1.6876214	-1.9632904999999998	-0.70137376	-1.2252003
cell_986	-0.56880575	0.35623340000000003	0.6029121000000001	-0.43042636	-0.18145059	0.062335405	-0.6205178000000001	0.7652265	0.9342939	1.097887	-0.29795375
cell_996	-0.43606398	-0.2725034	0.51906025	-0.2585142	1.3827483999999999	0.8780164	0.9115139000000001	0.7214463000000001	0.9822649999999999	1.2266181999999999	0.6189859999999999
cell_1001	0.544722	0.46040308	0.5761539999999999	1.2140037000000001	-1.2178878	2.3770235	0.94720286	0.69727665	-1.3426441999999998	-0.69993526	-0.99161166
cell_1004	0.030762965	0.44398993	0.54347956	-0.29263267	-0.46252617	-0.042613002999999997	-0.8975059000000001	0.74153495	0.8967155000000001	1.0545577	-1.0374651
cell_1006	0.5568831999999999	0.45561266	0.5967361	-1.0300206	-1.4411627	1.0466514	-0.107461065	0.8627331	0.62604666	-0.33014712	-1.0122081
cell_1011	0.5595453	0.44327453	0.48827475	0.003707127	-0.4842041	-1.4130318000000002	0.20662437	0.71839947	0.919063	0.42968863	-0.54288536
cell_1016	0.5565701	0.55746245	0.3359061	-0.025567918999999998	-0.32547083	-0.24226256	2.1369715	0.63264805	0.8422052999999999	-1.2158026000000002	-0.41770574
cell_1024	0.7549164	0.41745666	0.6517235	-0.60128677	2.2932777	0.0015523713	1.770774	-0.84439397	-1.0586891999999999	-1.0591899999999999	-0.036063127
cell_1025	0.57706296	0.5793195	0.68458813	-1.2603191	2.4372578	-0.029448109	1.3996208	-1.288043	-1.1842602	-1.3304312	-0.63232464
cell_1033	0.5231294	0.44771504	0.4682449000000001	-0.7833441	0.29250795	-0.54458165	2.4201092999999996	0.89979666	-0.75246835	-1.1654788	-0.4244394
cell_1036	0.5266658000000001	0.51845145	0.5356634	-0.26048964	2.551187	-0.46470284	2.0753567	-1.4194381999999999	-0.5617356	-1.3991209	0.16383263
cell_1038	0.5730935	0.58465225	0.5805759	-0.8877578000000002	-0.74805707	1.2800715	-0.8593453999999999	0.78402877	0.46407539999999997	-1.106637	-0.10350411
cell_1042	0.5235025	0.5139496	0.5851987	0.18626994	-0.4681129	0.71525836	1.6711589	0.7958569999999999	0.61984885	-1.5177538000000002	-1.6098012
cell_1044	0.6400193000000001	0.41289547	0.31521696	-0.8213351999999999	0.4229005	1.7834349999999999	-0.30941093	0.8161202	0.77462935	-0.20076519	-0.70414346
cell_1045	0.54903764	0.61116636	0.58822745	0.79036117	2.410529	-0.7127563	1.9319509	-1.6911055	-0.96555585	-0.49574357	-1.1449461
cell_1046	0.49831027	0.56853837	0.38721722	-0.43084884	-0.014961535	-1.3549258	-0.6275335	0.7794194000000001	0.9318166999999999	-0.7070671	-0.8272874
cell_1048	0.5633148	0.54303986	0.55457586	0.23273539999999998	0.45884785	-0.7567592	0.2722029	0.6782723	0.8455963	-0.6684148	-0.7462890999999999
cell_1050	0.64489126	0.5007872	0.57461464	0.16730382	0.37048808	1.2592562	-0.24613783	0.8944255999999999	-0.8435805000000001	-0.66059506	-0.43222079999999996
cell_1053	0.6478618	0.4563189	0.42894129999999997	-0.31346878	-1.4153333000000001	-1.7451522000000002	0.67782044	0.7354046999999999	0.8961773999999999	-0.5862468000000001	-1.6298979999999998
cell_1058	0.65331143	0.34070465	0.5166772	-0.016480101	1.6853211	-0.27989635	2.4543022999999997	0.6983067	-0.96246666	-1.132601	-0.78123504
cell_1061	0.09092716	0.4383603	0.46073198	-1.3996558000000001	-0.35382529999999995	0.15718338	-0.48567447	0.7331424	0.9641446	1.0315629000000002	-0.40355188
cell_1062	0.6207888	0.37503559999999997	0.49952227	0.09551098	1.1580633	0.5363038	2.3999813	0.8199735999999999	-1.6771215	-0.95969176	-0.59413284
cell_1069	-0.49679795	0.39043343	0.47031012	1.1325698	-0.5184664999999999	-0.39004016	-1.0226824	0.81570834	0.9624627	1.0567594	-1.3953911
cell_1070	0.5064269	0.48623192	0.5193137999999999	-0.66663826	0.04819459	-0.26971558	0.15117697	0.67270094	0.97566825	0.14468849	-1.1229790000000002
cell_1072	0.4733197	0.45648640000000007	0.63889974	-0.22348781	-1.3085498	2.409834	-0.80298024	0.7530563	-0.8239584999999999	-0.42948893	-0.63535666
cell_1074	0.6528520999999999	0.42883518	0.5203579	-0.8983448	0.47758812	0.52217686	-0.56667745	0.8010316	0.7284413000000001	-0.48540553	-0.2252016
cell_1081	0.5654933000000001	0.52514523	0.56592494	-0.83842456	2.2013497	-1.5529764	2.5405642999999998	-0.56073856	-1.3157308	-1.074729	-0.47427103
cell_1085	0.55760634	0.46991822	0.49335042	0.47341052	-1.2121806	-0.940003	1.6571796000000003	0.72395045	0.824442	-0.6581057	0.41548058
cell_1086	0.5159852	0.43512022	0.4934378	-0.11275771	0.39821535	2.3824122	-1.7469914	0.74947935	0.44887322	-1.3680016000000002	-0.39813309999999996
cell_1087	0.3705436	0.47129148	0.53351027	0.33517444	0.023748536	-0.21376538	0.16531762	0.81690216	0.84518796	0.6654937	-1.047663
cell_1091	0.5851025	0.44565046	0.4985407	-0.18694907	-0.08216507	2.4488626	-1.1051921	0.7424015	-0.51961404	-1.5469713	-0.27071813
cell_1093	0.58024156	0.53772223	0.32357806	-1.2151691	0.29589322	-0.49562123	-0.78870916	0.73786306	0.90878046	0.35484868	-1.3850592
cell_1102	0.59662503	0.47007632	0.4128894	-1.017725	0.27290595	1.3399611999999999	-1.7073773	0.83373445	0.7847166999999999	-0.77268064	-0.51618046
cell_1115	0.72356784	0.47534823	0.42649254	-0.27166545	-0.12302635	1.7114642	-0.13192993	0.8247042	0.14741070000000003	-0.28760388	-0.49844047
cell_1117	0.58335245	0.37427340000000003	0.41835514	-0.5075139	-0.29058632	-0.8343589	1.9239233	0.6671127	0.9654853999999999	-0.39835194	-0.12565202
cell_1123	0.7142655	0.47125983	0.43623918	-0.37942097	-0.7540871	0.4545682	0.60176367	0.82119733	0.57402897	-0.49557713	-0.51309705
cell_1129	-0.29182047	0.47953653	0.48862740000000005	0.42582005	-0.76375127	0.90017307	-0.586129	0.7471943	0.86065173	1.1219568000000002	-0.21221165
cell_1131	0.6621226	0.52076495	0.46661369999999996	2.0888195	0.5345185	1.6725231	-0.9319573	0.62312865	-1.0848116	-0.18744363	-0.8518008
cell_1135	-0.28489193	0.16244923	0.5362599	0.10628121	-0.8012229000000001	-1.0102674	-0.23975147	0.8192246999999999	0.9789601000000001	1.1432034	-0.41511416
cell_1137	0.49109367	0.40046725	0.74096686	0.050251815	2.2159805	-0.79160565	2.52458	-1.0099865	-0.97930884	-0.06380823	-0.6165484999999999
cell_1139	0.5306813	0.42542675	0.39119515	-0.41554528	1.5276955	0.3357113	2.5364642	0.82816124	-1.6277466	-0.47058386	-1.0523122999999999
cell_1144	0.582183	0.41723454	0.48217902	-1.720203	-0.5711069000000001	2.3368632999999996	0.20582817	0.81845045	0.05705175	-1.1149247	-0.4232606
cell_1148	0.5963946	0.4353428	0.36779850000000003	0.2454445	-1.3941013999999998	-1.5798893	-0.27250233	0.7792814	0.9203978	0.38931477	-0.9275737
cell_1153	0.5419235	0.42423299999999997	0.5036909	-0.17169614	0.6111784	2.5923397999999995	-0.16721402	0.65561074	-0.43655664	-1.1159221000000001	-0.6029614000000001
cell_1159	0.54191184	0.49683818	0.63545495	-0.57745653	2.2632546000000002	0.034735962999999995	2.4174397	-0.26478294	-1.9069387999999998	-1.7357346999999999	-0.06724036
cell_1161	0.59449565	0.41851684	0.5127401	-0.26482794	-0.9722212	-1.1082678	2.1130743	0.6752728	0.80072826	-1.4107937	-1.030386
cell_1164	-0.037439387000000005	0.3859715	0.33707526	0.22313376	0.51374125	-1.1719870000000001	0.100524895	0.8597218000000001	0.97776234	1.0245129000000002	-0.93354404
cell_1165	0.46521497	0.39340055	0.60686785	0.17347865	-1.0038313	2.1932395000000002	-0.8776506	0.93371415	-1.2393174	-0.6692738	-0.7592459
cell_1166	0.5633891	0.4467528	0.60380113	0.2709494	2.365766	-0.11328057	2.4251347	-0.5816526	-0.7963425999999999	-1.7895473999999998	-1.3459119
cell_1167	0.5303906999999999	0.35398725	0.52235353	-0.08159349	0.2297452	2.4195087	0.54747826	0.83362275	-0.059967887000000004	-0.71229583	-1.5018176
cell_1170	0.52652335	0.39194676	0.5162595999999999	-0.9166245000000001	-0.7108273	2.3912885	-0.57095367	0.73961896	0.49520546	-0.47196930000000004	-0.3130406
cell_1171	0.57558215	0.3754705	0.42281026	-0.63118476	1.8640511000000002	0.14690484	2.5238237	0.74746805	-1.2133622	-1.7073387	-0.49333662
cell_1173	0.5898471	0.43205854	0.4958188	-1.1712757	-0.40485284	1.0934428999999999	-1.2196805	0.76396906	0.8849598	-0.8513525	-0.2746857
cell_1176	0.5558666	0.37760937	0.43037316	0.14421728	2.4639642000000004	-1.7641941000000003	2.4810338	0.20287552	-0.71954364	-0.9264704	-1.7269269
cell_1179	0.44552925	0.38505292	0.42844346	0.49566787	0.17312979999999997	-0.21258537	2.0982082	0.7845368	0.9139699	-0.21422689	-1.1716242000000001
cell_1180	0.6501515	0.52297336	0.47253704	0.36882433	0.3626822	-0.67613024	-0.39169228	0.76545495	0.73160684	-1.0813309	-0.800396
cell_1185	0.67759115	0.45712712	0.5242911	-0.309153	-1.2021058999999998	0.7204041999999999	1.4239389	0.8248943000000001	0.41662017	-1.0308156	-0.06089955
cell_1187	0.7071349	0.55926013	0.36558968	-0.50994277	2.4415286	0.6397614	1.889484	-2.124088	-0.9121884	-0.1058372	-0.102409884
cell_1191	0.52847195	0.34697676	0.51109713	0.296081	-1.5929891999999999	0.43386754	0.14201863	0.89529294	0.8689925999999999	-0.6552284	-1.1960357
cell_1202	0.37341473	0.46069434	0.49033815	-0.5572687	-0.26880085	2.4116049999999998	0.39482445	0.76867646	0.59499174	-1.6255652	-0.90533686
cell_1203	-0.47773576	0.41924205	0.5768538000000001	-1.5442908000000002	-1.4681388000000002	-0.0024927067999999998	-0.9915518	0.79166293	0.8618562	1.1171544	-0.42467207
cell_1206	0.5063413	0.54288644	0.4099670999999999	2.043857	-1.1409694	2.2566889999999997	-0.95636344	0.67848647	-1.0764493	-0.83066154	-1.2561679
cell_1208	0.5619069999999999	0.46425176	0.60952014	-0.16213053	2.3515425	-0.14874859	2.4230661000000002	-1.7145708	-1.0362912	-0.17672963	-1.7312246999999998
cell_1216	0.48601785	0.50209224	0.47255144	1.5690788	-0.569153	2.5029072999999995	-0.30627403	0.6691509	-1.2752433	-0.5465985999999999	-1.2869873
cell_1218	0.6101639	0.51471895	0.6643456	-0.7727533000000001	-1.0357778	0.7511173000000001	-0.46347976	0.8342533000000001	0.17974432	-0.22559962	-1.1635872999999999
cell_1221	0.57100624	0.38637292	0.5775899999999999	0.20261262	-0.78465235	2.2391646	-0.3157403	0.849102	-1.2900813	0.045238093	-0.650496
cell_1225	0.6171036999999999	0.32515028	0.6009445	-0.11105382400000001	-0.1569886	2.5738282000000003	0.6718953000000001	0.572475	-1.0479037	-1.2912422	-0.5528818
cell_1227	0.5918878000000001	0.46747690000000003	0.6862764	0.012824847	-0.3075303	1.1758845	-0.63957006	0.83248395	0.22837463	-0.32246515	-0.03197027
cell_1228	0.5051303	0.49508867	0.35543412	-0.17073558	-0.1383808	-1.8094696	0.22550529	0.7195424	1.0177578	0.263637	-0.75186706
cell_1229	0.5976174	0.3859608	0.46317053	2.382186	-1.0263984	2.2505116000000003	0.12135016	0.21596417	-0.09666132	-1.2843503	-0.36347297
cell_1231	0.6882531	0.43492132	0.47472444	0.0099003585	0.1496741	1.1634485	-0.3287051	0.73856443	0.7682933000000001	-1.1477897	-0.7128755
cell_1232	0.41369244	0.42704022	0.51648176	-0.7282516	-0.042566900000000005	-0.8392344	-1.4638174	0.7203499	0.9661233	0.6612249	0.1633058
cell_1235	0.50127536	0.3943664	0.5275998000000001	-0.8325036	-0.11657400400000001	-0.34823832	-1.5102127	0.835843	0.87692976	0.3840133	-0.40302157
cell_1238	0.53533894	0.32074344	0.34792933	2.3868735	-1.3736084	2.4211774	0.6241786	0.48403674	-1.8131134999999998	-0.30206585	-1.1357706
cell_1247	0.5401657	0.45572773	0.49451777	-0.9905059000000002	-0.50884646	-1.165408	0.8661459999999999	0.72961974	0.87605345	0.55466545	-0.74445236
cell_1248	0.6195914	0.24214715	0.47307074	-0.42051575	2.3158917000000003	0.23135114	2.6783605	0.045406102999999996	-1.5399802	-0.85637486	-1.1880947
cell_1249	0.5510932	0.5246696	0.48194984	2.0143864	-0.17928769	2.14295	-1.2219876	0.66471255	-1.1331601	-0.8683312	-0.54034007
cell_1251	0.7688748000000001	0.47453493	0.6662544	-1.0451468000000002	-0.25976550000000004	-0.00021112831000000002	0.047544986	0.6775391	0.06668711	-1.5861646999999999	-0.32246357
cell_1253	0.51215667	0.4304054	0.48210943	-1.0866375	0.28396878	-0.9723639000000001	1.7552568	0.7804584	0.88781714	-1.183355	-0.21762456
cell_1255	0.6938623	0.5126874	0.4609214	-0.50710624	0.28894359999999997	0.9586197	-1.42434	0.85390735	0.22728857	-0.54352856	0.28100982
cell_1256	0.64085555	0.36573195	0.5041304	-0.8038542	0.00022269848	1.7198026999999998	-0.52948916	0.7108066999999999	0.83535266	-0.63879156	-0.4294187
cell_1258	0.5316791000000001	0.48200592	0.5071077	-1.554215	-0.79260314	-1.0443566999999998	2.5140352000000004	0.78616846	-0.23994482	-0.56471646	-0.47753100000000004
cell_1259	-1.0274642	0.5071904	0.5021555	-0.8465725000000001	0.2201563	0.2134317	-0.9791198	0.78634775	0.9414173000000001	1.0320544	-1.4952186
cell_1262	0.5877873	0.40183562	0.47550562	-0.9529175	2.0669363	-1.1833985	2.4179722999999997	0.66369087	-1.2433112	-0.89645135	-0.86391383
cell_1263	0.20780808	0.44340944	0.5271524000000001	-0.9641158999999999	0.25529453	-0.6356291999999999	0.19209537	0.7716573	0.96100116	0.80535704	-0.33004302
cell_1267	0.6201321	0.35297278	0.49313328	0.45903596	-0.8092463000000001	0.498932	2.3650236000000002	0.7021543	0.59866905	-1.1386976999999998	-0.07471418
cell_1268	0.5521415	0.44710803	0.65245867	-0.8568476	0.029527058999999998	-1.0120434999999999	-0.92655843	0.72606874	0.8363895	-0.25709045	-1.6049870000000002
cell_1271	0.51708144	0.46092984	0.33130732	0.05425723599999999	0.97813416	1.9008518	-0.30628744	0.67803955	0.9190096999999999	0.28888017	-0.7825368
cell_1278	0.64307594	0.48701423	0.6461071	0.19506666	-0.24297889	-0.65541506	1.2248632	0.87142307	-0.8454357	-1.7962359	-0.26247072
cell_1279	0.6235279	0.40570503	0.5123	-1.7017825	0.29856706	0.37295786	1.6588705000000001	0.7501141	0.77416044	-0.40299416	-0.052023362000000004
cell_1282	0.5943056	0.5480636	0.5617432	-0.6314221	-1.4185611999999999	-0.34935573	0.52661675	0.8018508000000001	0.6116781	-1.3507928	-0.20299934
cell_1284	0.5540284000000001	0.50698304	0.55484194	-1.5214838	2.4367419999999997	-0.9108027	2.3413777000000002	-1.4155829	-1.2071303999999998	-0.5319608	-0.47367109999999996
cell_1287	-1.5595295	0.5148222	0.44484070000000003	-1.2606837	-1.121882	-0.17572959	-1.3671161	0.7799702	0.81500435	1.205333	-0.7110825
cell_1291	0.5949297	0.3530156	0.45970225	2.1379695	0.43399686	2.4136984	-1.007634	0.5001837	-0.28661448	-0.96599036	-1.2562799999999998
cell_1293	0.51164514	0.3738035	0.54931784	-0.57658315	-1.2637041	-0.98399067	1.0796059999999998	0.8888004999999999	0.7780106	0.25104985	-1.5281187
cell_1298	0.6346703	0.3962225	0.43476337	-1.004574	2.5430677000000004	0.24959551	2.3304377	-1.7757506	-0.79497015	-0.7563804000000001	-0.8717558000000001
cell_1299	0.34964734	0.43531000000000003	0.5848876000000001	0.22823979	-1.1109178999999998	-0.21586491	-0.10952208	0.71367025	0.86654407	0.88758916	-0.7960326999999999
cell_1302	-0.9068698000000001	0.37304774	0.55909616	-1.1054293	0.2637262	-0.20836002	0.9364853000000001	0.8229839	0.85745126	1.1343405	-1.4185823999999998
cell_1303	0.61582035	0.3355244	0.44451237	2.3226058	-0.7724878000000001	2.2319927	-1.0658341999999998	0.53441614	-1.7215513	-1.6889892	-0.56017905
cell_1308	0.5974679	0.43389925	0.5607101	-0.36202508	-0.34005693	-0.11195768	2.4683482999999997	0.7406535	-0.16637051	-1.8208175	-0.48046476
cell_1313	0.58332646	0.41505286	0.532412	0.37049115	1.2046940000000002	-0.24990304	2.4593549	0.77939725	-1.2389728000000002	-1.5973456	-0.95093334
cell_1324	0.5666230999999999	0.36124772	0.6313243000000001	-0.6711956	2.3936539	-0.047341537	2.4143178	-1.1147332	-0.78888685	0.2383817	-1.0515575000000001
cell_1330	0.5981529999999999	0.53165823	0.37873682	-0.9039309999999999	-0.022808147999999997	-0.6007826	0.024495395	0.6398198	0.99208915	-0.9609735	-1.4238296
cell_1331	0.7618533000000001	0.51516384	0.44996217	-1.175822	-0.36477998	1.5251926000000002	-0.47789598	0.8070246	-0.44835797	-0.9245043	-1.2469603999999999
cell_1333	0.6068956	0.64018595	0.5585401999999999	0.524145	-0.13515791	1.0028646	-0.39139944	0.7756519000000001	0.17164145	-1.3292707000000001	-0.6534993
cell_1334	0.5751875	0.39205650000000003	0.45285124	-0.617088	-0.47810546	-1.4544078999999999	-1.3113936000000002	0.7734257	0.9504543	0.26780313	-0.48523770000000005
cell_1340	0.6671305000000001	0.52227825	0.52887887	-1.3436048	-1.2812573999999999	2.0324073	-0.42874524	0.6639538	0.34261212	-0.35682714	-0.88493085
cell_1346	0.5630273	0.4148575	0.57208264	0.436486	2.4115043	-0.5442988000000001	2.4331632	-1.5846338	-0.61557806	-0.06835459	-0.29790822
cell_1348	0.58758557	0.48033112	0.5889838000000001	0.20167659	2.2876847000000002	-1.3217458	2.441237	-0.976195	-0.56288606	-0.27467775	-1.0165982
cell_1352	0.02863535	0.35574140000000004	0.6420093000000001	0.030050527	-0.07660983	0.034651175	0.78425026	0.76180786	0.87077755	0.9729094000000001	0.29575890000000005
cell_1359	0.53399074	0.29360178	0.5916528	0.80709535	0.43322566	-1.8099471	2.6369164	0.7662628	-1.3298484	-0.5676488000000001	-0.61247313
cell_1360	0.55196697	0.33397695	0.65070164	-0.04261994	1.2815872	-0.53056127	2.5004082000000003	0.7403626999999999	-1.5530815	-1.0541561000000002	-0.5655359000000001
cell_1361	0.66984975	0.4969664000000001	0.6266923000000001	0.5275605	-0.5636356	0.6203729	1.8936228	0.7231784000000001	-0.13920437	-0.55650616	-0.72650373
cell_1362	0.6117736	0.5464733	0.54022527	0.79200983	-1.133348	1.778919	-1.2239113000000001	0.8029316999999999	0.15496199	-1.2178127	-0.62988436
cell_1363	0.5957864	0.36176533	0.4830549	0.23781537	0.8402075999999999	-0.94945526	2.613321	0.7689334	-1.8785961	-1.0418384	-0.7314156999999999
cell_1365	0.5449866	0.44028175	0.58081394	-0.06317148	-1.1817726999999998	-0.43236753	-1.7485341	0.791257	0.8677883	-1.1613214	-1.0492256000000002
cell_1369	0.07933223	0.47738698	0.45950446	-1.0969593999999998	0.38021740000000004	-0.65822625	-0.89234734	0.83290756	0.92598575	0.89064807	-0.39319178
cell_1373	0.45836583	0.45432234	0.48484597	-0.7965369000000001	-0.59264493	-0.007805554	0.095470615	0.75879234	0.9623856	0.44724480000000005	-1.0354066
cell_1378	-0.21259099	0.15679085	0.57620996	-0.64288706	0.019661816000000002	-0.5809279	-0.8750116	0.8458062	0.9834091	1.0688473	-0.9272597
cell_1385	0.5809146	0.34914774	0.5407004	0.7310239000000001	-0.36244583	2.3527174	0.34312248	0.83752024	-1.1154177	-0.5457046	-0.8788921000000001
cell_1388	0.53180104	0.38238373	0.57886463	-0.49360305	0.12855999999999998	0.59315836	-1.2503049	0.7388493	0.9549886999999999	-0.7315337	-0.19356102
cell_1389	0.6123666999999999	0.43388835	0.39027740000000005	0.31535485	2.3823469	0.23490766	2.5438642999999996	-0.16167325	-1.302883	-0.9767457	-0.6400764
cell_1391	-0.73351705	0.41609365	0.51029474	-1.1143923999999998	0.24790129	-0.47868827	-0.49999049999999995	0.74297106	0.93973005	1.1402843999999999	0.1421229
cell_1392	-0.18323861	0.45894486	0.54979765	-0.9633245999999999	-0.25870743	-0.5750083	0.44081998	0.77698344	0.8056099	1.1252583	-0.7260807
cell_1397	0.5237848	0.33266833	0.3522701	-1.5032041	-0.18384679	-0.7941256999999999	1.1337597	0.80550367	1.0143108	0.39220770000000005	-1.0323573
cell_1401	0.5832783	0.491494	0.50830513	0.12165031	-1.4358164	-0.4682121	1.4107131000000002	0.80427575	0.7380949	-1.0803138	-1.2059336
cell_1402	0.48266065	0.4807972	0.47556475	-0.83817077	0.45843008	-1.4463772	-1.3855665000000001	0.80848527	0.92930603	-0.04701673	-1.6853957
cell_1403	0.5362308000000001	0.44339449999999997	0.6376068	-0.7998675999999999	-1.4767618999999998	1.8938683	0.6757968000000001	0.6717044	0.7242684	-0.6084694	-0.5619781999999999
cell_1405	0.51339847	0.47212622	0.62641287	-0.3019638	0.74286216	0.12445516	-0.9707548	0.7873967	0.79591876	-1.5607708999999999	-0.91187495
cell_1407	-0.6874531999999999	0.3472894	0.50097084	-1.4714194999999999	-1.2053626	-0.17375182	0.08772739999999998	0.8155477	0.97011495	1.1100898000000001	-0.5811656999999999
cell_1408	0.67236215	0.45666704	0.5511560000000001	1.9019839	-1.6030623	2.4116564	0.32386568	0.094741456	-0.6698208999999999	-0.6069293	-1.2468389
cell_1412	0.53540397	0.41034493	0.42204922	0.12008571	0.9310337	0.45522159999999995	2.642291	0.7355964	0.1506212	-0.70871496	-1.2101034
cell_1424	0.6096811	0.4980674	0.47963843	-1.189706	0.121201836	2.325479	-0.3225849	0.75498635	-0.6308842	-0.77905226	-0.078126475
cell_1425	0.4634653	0.48540320000000003	0.5614256	-0.5156354999999999	-1.0783707	-0.86625844	-1.2475758999999997	0.7818101	0.88890105	0.22848348	-0.95729506
cell_1428	0.6632899	0.39741337	0.5526247	-0.9598183000000001	0.62057406	-1.4992841000000001	0.98373485	0.786193	0.72787875	-1.1327038999999999	-0.91303307
cell_1429	-0.32666036	0.42894915	0.5617126	-0.59927905	0.21349545	1.4313790000000002	-0.74164337	0.8285631999999999	0.8474723	0.9880787	-0.6153367
cell_1430	-0.51403844	0.38878408	0.547125	-0.09875937	0.004554407	-0.22075747	-1.1681678	0.7433443000000001	0.93499124	1.1264753	0.11772721
cell_1435	0.63501394	0.4463393	0.38655007	0.16339564	0.34777790000000003	-0.49122834	-0.10404569	0.7940243	0.8877370000000001	-1.0729913	-0.70348376
cell_1439	0.45360276	0.5340232	0.61714894	-0.5324626	-0.33953649999999996	0.24858806	1.1789003999999998	0.77696776	0.7747839	-1.5637056999999999	-0.5066475
cell_1440	0.5367879	0.48944902	0.45514485	-1.6881171000000001	-1.070474	0.42607427	1.6589142	0.9103315999999999	0.58456755	-0.5154035	-0.6995226999999999
cell_1443	0.62833506	0.39968112	0.45665884	-0.25360394	-0.65182835	2.4559233	-0.82716084	0.7757763000000001	-1.8079227999999998	-1.0478478999999998	-0.7314799
cell_1448	0.64384663	0.30869186	0.5722828000000001	0.59375846	0.12496507	2.299113	-0.13392854	0.81351006	-1.4328362	-1.618889	-0.76323867
cell_1449	0.6699855	0.37805495	0.46232235	-0.55661225	-0.19499093	-0.7796145999999999	0.10570277	0.7140996000000001	0.938265	-0.8749359	-1.2423235000000001
cell_1450	0.5061648	0.44257340000000006	0.42058623	-0.13070793	-0.31352443	0.5837926	2.1560116000000003	0.7863249	0.7907761	-1.0387348	-0.30211574
cell_1454	0.5837439999999999	0.47430745	0.43643459999999995	-1.3585556	0.5727191999999999	2.1855688	0.43917525	0.69671524	0.65135443	-0.9140761999999999	-0.9447551
cell_1458	0.38966575	0.35259320000000005	0.48660824	0.0046770154	0.31721237	-0.37543306	2.4240317000000005	0.7190061	0.8759083000000001	-0.74682504	-0.63810796
cell_1460	0.6075421999999999	0.35014948	0.5850108	0.18742435	-0.27113077	0.24353702	2.5439484	0.7344297	-1.4050778	-1.8579695	-0.0063989474
cell_1461	0.42448118	0.46133950000000007	0.45401254	-1.2098222	2.2903752	-0.11893419999999999	2.467696	0.6015973000000001	-1.1649063	-0.53872967	-1.1340472
cell_1466	0.49643580000000004	0.42990497	0.68607754	0.6731314	-0.5956998	2.3596551	-1.1465842	0.7117002	-0.39093822	-0.73562866	-0.23705927
cell_1467	0.44061709999999993	0.41027045	0.5911178	-1.4152458	1.4141731000000002	-0.80757886	2.497761	0.8193174000000001	-0.60065997	-1.2819097	-0.89999795
cell_1475	0.59871596	0.416045	0.5892125	0.7022755999999999	0.42178732	-1.3401985	2.3290498	0.77664506	-0.100861564	-0.6631658	-0.67378795
cell_1478	0.6550604999999999	0.36973897	0.5671378	0.37090608	1.2730466	-1.0088409	2.3645082000000004	0.7419399	-1.1329586999999999	-0.7229871	-0.45672008
cell_1480	-0.5767125	0.33694452	0.30750415	-1.2435258999999999	-0.6009438	0.9084437	0.0366171	0.79719037	1.0245328000000002	1.1566358	-0.21503235
cell_1482	0.5067015	0.45969996	0.60413027	-0.19193769	1.0585299	-1.2652037	2.3125215	0.8364520000000001	-0.8305245000000001	-0.7936489999999999	-0.42561516
cell_1489	0.60627073	0.5736805	0.362141	-0.6313476	-0.30677223	-1.6964613000000002	-1.3935245	0.74260336	0.84367067	0.040689077000000004	-0.55535597
cell_1498	0.49116993	0.5294595999999999	0.5742217	-0.596174	2.518027	-0.2156761	2.2093954	-1.2881377	-1.7563004	-0.84124273	-0.4587454000000001
cell_1501	0.39377829999999997	0.57164174	0.34577566	0.08695436	-0.20705287	-0.11851581	0.43756333	0.6659448	0.93377006	0.82952625	-1.0698496000000002
cell_1507	0.59689176	0.37610720000000003	0.6634751999999999	-0.9306030999999999	2.4110992	-0.1983059	2.31238	-0.8712443999999999	-1.3429718000000002	-0.45983014	-1.0913633999999999
cell_1509	0.47465354	0.40176424	0.6281542	-0.35972673	-0.046161197	1.4082499	-0.095436655	0.7610794	0.88278365	-1.1660780000000002	-0.90541327
cell_1511	-0.8455904000000001	0.48903379999999996	0.50509113	0.80871105	-1.514571	0.32362267	-0.69103366	0.8290281999999999	0.8992228000000001	0.99802387	0.05898380000000001
cell_1516	0.5563739999999999	0.51073337	0.5607551	-0.42390537	-0.53950375	0.6226592	-0.120435715	0.7437479	0.812623	-0.334093	-0.27756456
cell_1518	0.5202643	0.3377759	0.33521932	0.07454004	-0.75134146	-1.3701552	2.3948717	0.78331834	0.8440055000000001	-1.5730252	-0.7057213000000001
cell_1530	0.5198020999999999	0.46094880000000005	0.36765122	-0.7689720999999999	-0.16873139999999998	0.2633959	-0.62153363	0.8174922	0.8369499	0.73693746	-1.0159768
cell_1533	0.48356858	0.4663777	0.5154863000000001	-1.2775832	-0.6265556999999999	-1.1845124	0.9866584	0.8456341999999999	0.86824936	-1.1864274	-0.5382424
cell_1537	0.5392496	0.5631389	0.61850363	-0.28215122	2.4885175	0.4605549	1.8126299	-0.63357294	-1.0767583	-1.2575887	-1.2212743000000001
cell_1539	0.6053987	0.49243578	0.42980519999999994	-0.087056816	2.4641886000000004	0.8772419	2.3508663	-1.591265	-0.9897815000000001	-0.8750031999999999	-0.77279425
cell_1543	0.59653884	0.5018099	0.45322874	-0.5709768	-0.059838492	2.3059902	0.56409293	0.79732525	-0.8780386999999998	-0.73496336	-0.54143006
cell_1547	0.5282918000000001	0.58091307	0.42170805	-0.78162694	-1.5912393	-1.4858453	2.1918151000000003	0.9026018	-0.5547397	-1.7081046000000002	-1.3802596
cell_1550	0.65725005	0.3630777	0.44984835	-0.44079205	-0.7516891	-1.1557583999999999	-0.96113455	0.7346736	0.96047014	-0.6510706999999999	-1.7170659
cell_1552	-0.650792	0.43958509999999995	0.37052774	-0.17088777	0.14221945	-0.8358	-0.95455486	0.78129816	0.89747477	1.2165471	-0.20070963
cell_1553	0.5751198000000001	0.45905924	0.65647084	-1.1135768999999998	0.2551486	0.665998	0.8615611999999999	0.7781541000000001	0.6474222	-0.8867879999999999	-0.3021693
cell_1554	0.49434313	0.40275598	0.6047345999999999	2.0379784	-0.75554323	2.3051247999999998	0.3926185	0.5967205	-0.6693438	-0.10415147	-0.9526715
cell_1561	0.47734624	0.46716672	0.43454364	0.05229548	-1.7032308999999997	-1.0269837	0.8806878	0.7770066	0.90924186	0.59006274	-1.2876867
cell_1563	-0.03958661	0.3287639	0.52099913	0.85979724	-1.4737308	-0.6930231	0.42877287	0.7841193000000001	0.8859256999999999	1.1207924999999999	-0.1877262
cell_1565	0.5456884	0.49267393	0.49900454	-0.49293473	-0.5544607	0.5195617	0.97649777	0.7010254	0.93230295	-0.6389241	-1.5418208
cell_1575	0.5606833999999999	0.31363907	0.49318272	2.3477447	-0.083496004	2.3813703	-1.1136663999999998	0.38882968	-1.48161	-1.1984955	-0.36453694
cell_1576	0.6431125	0.39921927	0.5877395000000001	-0.34596875	-0.8698607	-0.42656099999999997	-1.4804298999999999	0.76302266	0.80682033	-0.8920744	-1.5980391999999999
cell_1584	0.5271256999999999	0.5754106	0.55078816	-0.58053565	-0.13716999	-0.9474743	2.1489743999999997	0.80902255	0.0047043557	-0.74188775	-0.56896204
cell_1586	0.61237925	0.48510483	0.449266	-1.1864194	-0.49625987	1.0470049000000001	-0.7230384	0.771459	0.83785427	-0.8644115	-0.6164239
cell_1587	0.54967594	0.39459429999999995	0.601963	1.3586551000000002	-1.1610969	2.499748	-1.4498411	0.6355026999999999	-0.9274336	-1.3500729999999999	-1.3263993
cell_1588	0.6412706	0.52828854	0.5629192	-0.10542860000000001	-0.543074	-0.012526235	0.029671887	0.62909347	0.8041164000000001	-0.47450159999999997	-0.60332394
cell_1589	0.56605893	0.4455338	0.42563862	0.7925171	-1.4812762	1.0515367	-1.1734343	0.81108415	0.8824968000000001	-1.0988896000000001	-0.30111888
cell_1590	0.63279295	0.53613776	0.53309983	0.19918083	2.418299	0.47086066	2.0614946	-1.7056031000000003	-0.7637251	-0.73383236	-0.28463718
cell_1596	-0.31736603	0.5251885000000001	0.36231053	-0.76678497	-0.04365875599999999	-0.6453948	-1.1279683999999999	0.7653478	0.8762235999999999	1.1057281	0.6382211
cell_1599	0.52929974	0.44254750000000004	0.47064108	-1.6609599999999998	-1.011599	-0.5471795	0.16305661	0.829343	0.91382873	-0.303465	-0.5184842000000001
cell_1605	-0.21466638	0.44858658	0.5926385999999999	0.47697854	-0.9802552999999999	-1.4583698999999999	-0.32462278	0.80403084	0.9024719000000001	0.9640270000000001	-1.2932382
cell_1608	0.45062816	0.41148406	0.43163154	-0.7622008000000001	0.5104827999999999	-0.44305920000000004	-0.3476018	0.84718627	0.8518382999999999	0.7406979	-0.11739648
cell_1614	0.47375280000000003	0.3831547	0.36191052	0.2985134	2.3662913	0.593659	2.5150194	0.5825038	-1.3407514999999999	-1.1541438	-0.59810066
cell_1616	0.23945637	0.33202407	0.56366426	-0.8683221999999999	-0.47226409999999996	-1.1310440000000002	-1.4110366	0.7359574000000001	0.997297	0.91220987	-1.6072667
cell_1618	0.45668063	0.49648315	0.46492705	0.1375115	0.57590806	-0.37274283	2.5624123	0.8294149	-0.64640284	-0.6635456	-1.4458228000000002
cell_1619	0.55975395	0.426957	0.49684906	2.3439777000000004	-1.3056849	2.3067903999999997	-1.2480795	0.29917756	-1.8070863000000001	-1.1125058	-0.7971116
cell_1624	0.55510384	0.6096809	0.49213809999999997	1.0136617	2.4544392000000004	0.17691562	2.0343072	-2.0890195	-1.3008773	-1.8022543000000002	-0.7631196
cell_1626	0.6126138000000001	0.42632190000000003	0.43761843	1.0623368	-0.9510548000000001	2.3631122	-0.64137244	0.7990047	-1.1458701999999998	-1.0421984	-0.0017427635999999998
cell_1627	0.51007855	0.45361918	0.39032945	1.6724691000000003	0.861991	2.5065703	-1.3449632	0.71742296	-1.7819245	-1.0147629	-0.889915
cell_1628	0.6688312	0.44518435	0.65098363	0.64699167	0.10830999999999999	-0.5727409000000001	0.7416984999999999	0.85176927	0.041561786	-1.0991927	-1.5298668
cell_1629	0.63331455	0.58433425	0.39451954	0.7794544	0.14334573	-1.3790101000000001	1.1398376000000001	0.8807705	0.17676952	-0.046148293	-0.26221246
cell_1634	0.5698609	0.32799074	0.43899795	0.24052261	0.13690226	1.0556756	-0.6269416999999999	0.7712813000000001	0.98619837	0.054357417000000005	-1.4798657
cell_1636	0.54232615	0.45212772	0.58712053	-0.059576504	-0.67372245	0.8538876	-0.59783983	0.77355844	0.8363697	-0.6669416	-0.43600667
cell_1638	0.50401795	0.48011905	0.38102284	0.92327344	-0.15356542	-1.2286783000000001	-0.41790855	0.7047276	0.8890087	0.8000441999999999	-0.27815148
cell_1644	0.63145214	0.49471894	0.5490476	0.06429871	2.4458467999999995	-1.7016531000000004	2.125854	-0.8665078000000002	-1.4420053	-0.4198428	-0.6496633
cell_1645	0.64193356	0.43897983	0.6576963	-1.2689753000000001	-0.40756184	-1.4140233999999998	0.040838785	0.7750739999999999	0.607223	-0.28071573	-1.3457392
cell_1646	-0.62195134	0.35257292	0.39565837	0.40229633	0.06453774	-0.99233913	0.13888627	0.8262988000000001	0.95952404	1.1613874	-0.7682758000000001
cell_1647	-0.46103203	0.33363286	0.38041565	-0.11152177	-0.7927119	0.35590744	0.6478305	0.7579529	1.0252331000000001	1.1598048	-1.2414303
cell_1651	0.08677501	0.36454755	0.59366864	-0.8763868	-0.74323905	-0.26017508	-1.0552412	0.6209143	0.97983795	1.0656966	-0.11629561
cell_1653	0.06393283	0.43455914	0.48313236	-1.5896572	-1.6468900000000002	-0.32344463	-0.9041815000000001	0.8542886999999999	1.0043442	0.72261727	-0.65859455
cell_1655	0.55840844	0.4844454000000001	0.51405287	-0.23827587	0.062160686	0.9609518	1.2487137	0.83357936	0.70471007	-0.99129236	-1.2060680000000001
cell_1661	0.64601326	0.49260548	0.64747113	-0.5155126	-1.2419646	1.9463307	-0.18044125	0.7498357	-0.6827739	-1.0143391	-0.52839595
cell_1667	0.6599123	0.53867024	0.5138726	-0.15452068	-0.45937985	-0.50559896	2.0794766	0.79762524	-1.0733534	-0.86420244	-1.0749909
cell_1670	0.61080843	0.3233611	0.5701752	1.1224401000000002	0.18920586	2.3597647999999998	-0.5027937	0.7825546	-1.0624996000000002	-0.75637925	-1.2157651000000003
cell_1673	0.48977494	0.48494315	0.50516516	-0.23822770000000001	2.1494133	-0.94404083	2.3593874	0.63386804	-1.6019572	-1.8791746999999999	0.04091347
cell_1675	0.5630879	0.565181	0.45754623	-0.13323285	0.9207289000000001	-0.0880735	-0.11896884	0.7290824	0.82742685	-0.16194648	-1.4085809999999999
cell_1683	0.20889169	0.45390820000000004	0.5823303000000001	-1.009134	-0.9592790000000001	-0.038581062	-0.39231038	0.78129363	0.87251097	0.8406355	0.18713339999999998
cell_1692	0.5164474	0.37985507	0.48539796	-0.31865188	-1.4696666	-1.3087493000000001	2.5451745999999997	0.71007943	0.61217356	-0.47718078	-0.5625254
cell_1695	0.6355394	0.46150097	0.54661375	-0.91914546	-0.44994292	-0.43904390000000004	-0.45906335	0.7641904	0.78956103	-0.98041457	-0.8471241
cell_1699	0.5220984000000001	0.38309938	0.46012109999999995	0.29732144	0.35141793	-0.9917278	0.43855357	0.8131675	0.91571134	0.42010126	-0.32306835
cell_1701	0.59537816	0.33254659999999997	0.48194042	-1.1741617	-0.7415069999999999	-1.5404758	1.8982674	0.7386254	0.9084313	-0.9134046999999998	-1.34155
cell_1708	0.6890329000000001	0.49495777	0.5999654999999999	-0.581298	1.1006261999999998	0.21939713	1.5252128999999999	0.7797824000000001	-1.5152911	-0.01748292	-0.43797824
cell_1709	-0.42836264	0.12924892	0.53245467	0.15157169	0.35360035	0.42433244	-0.3876656	0.87400526	0.99403363	1.0770667	-1.5429341
cell_1711	0.45125693	0.5066560999999999	0.5026361	-1.5482495	-0.49475333	-1.3634271999999998	0.9611353000000001	0.7499875	0.9349294	0.15946079999999999	-0.46486494
cell_1712	0.4754848	0.44714728	0.41499780000000003	1.6690317	0.014238893999999998	2.2461252	0.02801305	0.90032625	-1.4569478999999999	-0.85935086	-0.8248740999999999
cell_1713	0.64900863	0.46955693	0.55327487	0.17338626	0.56571406	0.066011935	0.89185286	0.8463166	0.4716459	-0.76993644	-1.1877773
cell_1715	0.65519404	0.59300417	0.5786416999999999	-0.9487184000000001	0.8679595999999999	-0.20264368	0.07128782	0.7653079	0.23135732	-0.8984032	-0.570782
cell_1717	0.58736426	0.3831103	0.43514484	-0.8369424000000001	-0.21600816	1.8726537	-0.6771345	0.76094466	0.8653394	-1.2018142	-0.86810356
cell_1719	0.4952223	0.5200016	0.40901062	0.21412797	-0.34227082	-0.0880242	1.4832792	0.8525282	0.7833806999999999	-0.29910904	0.07155236
cell_1724	0.53479093	0.39617524	0.5733136	0.49287423	-0.2731513	2.505888	-0.7969392	0.7331259	-1.2417753999999999	-1.3813334	-0.32930008
cell_1725	-0.12964809	0.48550445	0.48159117	-1.3065799999999999	-0.8915393	0.6708409000000001	0.5200152	0.7715232	0.93772095	0.9979096	-1.3609511
cell_1726	0.64080566	0.49377316	0.5072542	-0.41237799999999997	2.2493237999999995	-0.58732134	2.4946669999999997	-1.1768117	-0.8005866999999999	-0.5931162	-0.6920395
cell_1729	0.24346022	0.50668174	0.46523708	-1.3159238000000002	0.6396275	-0.82557666	0.7424721	0.64978397	0.95915014	0.92942935	-1.4150162
cell_1730	0.51522326	0.35873130000000003	0.6763547	-0.30952036	-0.43519175	1.6480026	-0.5564814	0.76661825	0.77368116	-0.5364627	-1.5834385
cell_1732	0.55181265	0.37656993	0.50819784	2.3753672000000003	0.2583855	2.2557151	-1.5350716	0.3860935	-0.6982970000000001	-1.6167586	-1.1663668
cell_1733	0.6338919	0.6725854	0.55267024	-0.9814607	1.9647086999999999	-0.2971808	2.2291793999999996	-0.35642890000000005	-1.0543116000000001	-0.46524209999999994	-0.5502231
cell_1734	0.18404573	0.5495488000000001	0.41293752	0.2813184	-1.4807061000000001	-1.6720172999999998	-1.7904792	0.71773183	1.0027252	0.80289793	-0.8584616
cell_1735	0.4705509	0.42075205	0.5262493	-0.7517728	-1.1208928	-0.22137104	1.6056225	0.8149183000000001	0.8096260999999999	0.46965203	-1.1631423
cell_1741	0.5478925	0.49287176	0.41648954	2.1215610000000003	-0.34918952	2.3844552000000006	-1.0247222	0.5206452	-1.8368626000000001	-0.99060166	-0.40618065
cell_1743	0.55156827	0.43686616	0.6001076	-1.2609526000000002	-1.2136973999999998	0.16595929999999998	-0.37413209999999997	0.8775381	0.69007564	-0.801801	-0.5573229000000001
cell_1745	0.53911275	0.4704133	0.5702809	-0.8601479	-0.43310452	-0.88470334	0.85860336	0.7198883	0.8016113	0.5326637	-0.46576548
cell_1747	0.42594936	0.36400452	0.35714772	-0.95918703	2.3892694	0.05772146	2.6838055	0.45332518	-1.5898370000000002	-1.2914181999999998	-0.6746743000000001
cell_1748	0.6113419	0.52375257	0.59703594	0.7555119	0.6502038	-0.8279743	2.2469954	0.70747364	-0.9475439	-0.91150206	-0.70427984
cell_1750	-0.19067226	0.4042383	0.5171578	-0.7160546999999999	-1.3348143	-0.22060063	-0.6885413	0.82854956	0.92258894	1.0213716	0.11043132
cell_1760	0.60936254	0.5262788	0.51809806	-0.31088242	0.3380636	0.23924476	0.54587317	0.7188246	0.7975111999999999	-0.8673198000000001	-0.9100877
cell_1763	0.5755047	0.5548914	0.62033445	-0.42096886	-0.5285962	0.9301821	0.22688968	0.72103363	0.6377936	-0.9703344	-0.08382402
cell_1768	0.52177656	0.38780418	0.62034434	-0.5257801999999999	-0.29424959999999994	-0.37350687	1.261368	0.8088423	0.8301684000000001	-1.2912222	-0.80548924
cell_1769	0.5802404000000001	0.3614587	0.5670253000000001	-1.0465094000000001	0.844252	-0.4492882	1.5918301000000001	0.83115286	0.72391385	-0.48084918	-0.5708681999999999
cell_1771	0.5920444	0.54446644	0.40188256	-0.49923977	1.8013417	-1.7580982	2.5574496	0.46482829999999997	-0.5952614	-0.36502528	0.17284034
cell_1772	0.49771762	0.37777394	0.58000267	1.7919607	-1.4788736	2.4974762999999998	-1.7377006000000002	0.63403046	-1.1535647	-1.0581042	-0.50821155
cell_1774	-0.51979756	0.38766414	0.5048593	-0.09679327	0.28095695	0.24267817	0.18296084	0.81055045	0.82784367	1.1864635000000001	-0.39855619999999997
cell_1780	0.48213649999999997	0.39978638	0.6342277	0.81733245	0.34744927	2.4335797	-1.6696950000000002	0.7612111	-0.9057208000000001	-0.62893736	-1.5639888000000002
cell_1781	0.5988246	0.31233	0.5415276	0.16613816	0.041468356	2.4232569	0.20052837	0.81660247	-1.3939157	-1.2736094	-0.5443794
cell_1783	-0.24739538	0.41871667	0.5447649	-0.8709418	0.6428654	0.38705894	0.15709458	0.79219115	0.94217783	1.0000556	-1.3055768
cell_1788	-0.04601295	0.44403988	0.5152103	-0.22599444	0.074711315	-0.36738259999999995	0.5895448	0.73332644	0.8913527	1.0917094999999999	-0.21254806
cell_1790	0.5780493	0.373349	0.5497812	2.2331004	-0.020092577	2.259871	-0.72371817	0.47557446	-0.47827529999999996	-1.6270512	-1.3377208
cell_1793	0.5975968	0.44362575	0.5227258	-0.99784124	-1.1878638000000001	0.06336154	2.3920677	0.78617954	-0.17189425	-0.77014565	0.21840602
cell_1798	0.44320926	0.45645562	0.5229673	-1.457826	-1.0804844	0.30326414	-0.3850211	0.72984934	0.97280097	0.4371724	-1.5604658000000002
cell_1800	0.5809651	0.41596317	0.6530944000000001	-0.019191701000000002	-0.30737448	2.1692924	0.15727699	0.79504734	-0.66247094	-0.40575945	-0.9634476000000001
cell_1805	0.51055163	0.46611009999999997	0.55212265	-0.71755147	-0.65200686	0.7935057	0.94763905	0.7284712	0.9133462	-0.460031	-0.56361365
cell_1807	-0.489149	0.4854418	0.6108965000000001	0.64644784	-0.18276225	-0.5763362	0.18504304	0.7901876	0.79289436	1.0536406	-0.23676957
cell_1812	0.60873765	0.45343968	0.42069244	-0.99993145	-1.5768077	0.8013264	-0.8014883	0.73957163	0.90649647	0.11993734	-0.17762904
cell_1815	0.5238931	0.47328317	0.61414057	-0.31328452	2.3510735	0.6804939	2.37036	-0.6555118000000001	-0.84894294	-0.015002521000000001	0.09247365
cell_1818	0.70338035	0.581209	0.6103866	0.13199438	-1.1659721	1.8437264	-0.32157457	0.58636165	-1.1086403	-0.02732562	-0.7091712
cell_1823	0.60330915	0.45335492	0.60519296	0.39925966	2.3832376	-0.62508816	2.3054347	-0.7554868	-0.71854734	-1.6073031	-0.9674206
cell_1829	0.57945323	0.5232983	0.77509767	1.7003404	-1.5895535	0.78919804	-1.5667708	0.6670604	-0.35476965	-1.8205023	-1.0573108999999998
cell_1831	0.6640029000000001	0.46976903	0.5526488	-1.0132321	-1.6423503000000002	-0.12830919	2.0621402	0.81416047	-0.22764671	-1.0286183	-0.45695266
cell_1836	0.44561738	0.41750506	0.3513819	-1.3670013	-0.44115552	1.1165355	-0.07671711	0.7896595999999999	0.91914195	0.81705505	-0.97200763
cell_1837	0.56841195	0.49524009999999996	0.57261086	0.23849978	2.3195062	-0.37125808	2.442749	-0.7441356	-0.918452	-0.39597476	-1.1793988000000002
cell_1838	-0.66338587	0.38295665	0.40212244	0.6910103	-0.94898534	-0.76715505	-0.29382557	0.8217361999999999	0.9695405	1.1046392	0.29603758
cell_1839	0.6627514	0.2990182	0.5394038000000001	-0.010664348	0.28684506	0.5207466	2.4688466	0.7771965999999999	-0.35647747	-1.1053042	-1.1487171999999999
cell_1844	0.6400723	0.48775217	0.6397843000000001	0.36871597	1.0464885	0.6030970999999999	2.31636	0.5583334	-0.43987423	-1.1753848	-0.088976294
cell_1846	0.54808426	0.46829024	0.47318324	-0.028824778	-0.09550038	0.7258724	0.34337270000000003	0.7787605	0.9012749	-0.7124221	-0.314284
cell_1850	0.59910226	0.4743884	0.5833496	-1.3646978	2.353931	-1.6292108	2.37317	-1.2109609	-1.9520747999999999	-0.056467988	-0.96878415
cell_1851	0.5514015	0.5127143	0.47973862	0.66690314	0.19730799999999998	0.37014127	-0.5146566	0.7380842	0.8836413000000001	-0.41868415	-0.30531678
cell_1852	0.4456135	0.50189334	0.51535547	-0.33949962	0.5458394	0.414235	0.6220107	0.7276689000000001	0.9388690999999999	0.20320173	-0.6960748000000001
cell_1853	0.64701575	0.44562570000000007	0.51794136	-0.5200507000000001	0.9924805	-1.5281864	2.2867653	0.77312493	-0.8605093	-0.06751315	-0.12681259
cell_1863	0.44626132	0.501997	0.48307323	-1.2055612	-0.21556841	-1.1472868	-1.8112297999999998	0.87422144	0.8442371999999999	0.035733602999999996	-0.17626704
cell_1864	0.5230477	0.41614938	0.42840734	-0.21334973	0.68798363	-0.0994711	2.720264	0.7437497	-0.7671005999999999	-1.0160581	-0.33332846
cell_1867	0.5801092	0.28392458	0.37492555	0.16776806	-0.14225093	0.84340113	0.528652	0.81152576	1.0188966999999998	-0.50896466	-1.1108989
cell_1873	0.412498	0.5927401	0.46035498	-0.46012744	-1.3235937	-0.65034753	-0.44722787	0.7681806	0.911092	0.104481936	-0.9966925999999999
cell_1877	0.614093	0.3842115	0.48394704	-1.3137168	0.9139851000000001	-0.053106636	2.5818279	0.7427319	-1.1974285	-0.68945265	-0.21364644
cell_1878	-0.064962134	0.42381084	0.60653716	-0.93918425	-1.2429281	0.17212749	-0.802944	0.6928088000000001	0.9372659	1.0315523000000002	-0.15375306
cell_1887	0.30834982	0.48809204	0.5327479	-0.03381478	-0.054866754000000004	-0.47906655	-1.3614366000000002	0.7194689000000001	0.93511486	0.7905711	-1.2700757
cell_1888	0.53024936	0.31638563	0.48918649999999997	-0.07513281	-0.40809077	-0.7177488000000001	2.64894	0.82047284	-0.088039935	-1.8096560000000002	-0.26522517
cell_1892	0.5282191999999999	0.45319390000000004	0.52956325	0.108399	-0.2986187	-0.3593825	-0.6056179	0.7833607	0.8221901	0.5220644	-0.742482
cell_1893	0.6000321	0.4126602	0.5500381	0.24361387	0.51574254	0.4171132000000001	2.582403	0.67404395	-0.57877594	-0.7730811	-0.7957420999999999
cell_1898	0.559945	0.5101444	0.5760814999999999	0.28158545	-0.4238531	-1.3216786	-0.90230376	0.7969824999999999	0.7519847	-0.94687235	-0.7698292
cell_1902	0.6270284	0.48222825	0.49605322	0.5084834	-0.5046701	-1.6341193999999999	1.542586	0.6915833	0.8068484	-0.7105875	-0.49365169999999997
cell_1906	-0.28989998	0.36141965	0.41079512	-0.065423824	-0.03437252	0.8034206	-0.08298376	0.84979206	0.9704649999999999	1.0607784	-0.6983781
cell_1908	0.5509121	0.50781286	0.46652764	0.12957196	2.3678682	-0.51317364	2.3257456000000003	0.19205725	-1.0869048000000001	-0.31842402	0.21394639999999998
cell_1909	0.47056797	0.4088889	0.59916186	0.13619736	-0.8013786	-1.4194354	-0.18977797	0.7895568000000001	0.93116075	-0.23605238	-0.6375049
cell_1913	0.5655193000000001	0.3422347	0.4276667	-0.7121764	0.1381326	0.21541937	2.3635308999999998	0.8590505999999999	0.5379191999999999	-0.8742232	-1.453096
cell_1914	0.544543	0.47579223	0.5239476	-1.0376815000000001	2.3672017999999997	-0.1769685	2.547679	-1.0369548000000002	-1.7006978	-1.0020646999999998	-0.37131759999999997
cell_1916	0.6711993	0.3954558	0.43503338	0.13112544	-1.4717402	-0.8086624	-1.0467916	0.7694736999999999	0.88061476	-0.1884111	-1.0681937
cell_1918	-0.14597659	0.38572285	0.42490348	-0.29374809999999996	0.5345604	-0.3821502	0.64491	0.83996975	0.84616846	1.154236	-1.342329
cell_1921	0.6066774	0.45000200000000007	0.57062805	-0.58361715	0.22456367	-0.04574369	-1.0685322	0.70291287	0.8748201999999999	-0.6738215	-0.6884184
cell_1923	-0.8761875	0.02147582	0.57413846	-0.8589355	-0.46413139	0.2386041	-0.4163228	0.8443687	1.0245014000000001	1.1171042	-0.09988889
cell_1925	0.41501796	0.5586649	0.44218370000000007	-0.94059956	0.22045486	0.10913384	1.5217477	0.7050225999999999	0.9361938	0.17530574	-0.78857726
cell_1926	0.5470457	0.5399731	0.49297106	-0.9048546999999999	0.0033089029999999998	1.4820721000000001	-0.7236906999999999	0.835025	0.6319011	-0.46930602	-0.72709215
cell_1928	0.45007122	0.5097795999999999	0.6433721	0.6485335	-0.5230379	-0.35073188	-0.9846784	0.764141	0.8301806999999999	-0.9152396999999999	-0.5586055
cell_1929	0.4838281	0.3787594	0.5351836	-1.042076	0.07642098	-0.18391564	-1.4704255	0.8651753000000001	0.83902186	0.4884424	-0.6099005
cell_1932	-0.24752545	0.30115798	0.42528649999999996	-0.41067475	0.5058921	-0.82098246	-0.15706587	0.8387796999999999	1.010805	1.0664117	-0.423126
cell_1942	-0.31963379999999997	0.4487311	0.43476809999999994	0.49563488	-0.5314656999999999	-1.7319783	-0.08733235	0.7422729	0.93279934	1.1415097	0.034872964
cell_1944	0.6489676999999999	0.3996341	0.5061763	-0.0016471948	-1.1331569	2.1705327000000003	-1.2082895	0.84203947	-0.08819489	-1.6837966	-1.1968149
cell_1947	0.6445432	0.43781040000000004	0.5554661999999999	0.20509152	-0.48403877	-0.095166236	-0.1743188	0.7240828	0.7466373000000001	0.38917962	-1.0252048
cell_1953	0.5049544	0.37440875	0.58992875	1.6949008	-0.5034079	2.4956954	-0.1623672	0.64108515	-0.7129449999999999	-1.0712813	-0.71184164
cell_1954	0.33152336	0.5556101999999999	0.6313149	-0.22680359	-0.73401445	-0.3013998	-0.20626655	0.73551106	0.7500491	0.7205045	-0.8703446
cell_1961	0.4048025	0.48448220000000003	0.4670247	-0.5556073	-0.46753672	0.9098545	0.84117794	0.86242306	0.8506655000000001	0.3379627	-1.1525126
cell_1968	0.63386005	0.4638090999999999	0.30119598	0.1921299	-0.26300743	-0.34682995	2.553405	0.7939486	-0.25093597	-1.3290318	-0.8337258
cell_1969	-0.39464763	0.032676395	0.58216834	0.7241498000000001	-0.26322427	-1.7375841	0.009451695999999999	0.8162793	0.9457623	1.1840978000000002	-0.027102837
cell_1971	0.7579653000000001	0.53487307	0.7615798	-1.4014733999999998	1.7782527	0.8152986999999999	1.4640383	-1.1670676000000002	-0.2699577	-1.43124	-0.30778143
cell_1976	0.62680167	0.27926126	0.5183761	-1.1303381000000001	-0.6926159000000001	-0.35042563	1.7451453999999997	0.8018918	0.83109105	-0.4198182	-1.7013116999999998
cell_1977	0.55781657	0.43680125	0.39460429999999996	-0.9394501000000001	0.30976543	-1.6933578	2.4945185000000003	0.88594866	-1.2395302	-0.28634763	-1.1125834
cell_1980	0.5078133	0.56156784	0.65513605	0.042314064000000005	0.81324965	-0.02057264	-0.67696023	0.8522564	0.37508896	-1.0312048	-0.7314094
cell_1981	0.589448	0.46984840000000005	0.42360088	-1.3934548	-0.5864408	-0.7336149000000001	-0.019732518	0.78286844	0.9095162	-0.3945355	-0.2165455
cell_1983	0.17883074	0.48821735	0.5402169	-0.43838227	-0.9133859000000001	0.64021426	-0.14507550000000002	0.8721871999999999	0.8124151999999999	0.7682985999999999	-0.8283216999999998
cell_1991	0.5481639	0.33690749999999997	0.43777463	-1.3412382999999999	-0.19503886	1.0560011999999999	-1.4950595	0.8293010000000001	0.93383044	0.304385	-0.82880956
cell_1995	0.59218323	0.5062217000000001	0.5537810999999999	1.0428785	-0.2932605	2.2215242	-0.61716634	0.7415088000000001	-1.2940246000000002	-0.34722483	-0.62441176
cell_1999	0.5475871	0.4660432	0.50023365	0.21341072	0.9265853000000001	-0.70603687	1.1767716000000001	0.82707715	0.782133	-0.67647684	-1.5689737
