,pseudotime0,pseudotime1,pseudotime2,pseudotime3
cell_0,,,0.4279519,
cell_1,,0.077156566,,
cell_2,,,0.5222067,
cell_3,,,,0.80172276
cell_4,0.66934985,,,
cell_5,,,0.35982513,
cell_6,,0.1648581,,
cell_7,0.61525667,,,
cell_8,0.6852997,,,
cell_9,0.4345485,,,
cell_10,0.6539128,,,
cell_11,,,,0.52485144
cell_12,0.69843775,,,
cell_13,,,0.4534037,
cell_14,0.52891225,,,
cell_15,0.5399909,,,
cell_16,0.6271158,,,
cell_17,0.71146464,,,
cell_18,0.6815645,,,
cell_19,,0.14063631,,
cell_20,0.7366444,,,
cell_21,0.69138753,,,
cell_22,,,0.3730358,
cell_23,,,0.5171495,
cell_24,,,0.44203082,
cell_25,0.6185853,,,
cell_26,,,0.4852865,
cell_27,0.3599332,,,
cell_28,,,0.47060812,
cell_29,,0.25004232,,
cell_30,0.7300799,,,
cell_31,,0.12963136,,
cell_32,,0.058120225,,
cell_33,,,0.5522325,
cell_34,,,0.430421,
cell_35,,,,0.33947435
cell_36,,0.15468615,,
cell_37,,,0.5002369,
cell_38,0.54875696,,,
cell_39,0.68177617,,,
cell_40,0.60008705,,,
cell_41,0.57522255,,,
cell_42,0.6901327,,,
cell_43,0.71351236,,,
cell_44,,,,0.40305492
cell_45,0.6960046,,,
cell_46,,0.02615011,,
cell_47,,,,0.5674099
cell_48,,,0.4375991,
cell_49,0.6743335,,,
cell_50,,,0.5108243,
cell_51,,,0.50717926,
cell_52,,,0.35972372,
cell_53,,,0.46133274,
cell_54,,0.029066276,,
cell_55,,0.16229624,,
cell_56,0.63725,,,
cell_57,,,,0.4766187
cell_58,,0.21817237,,
cell_59,,0.050835367,,
cell_60,0.4096786,,,
cell_61,,,0.4576298,
cell_62,0.67568004,,,
cell_63,0.686838,,,
cell_64,0.6844214,,,
cell_65,0.6363344,,,
cell_66,,0.055249438,,
cell_67,,,0.52343684,
cell_68,0.70324224,,,
cell_69,,,0.49586418,
cell_70,0.702396,,,
cell_71,0.7038234,,,
cell_72,0.6547647,,,
cell_73,,0.04978911,,
cell_74,,0.21473993,,
cell_75,,,,0.7730582
cell_76,,0.053472623,,
cell_77,0.4934614,,,
cell_78,,,0.48960134,
cell_79,0.52460575,,,
cell_80,0.6819666,,,
cell_81,0.683032,,,
cell_82,,,0.4744145,
cell_83,0.54670596,,,
cell_84,,,,0.9083564
cell_85,,0.035362042,,
cell_86,0.6575886,,,
cell_87,,,0.49376494,
cell_88,,,0.42562047,
cell_89,0.500254,,,
cell_90,,,,0.9001675
cell_91,,,0.42629865,
cell_92,0.47022077,,,
cell_93,0.47419077,,,
cell_94,0.6424734,,,
cell_95,,,,0.6888052
cell_96,,0.035412736,,
cell_97,0.6744084,,,
cell_98,,0.09902613,,
cell_99,0.6427842,,,
cell_100,,,,0.81348
cell_101,,0.1592116,,
cell_102,,0.07881159,,
cell_103,0.5408065,,,
cell_104,0.58719313,,,
cell_105,0.6965409,,,
cell_106,0.655137,,,
cell_107,0.37154153,,,
cell_108,,0.07864984,,
cell_109,0.55656993,,,
cell_110,,,0.5195152,
cell_111,,,0.49347147,
cell_112,,,0.49367985,
cell_113,,,0.48298237,
cell_114,0.41079292,,,
cell_115,0.66989815,,,
cell_116,0.69305384,,,
cell_117,0.61525697,,,
cell_118,0.66242576,,,
cell_119,,,,0.74011475
cell_120,0.6191499,,,
cell_121,,,0.48020947,
cell_122,,,0.44963592,
cell_123,,0.04592226,,
cell_124,0.6222962,,,
cell_125,,0.029714333,,
cell_126,0.528302,,,
cell_127,,,0.47191983,
cell_128,,0.15846406,,
cell_129,,,0.35122135,
cell_130,0.4972074,,,
cell_131,,,,0.46023887
cell_132,,0.16865624,,
cell_133,,,0.46625218,
cell_134,0.69461274,,,
cell_135,,0.04155243,,
cell_136,0.671538,,,
cell_137,,,,0.93476295
cell_138,0.69866997,,,
cell_139,,,0.4639493,
cell_140,,,0.54243517,
cell_141,0.5635724,,,
cell_142,0.41378978,,,
cell_143,,0.25734565,,
cell_144,,0.11682787,,
cell_145,,0.06273129,,
cell_146,,0.059532974,,
cell_147,,,0.44621962,
cell_148,0.38423827,,,
cell_149,,,,0.41907167
cell_150,0.6664099,,,
cell_151,0.5398318,,,
cell_152,0.6655313,,,
cell_153,,,0.43872738,
cell_154,0.6696468,,,
cell_155,,,0.4676974,
cell_156,,,0.46505234,
cell_157,0.5405734,,,
cell_158,0.45925242,,,
cell_159,,,0.5004237,
cell_160,0.67671466,,,
cell_161,0.7087919,,,
cell_162,,,0.48019728,
cell_163,0.5252226,,,
cell_164,0.63139796,,,
cell_165,0.593019,,,
cell_166,,,0.5477694,
cell_167,0.5849654,,,
cell_168,,,0.43790615,
cell_169,,,0.5022121,
cell_170,0.44962135,,,
cell_171,,,0.5245146,
cell_172,,,0.52827126,
cell_173,,,0.46838212,
cell_174,0.651898,,,
cell_175,,0.09074282,,
cell_176,,,,0.5714435
cell_177,,,0.47141528,
cell_178,0.6744334,,,
cell_179,0.57002616,,,
cell_180,,,,0.8233485
cell_181,0.67624646,,,
cell_182,,0.050254297,,
cell_183,,0.057647053,,
cell_184,0.66891015,,,
cell_185,,0.13847794,,
cell_186,,,0.44355592,
cell_187,,0.14768037,,
cell_188,,0.18033192,,
cell_189,,,0.4959605,
cell_190,,,0.5408762,
cell_191,0.35468704,,,
cell_192,0.56697345,,,
cell_193,0.47687262,,,
cell_194,,0.063991904,,
cell_195,,0.039792903,,
cell_196,0.69026,,,
cell_197,,,,0.79868704
cell_198,0.69122964,,,
cell_199,,0.19586766,,
cell_200,,0.18869181,,
cell_201,,,0.44170135,
cell_202,0.66928923,,,
cell_203,0.7175565,,,
cell_204,,,0.4162077,
cell_205,0.67829454,,,
cell_206,0.6969277,,,
cell_207,0.6557796,,,
cell_208,,,,0.5915398
cell_209,,0.15183891,,
cell_210,0.5117883,,,
cell_211,,0.15462708,,
cell_212,,0.09490229,,
cell_213,,,0.5391519,
cell_214,,,,0.76605874
cell_215,0.47138828,,,
cell_216,0.37934107,,,
cell_217,0.39991522,,,
cell_218,,,0.53070164,
cell_219,,0.05776954,,
cell_220,0.5021722,,,
cell_221,,0.24250206,,
cell_222,,0.037062984,,
cell_223,0.6070826,,,
cell_224,,,,0.4313039
cell_225,,0.16106439,,
cell_226,0.66725576,,,
cell_227,0.6439966,,,
cell_228,,,0.50113976,
cell_229,0.6736872,,,
cell_230,0.66173965,,,
cell_231,,0.15260293,,
cell_232,,,0.49460486,
cell_233,,0.18594302,,
cell_234,0.65079296,,,
cell_235,,,,0.47192985
cell_236,,,,0.4727553
cell_237,,,0.4494026,
cell_238,,,0.49957514,
cell_239,,0.18385358,,
cell_240,0.6040584,,,
cell_241,,,0.44069132,
cell_242,0.625139,,,
cell_243,,0.18101358,,
cell_244,,,0.4981444,
cell_245,0.62364215,,,
cell_246,,0.08399268,,
cell_247,0.5134871,,,
cell_248,,0.26698953,,
cell_249,,0.061282646,,
cell_250,,0.042343557,,
cell_251,0.71039623,,,
cell_252,0.5333197,,,
cell_253,,,0.4202718,
cell_254,,0.19792014,,
cell_255,0.6597108,,,
cell_256,,0.17999569,,
cell_257,0.5367481,,,
cell_258,,0.02759261,,
cell_259,0.64277637,,,
cell_260,,,0.35888037,
cell_261,0.5326808,,,
cell_262,,0.041929603,,
cell_263,,,0.44758278,
cell_264,,0.09437509,,
cell_265,,,0.50107855,
cell_266,,0.15445967,,
cell_267,,,,0.5340823
cell_268,,,,0.50050837
cell_269,,0.18893526,,
cell_270,0.60474056,,,
cell_271,0.39941072,,,
cell_272,0.5225782,,,
cell_273,,0.06609884,,
cell_274,,0.19583394,,
cell_275,0.68578994,,,
cell_276,,,,0.5335426
cell_277,,0.08427225,,
cell_278,,0.16561016,,
cell_279,,0.112724684,,
cell_280,,0.1733105,,
cell_281,0.5824635,,,
cell_282,,0.17039736,,
cell_283,,0.1898418,,
cell_284,,,,0.7431714
cell_285,,,0.55335176,
cell_286,0.70887285,,,
cell_287,0.6927844,,,
cell_288,0.61212724,,,
cell_289,,0.15788746,,
cell_290,,0.26918966,,
cell_291,,0.15927829,,
cell_292,0.70168895,,,
cell_293,,0.055441372,,
cell_294,0.66126716,,,
cell_295,,,0.38466382,
cell_296,0.74188536,,,
cell_297,,0.04247399,,
cell_298,,,0.40222055,
cell_299,,0.049637377,,
cell_300,,,0.52888286,
cell_301,,0.16755722,,
cell_302,,,0.5045148,
cell_303,,,,0.39218056
cell_304,,,0.439342,
cell_305,,,0.4772869,
cell_306,0.6232203,,,
cell_307,,0.21924058,,
cell_308,,,0.46267548,
cell_309,,,0.43182546,
cell_310,,0.07460071,,
cell_311,,0.1319414,,
cell_312,,,0.50967693,
cell_313,0.6356619,,,
cell_314,0.40382197,,,
cell_315,0.3752698,,,
cell_316,,,0.461325,
cell_317,,,,0.548057
cell_318,,0.07990963,,
cell_319,,0.07831391,,
cell_320,0.42213583,,,
cell_321,0.6656285,,,
cell_322,,0.13589868,,
cell_323,,0.07644869,,
cell_324,,,0.56879646,
cell_325,0.52775806,,,
cell_326,,0.18267812,,
cell_327,,,,0.819455
cell_328,0.55702364,,,
cell_329,,,,0.9057898
cell_330,,,0.43601692,
cell_331,0.6523379,,,
cell_332,0.5152398,,,
cell_333,,0.038903486,,
cell_334,0.6317887,,,
cell_335,0.2535223,,,
cell_336,,,0.5578383,
cell_337,0.59765655,,,
cell_338,,0.15007132,,
cell_339,,0.029619427,,
cell_340,,0.32470962,,
cell_341,,,,0.8629434
cell_342,,,0.4616262,
cell_343,,0.12393053,,
cell_344,,0.13089441,,
cell_345,,,0.45032948,
cell_346,0.6414084,,,
cell_347,,0.052855127,,
cell_348,0.6885424,,,
cell_349,,,,0.8567011
cell_350,,0.13178822,,
cell_351,0.6979281,,,
cell_352,,0.23060714,,
cell_353,,,0.5418607,
cell_354,0.43580177,,,
cell_355,0.69159794,,,
cell_356,,0.07688409,,
cell_357,,,,0.44074118
cell_358,0.5204993,,,
cell_359,,0.102789134,,
cell_360,,,0.3910018,
cell_361,,,0.48793086,
cell_362,,,0.4613684,
cell_363,,,,0.9085062
cell_364,0.4815337,,,
cell_365,,0.09913997,,
cell_366,0.5402927,,,
cell_367,,,,0.41905263
cell_368,0.4250425,,,
cell_369,,0.13070287,,
cell_370,,0.03770497,,
cell_371,,0.04421434,,
cell_372,0.46519208,,,
cell_373,,,0.49609473,
cell_374,,0.1826984,,
cell_375,,0.15097204,,
cell_376,,0.08697172,,
cell_377,,,0.5028512,
cell_378,,,,0.44656754
cell_379,,,0.40995854,
cell_380,,,0.4689981,
cell_381,,,0.47979212,
cell_382,,0.1380396,,
cell_383,,,,0.4257562
cell_384,0.5654186,,,
cell_385,,,0.46250427,
cell_386,0.3818697,,,
cell_387,0.6913704,,,
cell_388,0.67319024,,,
cell_389,,,0.3846472,
cell_390,,,0.4359589,
cell_391,0.5203234,,,
cell_392,0.64807785,,,
cell_393,,,0.50185287,
cell_394,,,0.5038056,
cell_395,0.6565346,,,
cell_396,,,0.5102856,
cell_397,0.67914206,,,
cell_398,,,,0.83455706
cell_399,0.5546108,,,
cell_400,,,0.45434323,
cell_401,,0.15396108,,
cell_402,,0.15003367,,
cell_403,0.66543627,,,
cell_404,0.5324871,,,
cell_405,0.5036599,,,
cell_406,,0.03509229,,
cell_407,,0.10613181,,
cell_408,,0.18454003,,
cell_409,,0.06274454,,
cell_410,,,,0.5217468
cell_411,0.64453256,,,
cell_412,0.7144857,,,
cell_413,0.6582349,,,
cell_414,,0.07237415,,
cell_415,0.43696067,,,
cell_416,0.6710815,,,
cell_417,,,0.417954,
cell_418,0.5418761,,,
cell_419,,0.108964965,,
cell_420,0.6939152,,,
cell_421,,,0.46143746,
cell_422,,,0.4856328,
cell_423,0.36904302,,,
cell_424,0.6650758,,,
cell_425,0.5272397,,,
cell_426,0.6636938,,,
cell_427,,0.14062235,,
cell_428,0.70041406,,,
cell_429,,,,0.8486394
cell_430,,0.13081789,,
cell_431,,,,0.6078634
cell_432,,,,0.80530596
cell_433,,,0.48128727,
cell_434,,0.029376674,,
cell_435,,0.1882057,,
cell_436,,0.15781203,,
cell_437,,,,0.8313922
cell_438,,,0.4571741,
cell_439,,,,0.81064874
cell_440,,0.097832605,,
cell_441,,,,0.8028506
cell_442,0.67305386,,,
cell_443,,,,0.82168853
cell_444,0.6663013,,,
cell_445,,,,0.45174673
cell_446,0.5679937,,,
cell_447,0.42228994,,,
cell_448,,,0.4806028,
cell_449,0.63012046,,,
cell_450,,0.1485686,,
cell_451,,0.106740564,,
cell_452,0.6538521,,,
cell_453,,0.10021859,,
cell_454,,,0.4268888,
cell_455,,0.08516373,,
cell_456,,0.15636334,,
cell_457,,0.03839111,,
cell_458,,,0.45751435,
cell_459,,,,0.7601935
cell_460,,,0.46330404,
cell_461,0.674391,,,
cell_462,0.64489734,,,
cell_463,0.7028628,,,
cell_464,0.5745402,,,
cell_465,,0.044722922,,
cell_466,0.41868472,,,
cell_467,0.653112,,,
cell_468,,0.13901976,,
cell_469,0.5881651,,,
cell_470,0.672085,,,
cell_471,,0.17217968,,
cell_472,0.38614398,,,
cell_473,0.37608233,,,
cell_474,0.6281373,,,
cell_475,,,0.49267256,
cell_476,,0.05061684,,
cell_477,0.44568053,,,
cell_478,0.6353092,,,
cell_479,0.470495,,,
cell_480,,0.08378399,,
cell_481,0.5754331,,,
cell_482,,0.015054288,,
cell_483,,0.037989203,,
cell_484,0.66460097,,,
cell_485,,,0.49633124,
cell_486,0.69543713,,,
cell_487,0.463338,,,
cell_488,,,0.44479063,
cell_489,0.54171836,,,
cell_490,0.4458012,,,
cell_491,,,,0.4440823
cell_492,,,0.4369478,
cell_493,0.37478825,,,
cell_494,0.6449772,,,
cell_495,,0.16139959,,
cell_496,0.41597572,,,
cell_497,,0.049638797,,
cell_498,0.6833574,,,
cell_499,0.4555246,,,
cell_500,,,,0.46290648
cell_501,,0.10286814,,
cell_502,0.3004402,,,
cell_503,,0.07303241,,
cell_504,,,,0.32699153
cell_505,0.65416807,,,
cell_506,0.6740444,,,
cell_507,0.66416925,,,
cell_508,,,,1.0
cell_509,,0.18112575,,
cell_510,,,0.42007944,
cell_511,0.59544605,,,
cell_512,,0.11055512,,
cell_513,,0.14941034,,
cell_514,0.56305057,,,
cell_515,0.5696991,,,
cell_516,,,0.45582741,
cell_517,,0.17481789,,
cell_518,0.6772378,,,
cell_519,0.71458435,,,
cell_520,,,,0.62321097
cell_521,,,0.39577705,
cell_522,,,0.44049153,
cell_523,0.71068114,,,
cell_524,,,0.49057376,
cell_525,0.6583927,,,
cell_526,0.5571141,,,
cell_527,,0.059750397,,
cell_528,,,0.41593996,
cell_529,,0.057886846,,
cell_530,0.53185433,,,
cell_531,0.42697945,,,
cell_532,,,0.46426725,
cell_533,,,0.41493663,
cell_534,,0.078516796,,
cell_535,0.63716197,,,
cell_536,0.6965172,,,
cell_537,,,0.4379088,
cell_538,0.6318294,,,
cell_539,,,0.47170308,
cell_540,,,0.5138995,
cell_541,0.406975,,,
cell_542,0.6642344,,,
cell_543,,,0.45086047,
cell_544,0.5724889,,,
cell_545,,,0.5719757,
cell_546,0.6340612,,,
cell_547,,0.19927426,,
cell_548,,,0.4770849,
cell_549,,,,0.899556
cell_550,,0.18528803,,
cell_551,,0.16776977,,
cell_552,0.43580312,,,
cell_553,0.7382071,,,
cell_554,,0.066854246,,
cell_555,,,,0.8392167
cell_556,,0.175991,,
cell_557,,0.049583692,,
cell_558,,,,0.44210577
cell_559,,0.076440156,,
cell_560,0.68295765,,,
cell_561,,,0.49894124,
cell_562,,0.0919327,,
cell_563,,0.1540839,,
cell_564,,,,0.80231106
cell_565,,0.1439131,,
cell_566,,,0.43726724,
cell_567,0.45528558,,,
cell_568,,,,0.9534072
cell_569,,,0.39552724,
cell_570,0.43424308,,,
cell_571,,0.045903746,,
cell_572,,,0.4775318,
cell_573,,0.2043244,,
cell_574,0.6928307,,,
cell_575,,0.1674243,,
cell_576,,0.13461655,,
cell_577,0.6536449,,,
cell_578,0.6553249,,,
cell_579,,0.14820199,,
cell_580,0.52326846,,,
cell_581,,,,0.9248276
cell_582,,0.16791242,,
cell_583,0.38960907,,,
cell_584,,,,0.72663856
cell_585,0.3816445,,,
cell_586,0.43730974,,,
cell_587,,,0.45869958,
cell_588,,0.22387409,,
cell_589,0.56837225,,,
cell_590,0.6985471,,,
cell_591,,0.09974751,,
cell_592,0.6346815,,,
cell_593,0.6753994,,,
cell_594,,0.070707515,,
cell_595,,,0.40949443,
cell_596,,,,0.43945366
cell_597,,,0.52436554,
cell_598,,,0.5521584,
cell_599,,0.036059853,,
cell_600,,0.08130757,,
cell_601,,0.038688146,,
cell_602,0.5848713,,,
cell_603,,0.08216137,,
cell_604,,,0.5224321,
cell_605,0.5084438,,,
cell_606,,0.14424093,,
cell_607,,0.17988148,,
cell_608,,0.08466551,,
cell_609,,,0.52402353,
cell_610,0.4593819,,,
cell_611,0.29316285,,,
cell_612,0.6308694,,,
cell_613,0.57228976,,,
cell_614,0.663615,,,
cell_615,,,0.46936953,
cell_616,,,0.48167,
cell_617,0.613168,,,
cell_618,,0.21138306,,
cell_619,,,0.52689207,
cell_620,,0.12323834,,
cell_621,0.56179637,,,
cell_622,,0.03433169,,
cell_623,,0.053940084,,
cell_624,,0.18420692,,
cell_625,,,,0.76729167
cell_626,,,0.42664567,
cell_627,,0.16455442,,
cell_628,0.7395365,,,
cell_629,,,,0.8394433
cell_630,0.66383004,,,
cell_631,,,0.5771896,
cell_632,,0.021791212,,
cell_633,0.60698587,,,
cell_634,0.4108419,,,
cell_635,,0.1894526,,
cell_636,,,,0.4444867
cell_637,,,0.47770706,
cell_638,,,,0.47134265
cell_639,0.47902298,,,
cell_640,0.7077435,,,
cell_641,0.7330075,,,
cell_642,0.6083232,,,
cell_643,,,0.47707054,
cell_644,,,,0.453191
cell_645,0.65980405,,,
cell_646,,,0.50867856,
cell_647,,0.07509028,,
cell_648,,,0.5065598,
cell_649,0.5601237,,,
cell_650,,0.15392934,,
cell_651,,,0.31789207,
cell_652,0.67109865,,,
cell_653,0.63998926,,,
cell_654,0.67092013,,,
cell_655,,,,0.8601183
cell_656,0.70082116,,,
cell_657,0.6255563,,,
cell_658,0.59055054,,,
cell_659,,,0.45042104,
cell_660,0.47590908,,,
cell_661,0.5276482,,,
cell_662,,,,0.8792105
cell_663,0.50693935,,,
cell_664,0.69815445,,,
cell_665,,,,0.42169207
cell_666,,0.046308514,,
cell_667,,0.17061049,,
cell_668,,,0.39435604,
cell_669,,,0.46256,
cell_670,,0.07071634,,
cell_671,0.7082177,,,
cell_672,,0.15429801,,
cell_673,,,,0.43805838
cell_674,0.67605627,,,
cell_675,0.2673347,,,
cell_676,0.611107,,,
cell_677,0.2697011,,,
cell_678,,,0.3088255,
cell_679,,,0.4702093,
cell_680,,0.15512112,,
cell_681,,0.11438952,,
cell_682,,,0.46494365,
cell_683,0.63512725,,,
cell_684,,,0.5290708,
cell_685,0.51694727,,,
cell_686,0.6281472,,,
cell_687,,0.20390293,,
cell_688,,0.19192335,,
cell_689,,,0.4463981,
cell_690,0.38941762,,,
cell_691,,0.07413112,,
cell_692,,,,0.44760495
cell_693,,,0.42052895,
cell_694,0.6743198,,,
cell_695,,0.1901654,,
cell_696,0.39092168,,,
cell_697,,0.11587489,,
cell_698,0.65738744,,,
cell_699,,0.04514197,,
cell_700,,0.041603595,,
cell_701,0.6198739,,,
cell_702,0.6788625,,,
cell_703,0.6497447,,,
cell_704,,,0.46405026,
cell_705,,0.055882264,,
cell_706,0.616711,,,
cell_707,,0.22442986,,
cell_708,,0.052381694,,
cell_709,0.6294648,,,
cell_710,,0.129112,,
cell_711,,,0.4319252,
cell_712,,,0.43121415,
cell_713,0.71378857,,,
cell_714,0.19286224,,,
cell_715,0.3661955,,,
cell_716,,0.0643833,,
cell_717,,,,0.73781276
cell_718,0.38345167,,,
cell_719,0.61847377,,,
cell_720,0.7073571,,,
cell_721,0.658786,,,
cell_722,,0.045256093,,
cell_723,,0.08636028,,
cell_724,0.2822214,,,
cell_725,,0.07928247,,
cell_726,0.5987392,,,
cell_727,,0.054933775,,
cell_728,,0.032751784,,
cell_729,0.44367918,,,
cell_730,,,0.36795047,
cell_731,0.4240013,,,
cell_732,,0.07385869,,
cell_733,,,0.46881503,
cell_734,,,0.44224593,
cell_735,,0.16032656,,
cell_736,,0.15910885,,
cell_737,,,0.4563386,
cell_738,,,,0.786256
cell_739,0.64633834,,,
cell_740,,0.043334153,,
cell_741,,0.1295217,,
cell_742,,,0.5276989,
cell_743,0.70157933,,,
cell_744,,0.08853848,,
cell_745,,,,0.44933355
cell_746,0.68307006,,,
cell_747,,,,0.84002405
cell_748,,,0.4576808,
cell_749,,,0.43390164,
cell_750,0.48268214,,,
cell_751,,0.1851181,,
cell_752,,,,0.45601004
cell_753,0.7134636,,,
cell_754,0.65791667,,,
cell_755,,0.05932618,,
cell_756,0.64191324,,,
cell_757,,,0.5310345,
cell_758,,0.0977639,,
cell_759,0.54109794,,,
cell_760,,,0.43076915,
cell_761,,,,0.75307876
cell_762,0.6246755,,,
cell_763,,0.12991227,,
cell_764,0.70717144,,,
cell_765,,0.07609005,,
cell_766,,,,0.73271483
cell_767,,0.10646766,,
cell_768,0.61920995,,,
cell_769,0.42699245,,,
cell_770,0.6269915,,,
cell_771,,0.094530545,,
cell_772,,0.08905715,,
cell_773,,0.056734614,,
cell_774,,0.17774065,,
cell_775,,,,0.4697034
cell_776,0.6701581,,,
cell_777,0.5411152,,,
cell_778,0.6658908,,,
cell_779,0.39168346,,,
cell_780,,,0.38308054,
cell_781,0.5798467,,,
cell_782,0.4671014,,,
cell_783,0.35096547,,,
cell_784,,0.02888517,,
cell_785,,,0.4930635,
cell_786,,0.037213244,,
cell_787,,,0.48962212,
cell_788,,0.094503336,,
cell_789,0.59541255,,,
cell_790,0.47955158,,,
cell_791,,0.15024884,,
cell_792,,0.038265254,,
cell_793,0.65179163,,,
cell_794,,0.036969185,,
cell_795,,,0.4304779,
cell_796,,,0.48528537,
cell_797,,,0.5310936,
cell_798,,,,0.9705152
cell_799,,0.06702769,,
cell_800,0.68938243,,,
cell_801,,,0.49359763,
cell_802,0.49465084,,,
cell_803,,0.16045451,,
cell_804,0.6161049,,,
cell_805,,,,0.5804131
cell_806,,,0.40420026,
cell_807,0.691621,,,
cell_808,,0.15188643,,
cell_809,,,0.464614,
cell_810,,0.2511751,,
cell_811,0.66797817,,,
cell_812,,0.1243767,,
cell_813,0.61990994,,,
cell_814,0.70166457,,,
cell_815,0.6334213,,,
cell_816,,,,0.8236706
cell_817,,,0.45520633,
cell_818,0.39768198,,,
cell_819,0.62037474,,,
cell_820,,,,0.6775947
cell_821,0.70385534,,,
cell_822,,0.18194906,,
cell_823,,,,0.68107694
cell_824,0.48463845,,,
cell_825,0.661039,,,
cell_826,,,0.50142485,
cell_827,0.41502804,,,
cell_828,0.63160914,,,
cell_829,0.64334184,,,
cell_830,,0.016076691,,
cell_831,0.5510048,,,
cell_832,0.56863576,,,
cell_833,,0.06402986,,
cell_834,,,0.5287798,
cell_835,0.6742544,,,
cell_836,0.66503143,,,
cell_837,,,0.5315446,
cell_838,0.6670339,,,
cell_839,,,0.4723355,
cell_840,,,0.31793514,
cell_841,,,0.55611247,
cell_842,,0.09744861,,
cell_843,0.6695895,,,
cell_844,,,0.5001311,
cell_845,0.4636427,,,
cell_846,,,,0.9153175
cell_847,,,0.4943747,
cell_848,,,0.5507426,
cell_849,0.66520464,,,
cell_850,0.62455946,,,
cell_851,,,0.47992328,
cell_852,0.6847295,,,
cell_853,0.3719822,,,
cell_854,,0.036518775,,
cell_855,,,0.49672732,
cell_856,0.66015786,,,
cell_857,,,0.46221247,
cell_858,0.59668905,,,
cell_859,0.66323745,,,
cell_860,,,0.47534907,
cell_861,,0.011289017,,
cell_862,,,0.4689018,
cell_863,0.4320195,,,
cell_864,,,,0.90204287
cell_865,0.630095,,,
cell_866,0.65520656,,,
cell_867,0.38145176,,,
cell_868,,,0.46668893,
cell_869,0.6296606,,,
cell_870,0.3910332,,,
cell_871,0.70708907,,,
cell_872,,,,0.6003938
cell_873,0.6105846,,,
cell_874,,0.11305366,,
cell_875,,,0.45789742,
cell_876,0.24906327,,,
cell_877,,0.09012036,,
cell_878,,,0.4169678,
cell_879,,0.046846036,,
cell_880,,,,0.78238004
cell_881,,0.20078501,,
cell_882,0.6129062,,,
cell_883,0.5516477,,,
cell_884,,,0.5152662,
cell_885,0.70577383,,,
cell_886,,,,0.9289081
cell_887,,,0.4721425,
cell_888,0.7119684,,,
cell_889,,,,0.76198703
cell_890,,,,0.97394764
cell_891,,,,0.8003625
cell_892,,0.11622173,,
cell_893,0.73817444,,,
cell_894,,0.15113705,,
cell_895,0.5656034,,,
cell_896,,,,0.94216144
cell_897,,,,0.71249646
cell_898,,,,0.76453096
cell_899,0.62051994,,,
cell_900,,,,0.90387017
cell_901,,,0.50034416,
cell_902,0.55925554,,,
cell_903,,,,0.7409849
cell_904,,,0.4334891,
cell_905,,,0.45709646,
cell_906,,,,0.43902498
cell_907,0.36483452,,,
cell_908,,,0.4777481,
cell_909,,,0.41067612,
cell_910,,,0.41995436,
cell_911,,0.06788424,,
cell_912,,0.37930107,,
cell_913,,,,0.87139416
cell_914,0.6226953,,,
cell_915,,,,0.774658
cell_916,,,,0.47564632
cell_917,0.5500932,,,
cell_918,,,0.44632658,
cell_919,0.6781621,,,
cell_920,,,,0.35574305
cell_921,,,0.47798845,
cell_922,0.5924645,,,
cell_923,,,0.43245444,
cell_924,,,0.33246526,
cell_925,0.68731856,,,
cell_926,,,0.463658,
cell_927,,,,0.7356838
cell_928,,0.034883074,,
cell_929,0.6410063,,,
cell_930,0.62790865,,,
cell_931,,,0.5218777,
cell_932,,0.11727195,,
cell_933,,0.032010663,,
cell_934,,,0.51623154,
cell_935,0.6015342,,,
cell_936,0.5389565,,,
cell_937,,,0.4438921,
cell_938,0.5146066,,,
cell_939,,0.19744329,,
cell_940,,,,0.6416212
cell_941,0.39968717,,,
cell_942,,,0.46030846,
cell_943,,0.17650582,,
cell_944,,,0.5069981,
cell_945,0.62247896,,,
cell_946,,,,0.86628574
cell_947,,0.253803,,
cell_948,0.6738381,,,
cell_949,0.45012307,,,
cell_950,0.6849365,,,
cell_951,,0.02138881,,
cell_952,,0.08122371,,
cell_953,0.59032893,,,
cell_954,0.66072375,,,
cell_955,,,0.4438507,
cell_956,0.566205,,,
cell_957,,,,0.85216933
cell_958,,0.03865176,,
cell_959,0.6411465,,,
cell_960,0.665952,,,
cell_961,,,0.4448452,
cell_962,0.55972016,,,
cell_963,0.66555005,,,
cell_964,,0.13156332,,
cell_965,0.6773087,,,
cell_966,,,0.47195148,
cell_967,,0.0697044,,
cell_968,,0.15315364,,
cell_969,,,0.4152466,
cell_970,0.6896724,,,
cell_971,0.6994333,,,
cell_972,0.6362907,,,
cell_973,0.57684994,,,
cell_974,0.66044277,,,
cell_975,,,0.52879333,
cell_976,,0.1529681,,
cell_977,,,0.45801216,
cell_978,0.6817905,,,
cell_979,0.55500513,,,
cell_980,,,0.45857352,
cell_981,0.6451189,,,
cell_982,,0.15464781,,
cell_983,0.68090755,,,
cell_984,,0.2898929,,
cell_985,0.34172362,,,
cell_986,,,0.47113565,
cell_987,,,0.47369698,
cell_988,0.7026169,,,
cell_989,0.7110738,,,
cell_990,,0.034749463,,
cell_991,,0.18420978,,
cell_992,,,,0.3914308
cell_993,0.6921628,,,
cell_994,,,0.4502566,
cell_995,0.6397724,,,
cell_996,0.6646379,,,
cell_997,,0.04334097,,
cell_998,0.68019897,,,
cell_999,0.5027965,,,
cell_1000,0.503083,,,
cell_1001,0.7016025,,,
cell_1002,,,0.43155697,
cell_1003,0.56798625,,,
cell_1004,,,0.4901144,
cell_1005,0.53595656,,,
cell_1006,,,0.4467816,
cell_1007,,,0.47651768,
cell_1008,,,,0.53876394
cell_1009,0.7040188,,,
cell_1010,,,,0.49858198
cell_1011,,0.02361475,,
cell_1012,0.6430968,,,
cell_1013,,,0.43900257,
cell_1014,0.6558698,,,
cell_1015,0.5380551,,,
cell_1016,0.5206742,,,
cell_1017,,0.19409482,,
cell_1018,,,0.36585984,
cell_1019,,,,0.64436823
cell_1020,,0.15776351,,
cell_1021,0.65831137,,,
cell_1022,,0.08621797,,
cell_1023,,0.040971953,,
cell_1024,0.5402434,,,
cell_1025,0.69851136,,,
cell_1026,,0.050882496,,
cell_1027,0.70621014,,,
cell_1028,,,,0.7749034
cell_1029,,,0.5320741,
cell_1030,0.6270739,,,
cell_1031,,0.062638246,,
cell_1032,,0.043637548,,
cell_1033,,,0.46133825,
cell_1034,,0.04270985,,
cell_1035,,,0.50247264,
cell_1036,,0.17586793,,
cell_1037,0.49899444,,,
cell_1038,,,0.45973417,
cell_1039,,0.034339372,,
cell_1040,0.69782054,,,
cell_1041,,,0.4793577,
cell_1042,,0.1120503,,
cell_1043,0.60433376,,,
cell_1044,0.5848224,,,
cell_1045,,0.048278384,,
cell_1046,0.66174436,,,
cell_1047,0.72880644,,,
cell_1048,,0.22584182,,
cell_1049,,,0.43166393,
cell_1050,0.64326805,,,
cell_1051,,,0.5036743,
cell_1052,,0.19840601,,
cell_1053,,,0.4838087,
cell_1054,,0.084343314,,
cell_1055,,0.08946724,,
cell_1056,,,,0.67669326
cell_1057,,,0.44637346,
cell_1058,0.6333414,,,
cell_1059,,,0.49226743,
cell_1060,,0.0,,
cell_1061,,0.15424019,,
cell_1062,0.6647713,,,
cell_1063,0.65224814,,,
cell_1064,0.63790077,,,
cell_1065,,,0.43547103,
cell_1066,0.6480121,,,
cell_1067,,,0.5014557,
cell_1068,0.6423632,,,
cell_1069,0.6984916,,,
cell_1070,,,,0.80397934
cell_1071,0.6557496,,,
cell_1072,0.49202982,,,
cell_1073,0.5336084,,,
cell_1074,0.68111163,,,
cell_1075,0.54866713,,,
cell_1076,,,0.54802775,
cell_1077,0.6687148,,,
cell_1078,,,0.40722346,
cell_1079,,0.11269388,,
cell_1080,,,0.46751422,
cell_1081,0.22887716,,,
cell_1082,,,,0.7868272
cell_1083,0.65765524,,,
cell_1084,0.6221799,,,
cell_1085,,,,0.81226236
cell_1086,,,0.5246957,
cell_1087,,0.041644413,,
cell_1088,,0.057725724,,
cell_1089,0.58218646,,,
cell_1090,0.5040052,,,
cell_1091,0.59249085,,,
cell_1092,0.4053175,,,
cell_1093,0.71477854,,,
cell_1094,0.635605,,,
cell_1095,0.5760348,,,
cell_1096,,,,0.8712518
cell_1097,0.7153815,,,
cell_1098,0.61724883,,,
cell_1099,0.57220125,,,
cell_1100,0.54886043,,,
cell_1101,,0.09033519,,
cell_1102,0.67645127,,,
cell_1103,,0.027928498,,
cell_1104,,,0.4476019,
cell_1105,0.6309984,,,
cell_1106,0.5510736,,,
cell_1107,,,,0.40904158
cell_1108,,0.18157947,,
cell_1109,,,,0.8437814
cell_1110,,,0.40573934,
cell_1111,,0.040094435,,
cell_1112,0.29535028,,,
cell_1113,,,0.4693611,
cell_1114,,,0.3375473,
cell_1115,0.66839474,,,
cell_1116,,0.16840352,,
cell_1117,0.5629172,,,
cell_1118,0.607419,,,
cell_1119,,,,0.96305376
cell_1120,,0.18660727,,
cell_1121,,0.06798964,,
cell_1122,,,0.4999253,
cell_1123,,0.054625925,,
cell_1124,,0.045798346,,
cell_1125,,0.11735088,,
cell_1126,,0.14596595,,
cell_1127,0.56595933,,,
cell_1128,,,0.45031953,
cell_1129,,,0.48071405,
cell_1130,,,0.4536081,
cell_1131,0.6996507,,,
cell_1132,0.66935647,,,
cell_1133,,,0.4409265,
cell_1134,0.46125555,,,
cell_1135,,,0.4832869,
cell_1136,,0.34651196,,
cell_1137,,,,0.4802433
cell_1138,,0.16749881,,
cell_1139,,,0.46710277,
cell_1140,0.51395243,,,
cell_1141,0.5599204,,,
cell_1142,0.68437207,,,
cell_1143,,,,0.5136175
cell_1144,,0.29905468,,
cell_1145,,0.16290192,,
cell_1146,,0.061401524,,
cell_1147,,,0.47634572,
cell_1148,,,0.4899666,
cell_1149,,,,0.7428147
cell_1150,,,0.49219945,
cell_1151,0.6104429,,,
cell_1152,,,,0.50357866
cell_1153,0.53546,,,
cell_1154,,0.18847159,,
cell_1155,,0.03970768,,
cell_1156,0.37434772,,,
cell_1157,,,0.48513156,
cell_1158,,0.043130446,,
cell_1159,,,0.52270055,
cell_1160,,,0.4581523,
cell_1161,0.6663101,,,
cell_1162,0.61714846,,,
cell_1163,,,,0.9048991
cell_1164,,0.07514909,,
cell_1165,,,0.42594638,
cell_1166,0.626337,,,
cell_1167,,0.025391143,,
cell_1168,,,0.41602328,
cell_1169,,0.03269353,,
cell_1170,,0.17434199,,
cell_1171,,,,0.84866166
cell_1172,0.5449756,,,
cell_1173,,,0.53536826,
cell_1174,,,0.46956447,
cell_1175,,,0.4299302,
cell_1176,,,0.45236164,
cell_1177,,0.19975267,,
cell_1178,,0.063257426,,
cell_1179,0.6800288,,,
cell_1180,,0.1698838,,
cell_1181,,,,0.6498325
cell_1182,,,,0.88174313
cell_1183,,,0.5119344,
cell_1184,,0.15742746,,
cell_1185,,0.09946436,,
cell_1186,,0.06274454,,
cell_1187,,,,0.83948755
cell_1188,,,,0.73791647
cell_1189,0.7006363,,,
cell_1190,,,0.49461442,
cell_1191,,0.30900317,,
cell_1192,0.67914927,,,
cell_1193,0.65314615,,,
cell_1194,,,0.46410385,
cell_1195,,,,0.6535341
cell_1196,,,0.45607352,
cell_1197,,,0.45203787,
cell_1198,0.54856354,,,
cell_1199,0.530981,,,
cell_1200,0.5917366,,,
cell_1201,,,0.4944445,
cell_1202,0.67523354,,,
cell_1203,,0.076940306,,
cell_1204,,,0.44309565,
cell_1205,,0.037130687,,
cell_1206,0.63679916,,,
cell_1207,,,0.48402077,
cell_1208,,0.19609177,,
cell_1209,0.35389557,,,
cell_1210,0.6799995,,,
cell_1211,,,0.5016753,
cell_1212,0.5554115,,,
cell_1213,0.40317792,,,
cell_1214,,0.19015056,,
cell_1215,,0.03421665,,
cell_1216,,,0.4744372,
cell_1217,0.46592394,,,
cell_1218,,,0.54409355,
cell_1219,,,0.506885,
cell_1220,,0.04052582,,
cell_1221,,,0.4798459,
cell_1222,0.47212982,,,
cell_1223,0.52987486,,,
cell_1224,0.6937065,,,
cell_1225,,0.25508776,,
cell_1226,0.7347606,,,
cell_1227,,0.06979083,,
cell_1228,0.6221364,,,
cell_1229,,0.06141252,,
cell_1230,,,,0.4629577
cell_1231,,0.018436184,,
cell_1232,,0.063173115,,
cell_1233,,,,0.45598137
cell_1234,0.35772717,,,
cell_1235,0.6589945,,,
cell_1236,,,0.478969,
cell_1237,0.6731132,,,
cell_1238,,,0.4599086,
cell_1239,,0.19190583,,
cell_1240,,0.04822168,,
cell_1241,0.64058965,,,
cell_1242,,,0.50286907,
cell_1243,,0.1263498,,
cell_1244,0.697242,,,
cell_1245,,0.17840488,,
cell_1246,,,0.5199038,
cell_1247,,0.16577083,,
cell_1248,,,,0.8563629
cell_1249,,0.17091663,,
cell_1250,0.64397025,,,
cell_1251,0.44871342,,,
cell_1252,0.7008721,,,
cell_1253,0.64515346,,,
cell_1254,,0.14936307,,
cell_1255,0.5769249,,,
cell_1256,0.6362033,,,
cell_1257,,0.05845113,,
cell_1258,,0.044105947,,
cell_1259,0.6866966,,,
cell_1260,,0.062211342,,
cell_1261,,0.18617013,,
cell_1262,,,0.41727343,
cell_1263,,,0.4355303,
cell_1264,,,0.43103358,
cell_1265,,,0.57731485,
cell_1266,,0.15057397,,
cell_1267,,,0.4833891,
cell_1268,0.5345862,,,
cell_1269,,,0.48308933,
cell_1270,,,0.4696003,
cell_1271,0.44457772,,,
cell_1272,0.6916446,,,
cell_1273,,0.05623038,,
cell_1274,0.5568257,,,
cell_1275,0.5933156,,,
cell_1276,,0.07577576,,
cell_1277,0.67990947,,,
cell_1278,,0.11742315,,
cell_1279,,0.060720902,,
cell_1280,,0.14364299,,
cell_1281,,0.18648916,,
cell_1282,,,0.34164038,
cell_1283,,,0.46984386,
cell_1284,0.6739039,,,
cell_1285,,0.049787164,,
cell_1286,0.6752134,,,
cell_1287,,0.056762528,,
cell_1288,,,,0.4020683
cell_1289,,0.07291934,,
cell_1290,,,0.43818668,
cell_1291,,0.039214242,,
cell_1292,,,0.47912002,
cell_1293,,0.073311426,,
cell_1294,,,,0.38135117
cell_1295,,,,0.48124245
cell_1296,,0.268912,,
cell_1297,0.36545685,,,
cell_1298,,,0.50711805,
cell_1299,,0.3243836,,
cell_1300,,,0.52238053,
cell_1301,0.64220345,,,
cell_1302,,,0.44909403,
cell_1303,0.5968727,,,
cell_1304,,,0.537319,
cell_1305,0.66556257,,,
cell_1306,0.6576124,,,
cell_1307,,,,0.82312673
cell_1308,0.69598836,,,
cell_1309,,0.09577323,,
cell_1310,,,0.43125778,
cell_1311,,0.05057323,,
cell_1312,,,0.5120037,
cell_1313,0.54232335,,,
cell_1314,0.6520794,,,
cell_1315,,,0.47177142,
cell_1316,,,0.43279853,
cell_1317,0.59727716,,,
cell_1318,,,,0.78155035
cell_1319,0.6977374,,,
cell_1320,0.54063386,,,
cell_1321,0.5972296,,,
cell_1322,0.66908175,,,
cell_1323,0.67280006,,,
cell_1324,0.32814547,,,
cell_1325,,,0.42465964,
cell_1326,,,0.51619095,
cell_1327,,,,0.91487956
cell_1328,,0.046788685,,
cell_1329,0.5678705,,,
cell_1330,0.654393,,,
cell_1331,0.67978436,,,
cell_1332,0.43077496,,,
cell_1333,,0.03931049,,
cell_1334,,0.17397842,,
cell_1335,,,,0.84385717
cell_1336,0.64005727,,,
cell_1337,,0.036995858,,
cell_1338,,,0.4475938,
cell_1339,,0.107530415,,
cell_1340,,0.094249606,,
cell_1341,,,0.45468682,
cell_1342,,,0.5226073,
cell_1343,,,0.5273404,
cell_1344,0.6778114,,,
cell_1345,,0.17198218,,
cell_1346,,0.1999545,,
cell_1347,0.57044566,,,
cell_1348,0.3699012,,,
cell_1349,0.6834916,,,
cell_1350,,0.121405706,,
cell_1351,,0.16584805,,
cell_1352,,0.09553727,,
cell_1353,0.5246851,,,
cell_1354,,,0.5057797,
cell_1355,0.6533712,,,
cell_1356,,,,0.82185614
cell_1357,0.6981835,,,
cell_1358,,0.06541323,,
cell_1359,,,,0.82142466
cell_1360,,0.05895897,,
cell_1361,,0.1494894,,
cell_1362,,0.1558323,,
cell_1363,0.69244033,,,
cell_1364,0.6421415,,,
cell_1365,0.39922345,,,
cell_1366,0.65886706,,,
cell_1367,,,0.47766346,
cell_1368,,,0.44150499,
cell_1369,,,0.4980173,
cell_1370,0.6499532,,,
cell_1371,,,,0.8666958
cell_1372,0.69262064,,,
cell_1373,0.71180254,,,
cell_1374,,,0.47650698,
cell_1375,,,0.4965863,
cell_1376,0.6810025,,,
cell_1377,,0.07991429,,
cell_1378,,,,0.4329561
cell_1379,0.7117596,,,
cell_1380,,0.14135838,,
cell_1381,,0.18438858,,
cell_1382,0.64736146,,,
cell_1383,,,0.48466876,
cell_1384,0.58219975,,,
cell_1385,,,0.4948153,
cell_1386,,0.104440786,,
cell_1387,0.7159886,,,
cell_1388,,,,0.89938617
cell_1389,,0.14705141,,
cell_1390,0.40881667,,,
cell_1391,0.5849983,,,
cell_1392,0.4466028,,,
cell_1393,,,0.32539135,
cell_1394,0.63211685,,,
cell_1395,0.66340625,,,
cell_1396,0.617443,,,
cell_1397,0.6961195,,,
cell_1398,0.41996258,,,
cell_1399,0.7239275,,,
cell_1400,0.6471548,,,
cell_1401,0.6673323,,,
cell_1402,,,0.4715286,
cell_1403,,,0.38006353,
cell_1404,,0.24640848,,
cell_1405,0.5324203,,,
cell_1406,,0.05227026,,
cell_1407,,0.07674692,,
cell_1408,0.6651666,,,
cell_1409,,,0.46314362,
cell_1410,,,,0.6346297
cell_1411,0.64905655,,,
cell_1412,0.23251171,,,
cell_1413,0.6550689,,,
cell_1414,,0.04745955,,
cell_1415,0.7243018,,,
cell_1416,0.63328063,,,
cell_1417,,0.046666745,,
cell_1418,0.37004015,,,
cell_1419,,0.060323115,,
cell_1420,,,,0.6486387
cell_1421,,,0.55083466,
cell_1422,0.65019304,,,
cell_1423,,,0.45954993,
cell_1424,,0.027993381,,
cell_1425,,,0.33717015,
cell_1426,0.58493316,,,
cell_1427,0.45008633,,,
cell_1428,0.6981391,,,
cell_1429,,0.031898882,,
cell_1430,,0.038018987,,
cell_1431,,,,0.82382554
cell_1432,0.6622306,,,
cell_1433,,,0.501982,
cell_1434,,0.03273648,,
cell_1435,0.621048,,,
cell_1436,0.44276127,,,
cell_1437,,,,0.451392
cell_1438,0.6482427,,,
cell_1439,,,,0.5798517
cell_1440,,0.0922328,,
cell_1441,0.6306901,,,
cell_1442,0.46605182,,,
cell_1443,,,,0.9435431
cell_1444,,0.11622734,,
cell_1445,0.6726476,,,
cell_1446,0.60790384,,,
cell_1447,0.6559759,,,
cell_1448,0.5691379,,,
cell_1449,,0.18759969,,
cell_1450,,,,0.3983993
cell_1451,0.64372104,,,
cell_1452,0.71074486,,,
cell_1453,,0.1713775,,
cell_1454,,,0.39212856,
cell_1455,0.6356802,,,
cell_1456,0.42987496,,,
cell_1457,0.69128156,,,
cell_1458,,,,0.75882435
cell_1459,0.6339236,,,
cell_1460,,,0.48133323,
cell_1461,0.55046606,,,
cell_1462,,,0.39907587,
cell_1463,,0.101972975,,
cell_1464,0.3845866,,,
cell_1465,0.5415098,,,
cell_1466,,0.18973935,,
cell_1467,0.652447,,,
cell_1468,,,0.44641358,
cell_1469,,0.042969923,,
cell_1470,0.5649684,,,
cell_1471,0.66789806,,,
cell_1472,,0.10203237,,
cell_1473,0.54713076,,,
cell_1474,0.67603415,,,
cell_1475,,0.058296748,,
cell_1476,0.6387881,,,
cell_1477,0.53725195,,,
cell_1478,0.6901995,,,
cell_1479,,,,0.6732502
cell_1480,0.69824046,,,
cell_1481,0.6249289,,,
cell_1482,0.6211273,,,
cell_1483,0.30493414,,,
cell_1484,0.6353735,,,
cell_1485,,,0.5251781,
cell_1486,0.33855012,,,
cell_1487,,0.2243956,,
cell_1488,,,0.45852754,
cell_1489,,,,0.4023912
cell_1490,0.6931628,,,
cell_1491,,0.08920037,,
cell_1492,,,,0.4387093
cell_1493,0.66998285,,,
cell_1494,,,0.44597965,
cell_1495,,,0.53100455,
cell_1496,,0.038224455,,
cell_1497,0.34757447,,,
cell_1498,0.64494777,,,
cell_1499,0.67022324,,,
cell_1500,,,0.43305364,
cell_1501,0.6760396,,,
cell_1502,0.40579528,,,
cell_1503,0.5632713,,,
cell_1504,,0.07290258,,
cell_1505,0.5989222,,,
cell_1506,0.6552341,,,
cell_1507,,0.027930064,,
cell_1508,0.5700525,,,
cell_1509,,0.26230797,,
cell_1510,,0.030590298,,
cell_1511,,0.087739445,,
cell_1512,,,0.44846743,
cell_1513,,0.12635025,,
cell_1514,0.5288663,,,
cell_1515,0.52766645,,,
cell_1516,,,,0.848562
cell_1517,0.6373335,,,
cell_1518,0.3981034,,,
cell_1519,0.59647113,,,
cell_1520,,,,0.8450492
cell_1521,0.7125341,,,
cell_1522,0.3671026,,,
cell_1523,0.69347817,,,
cell_1524,,0.17930336,,
cell_1525,,,,0.45981935
cell_1526,,0.060072444,,
cell_1527,,,0.42614722,
cell_1528,0.7161151,,,
cell_1529,0.6863937,,,
cell_1530,0.67475176,,,
cell_1531,,0.03833007,,
cell_1532,,0.051731102,,
cell_1533,,,0.4669934,
cell_1534,,,,0.78167874
cell_1535,0.6716239,,,
cell_1536,,,0.52277,
cell_1537,,,0.4270838,
cell_1538,,0.062815264,,
cell_1539,,0.19145313,,
cell_1540,,0.14814971,,
cell_1541,0.5742307,,,
cell_1542,,0.15102313,,
cell_1543,,,,0.3781986
cell_1544,0.64106786,,,
cell_1545,0.6124663,,,
cell_1546,,0.061105084,,
cell_1547,0.65692616,,,
cell_1548,,,0.4377816,
cell_1549,0.61217254,,,
cell_1550,0.5406815,,,
cell_1551,,0.085163064,,
cell_1552,0.67169905,,,
cell_1553,,,0.47731063,
cell_1554,,,0.5022384,
cell_1555,,0.027840672,,
cell_1556,,,,0.6943812
cell_1557,,,0.4300866,
cell_1558,0.46446574,,,
cell_1559,,0.09301531,,
cell_1560,0.6483609,,,
cell_1561,,0.10108895,,
cell_1562,0.36679742,,,
cell_1563,0.6633564,,,
cell_1564,,0.1685832,,
cell_1565,0.47932678,,,
cell_1566,,,0.52891135,
cell_1567,,,0.5576935,
cell_1568,,,0.51708484,
cell_1569,,,0.524222,
cell_1570,0.70241266,,,
cell_1571,0.52760047,,,
cell_1572,0.6619232,,,
cell_1573,0.6140722,,,
cell_1574,0.53616786,,,
cell_1575,,0.018352894,,
cell_1576,0.5680345,,,
cell_1577,0.49982423,,,
cell_1578,,,0.48168358,
cell_1579,,0.16636279,,
cell_1580,,,0.49187717,
cell_1581,0.57592386,,,
cell_1582,,,,0.62321097
cell_1583,0.48025668,,,
cell_1584,,,0.45148838,
cell_1585,,,,0.8256534
cell_1586,0.44142166,,,
cell_1587,0.56649,,,
cell_1588,0.73912215,,,
cell_1589,,0.029836684,,
cell_1590,0.59792274,,,
cell_1591,,,0.45475763,
cell_1592,,,0.5488526,
cell_1593,,0.1535788,,
cell_1594,,0.042195775,,
cell_1595,,,0.51653343,
cell_1596,0.4224783,,,
cell_1597,,,0.4363807,
cell_1598,,0.033308987,,
cell_1599,,0.08885969,,
cell_1600,,0.04628629,,
cell_1601,0.38653946,,,
cell_1602,0.6720443,,,
cell_1603,,0.0385439,,
cell_1604,,0.051323943,,
cell_1605,,0.19296762,,
cell_1606,,,0.45673844,
cell_1607,0.6093122,,,
cell_1608,,0.15757205,,
cell_1609,0.5352448,,,
cell_1610,,0.12901664,,
cell_1611,0.62972856,,,
cell_1612,,,0.44890565,
cell_1613,0.7243699,,,
cell_1614,,0.13542314,,
cell_1615,,,0.56048065,
cell_1616,,,,0.89999163
cell_1617,,,0.4790023,
cell_1618,,0.036833186,,
cell_1619,0.7048608,,,
cell_1620,,0.035433955,,
cell_1621,,,,0.9032612
cell_1622,0.5872184,,,
cell_1623,0.63322663,,,
cell_1624,0.67981213,,,
cell_1625,,,0.47024718,
cell_1626,,0.08488692,,
cell_1627,,0.27517325,,
cell_1628,0.6847726,,,
cell_1629,,0.0764247,,
cell_1630,,,,0.6022954
cell_1631,,,0.47225705,
cell_1632,,0.18529549,,
cell_1633,,,0.49517912,
cell_1634,0.6220233,,,
cell_1635,,0.17782144,,
cell_1636,,,,0.8775418
cell_1637,,0.07169429,,
cell_1638,0.62531203,,,
cell_1639,0.52027947,,,
cell_1640,,,,0.7625538
cell_1641,,,0.55149364,
cell_1642,,,0.40832177,
cell_1643,0.6110743,,,
cell_1644,,,,0.4222882
cell_1645,,,0.4830585,
cell_1646,,0.1708474,,
cell_1647,0.6292732,,,
cell_1648,,,,0.7811623
cell_1649,,0.036590494,,
cell_1650,,,0.4597932,
cell_1651,,0.19369042,,
cell_1652,,0.041460738,,
cell_1653,,0.08900818,,
cell_1654,,,0.49571,
cell_1655,,,0.45501098,
cell_1656,0.6983154,,,
cell_1657,0.51757646,,,
cell_1658,,,0.4518438,
cell_1659,,,0.45240065,
cell_1660,0.68043363,,,
cell_1661,,,0.32683718,
cell_1662,0.668391,,,
cell_1663,,0.19052164,,
cell_1664,0.6928685,,,
cell_1665,,,0.45325872,
cell_1666,0.70549923,,,
cell_1667,,,,0.9127869
cell_1668,,,0.4721519,
cell_1669,,,0.4384777,
cell_1670,,0.18953037,,
cell_1671,0.6667991,,,
cell_1672,,0.15994678,,
cell_1673,0.5948987,,,
cell_1674,0.3850913,,,
cell_1675,,0.092223644,,
cell_1676,0.6361698,,,
cell_1677,,,0.5519937,
cell_1678,0.6763344,,,
cell_1679,0.71573097,,,
cell_1680,,0.055529214,,
cell_1681,,,0.32993594,
cell_1682,0.43816933,,,
cell_1683,0.27185866,,,
cell_1684,0.66870314,,,
cell_1685,0.62498367,,,
cell_1686,,0.047435116,,
cell_1687,,,0.44666937,
cell_1688,0.60930675,,,
cell_1689,0.6588518,,,
cell_1690,0.65394336,,,
cell_1691,,,0.48675108,
cell_1692,0.22485226,,,
cell_1693,,0.18620089,,
cell_1694,,0.12540604,,
cell_1695,0.5565449,,,
cell_1696,,,,0.4933665
cell_1697,0.6861704,,,
cell_1698,0.6655805,,,
cell_1699,0.4280635,,,
cell_1700,,0.1677705,,
cell_1701,0.38292935,,,
cell_1702,0.6986354,,,
cell_1703,,0.18331528,,
cell_1704,,,0.49027377,
cell_1705,,0.2437098,,
cell_1706,0.686914,,,
cell_1707,0.7070677,,,
cell_1708,,0.17050362,,
cell_1709,,0.04346413,,
cell_1710,,,,0.9151751
cell_1711,0.6531993,,,
cell_1712,,,,0.64063674
cell_1713,0.40055507,,,
cell_1714,,0.037720095,,
cell_1715,,,0.5182632,
cell_1716,0.62521505,,,
cell_1717,0.6327254,,,
cell_1718,0.70434093,,,
cell_1719,,,0.46606657,
cell_1720,,,,0.43501544
cell_1721,,0.032544896,,
cell_1722,0.677193,,,
cell_1723,0.61566997,,,
cell_1724,,0.16411065,,
cell_1725,0.5925842,,,
cell_1726,0.39018115,,,
cell_1727,0.48471102,,,
cell_1728,0.6264028,,,
cell_1729,0.6555148,,,
cell_1730,,,0.47386715,
cell_1731,,0.25190333,,
cell_1732,,,0.5988112,
cell_1733,,,0.4267048,
cell_1734,,0.13438436,,
cell_1735,0.684124,,,
cell_1736,0.63852465,,,
cell_1737,0.6315206,,,
cell_1738,0.568804,,,
cell_1739,,,,0.84742826
cell_1740,,0.10613568,,
cell_1741,0.4003373,,,
cell_1742,,,0.45231882,
cell_1743,,,0.51338917,
cell_1744,,,,0.5383683
cell_1745,,,,0.47904322
cell_1746,,0.08163543,,
cell_1747,0.51044446,,,
cell_1748,0.6534528,,,
cell_1749,0.65767497,,,
cell_1750,0.6541594,,,
cell_1751,,,,0.68851227
cell_1752,,,0.45563585,
cell_1753,0.57248104,,,
cell_1754,0.6625894,,,
cell_1755,0.329475,,,
cell_1756,,,0.4227266,
cell_1757,0.3431702,,,
cell_1758,0.4349289,,,
cell_1759,,,,0.8964883
cell_1760,,0.144488,,
cell_1761,0.5383501,,,
cell_1762,,0.14948292,,
cell_1763,,0.04897957,,
cell_1764,0.6558021,,,
cell_1765,,0.14065431,,
cell_1766,0.6378148,,,
cell_1767,,0.16529682,,
cell_1768,,,0.48785007,
cell_1769,,0.18175611,,
cell_1770,,,,0.46356532
cell_1771,0.64093083,,,
cell_1772,,,0.5485645,
cell_1773,,,0.49500707,
cell_1774,,,0.43676963,
cell_1775,,,0.4581339,
cell_1776,0.640312,,,
cell_1777,0.22491348,,,
cell_1778,0.6594505,,,
cell_1779,0.6684241,,,
cell_1780,0.63389254,,,
cell_1781,,0.15463449,,
cell_1782,,0.051004473,,
cell_1783,0.68339324,,,
cell_1784,0.45426705,,,
cell_1785,,,0.47885123,
cell_1786,0.5356598,,,
cell_1787,,0.04691117,,
cell_1788,0.3762929,,,
cell_1789,0.5643022,,,
cell_1790,0.6250917,,,
cell_1791,0.70537555,,,
cell_1792,0.60601544,,,
cell_1793,0.6604582,,,
cell_1794,,0.09829494,,
cell_1795,,0.038224485,,
cell_1796,0.6926017,,,
cell_1797,0.654974,,,
cell_1798,,,,0.81272596
cell_1799,0.6588194,,,
cell_1800,0.6316346,,,
cell_1801,,0.085985065,,
cell_1802,,,0.45396927,
cell_1803,,,,0.66770524
cell_1804,,,0.4700833,
cell_1805,,0.12854137,,
cell_1806,0.3205532,,,
cell_1807,0.6856302,,,
cell_1808,,0.16378196,,
cell_1809,,,0.52781665,
cell_1810,,0.1306028,,
cell_1811,0.5466306,,,
cell_1812,,,0.38565555,
cell_1813,,0.22429691,,
cell_1814,0.731643,,,
cell_1815,,,0.48053005,
cell_1816,0.6089218,,,
cell_1817,,0.05134602,,
cell_1818,,,,0.653388
cell_1819,0.47292423,,,
cell_1820,0.4177677,,,
cell_1821,0.6747063,,,
cell_1822,,,0.47950837,
cell_1823,,0.048651274,,
cell_1824,0.65766376,,,
cell_1825,0.6594061,,,
cell_1826,0.71955067,,,
cell_1827,,,0.55440605,
cell_1828,,0.1877107,,
cell_1829,0.37449166,,,
cell_1830,0.69084054,,,
cell_1831,,,,0.6323526
cell_1832,0.36857477,,,
cell_1833,,,0.5097203,
cell_1834,0.5358303,,,
cell_1835,0.61349195,,,
cell_1836,,0.18775487,,
cell_1837,,,,0.43044412
cell_1838,0.6626119,,,
cell_1839,,0.14713134,,
cell_1840,,0.017556675,,
cell_1841,0.42018604,,,
cell_1842,,0.16889362,,
cell_1843,0.715746,,,
cell_1844,,0.16458087,,
cell_1845,0.6416902,,,
cell_1846,,,,0.76985633
cell_1847,,,0.4727679,
cell_1848,0.49203306,,,
cell_1849,0.4233801,,,
cell_1850,,,,0.67697793
cell_1851,0.65105,,,
cell_1852,,0.19027306,,
cell_1853,0.64868504,,,
cell_1854,,0.04944269,,
cell_1855,,0.089006424,,
cell_1856,0.65870744,,,
cell_1857,0.38999304,,,
cell_1858,0.66723883,,,
cell_1859,,,0.4836393,
cell_1860,0.5690914,,,
cell_1861,,0.12588039,,
cell_1862,,,0.4705758,
cell_1863,0.38024327,,,
cell_1864,,,0.49957544,
cell_1865,,0.021900618,,
cell_1866,,0.19161406,,
cell_1867,,,,0.8163148
cell_1868,0.44037098,,,
cell_1869,,,,0.81523323
cell_1870,,,0.4469777,
cell_1871,,,0.46857962,
cell_1872,,,0.46914873,
cell_1873,,0.06581519,,
cell_1874,,0.17285962,,
cell_1875,,,0.4348801,
cell_1876,,0.13211657,,
cell_1877,,,,0.7553683
cell_1878,,0.15385233,,
cell_1879,,,0.44957,
cell_1880,0.40114617,,,
cell_1881,0.65154123,,,
cell_1882,,0.17762132,,
cell_1883,,0.06843207,,
cell_1884,0.49102563,,,
cell_1885,,,,0.94540614
cell_1886,,0.17183691,,
cell_1887,0.70273095,,,
cell_1888,,,,0.79768896
cell_1889,0.4654172,,,
cell_1890,,,0.37819606,
cell_1891,,0.16405368,,
cell_1892,0.69047457,,,
cell_1893,,,0.46221337,
cell_1894,,,0.47494552,
cell_1895,,0.11773676,,
cell_1896,0.6538771,,,
cell_1897,0.6902922,,,
cell_1898,,0.08462284,,
cell_1899,,,,0.7413952
cell_1900,,,0.44075862,
cell_1901,,0.045343723,,
cell_1902,0.52411515,,,
cell_1903,0.580676,,,
cell_1904,0.47244772,,,
cell_1905,,0.027728805,,
cell_1906,0.631664,,,
cell_1907,,,,0.89059544
cell_1908,,,0.4555458,
cell_1909,,0.16713096,,
cell_1910,,,,0.52015334
cell_1911,0.51950955,,,
cell_1912,0.67783046,,,
cell_1913,0.6083302,,,
cell_1914,,,0.5120583,
cell_1915,0.39095715,,,
cell_1916,0.6714322,,,
cell_1917,0.6427243,,,
cell_1918,,0.072388,,
cell_1919,0.4555405,,,
cell_1920,0.5591185,,,
cell_1921,,,0.43786055,
cell_1922,0.6169554,,,
cell_1923,,0.044591144,,
cell_1924,,0.17578569,,
cell_1925,0.48592997,,,
cell_1926,,0.15902022,,
cell_1927,,0.15916707,,
cell_1928,0.7166824,,,
cell_1929,,,,0.40409282
cell_1930,,0.050663717,,
cell_1931,,0.067211606,,
cell_1932,0.7048484,,,
cell_1933,,,0.44613633,
cell_1934,0.61870223,,,
cell_1935,0.21130453,,,
cell_1936,0.38607305,,,
cell_1937,,,,0.88606423
cell_1938,0.64686036,,,
cell_1939,,0.15609466,,
cell_1940,,0.03650563,,
cell_1941,,0.07492873,,
cell_1942,,,,0.82771546
cell_1943,,,0.4427875,
cell_1944,,,0.49329653,
cell_1945,0.48930055,,,
cell_1946,,,0.41047442,
cell_1947,,,0.41481277,
cell_1948,,0.06887703,,
cell_1949,,0.04279052,,
cell_1950,0.6861808,,,
cell_1951,,0.03310071,,
cell_1952,0.66746265,,,
cell_1953,,,0.47437033,
cell_1954,,0.15636142,,
cell_1955,,,0.47620028,
cell_1956,0.5382433,,,
cell_1957,0.65977824,,,
cell_1958,0.6643529,,,
cell_1959,0.5040912,,,
cell_1960,0.6642435,,,
cell_1961,0.6999601,,,
cell_1962,,,,0.41179422
cell_1963,,,,0.46325132
cell_1964,,,0.4318218,
cell_1965,,0.12936406,,
cell_1966,,,0.500563,
cell_1967,,,0.5631024,
cell_1968,,,0.543383,
cell_1969,0.5501698,,,
cell_1970,,0.06668885,,
cell_1971,0.6103272,,,
cell_1972,0.6243499,,,
cell_1973,0.5244561,,,
cell_1974,,0.050319437,,
cell_1975,0.65104806,,,
cell_1976,,,0.47042486,
cell_1977,,,0.50798255,
cell_1978,,,,0.7969434
cell_1979,0.51944035,,,
cell_1980,0.6453572,,,
cell_1981,,,0.35126182,
cell_1982,,,0.44768104,
cell_1983,,0.12324667,,
cell_1984,0.68648994,,,
cell_1985,,0.18517138,,
cell_1986,,0.101193585,,
cell_1987,,,0.46294257,
cell_1988,,,0.489846,
cell_1989,,,0.5008999,
cell_1990,0.5214462,,,
cell_1991,0.39728257,,,
cell_1992,0.70029867,,,
cell_1993,,,0.4408665,
cell_1994,,0.18634905,,
cell_1995,,0.14593926,,
cell_1996,0.6491852,,,
cell_1997,,0.09142994,,
cell_1998,,,,0.742328
cell_1999,0.6935558,,,
